
 /----------------------------------------------------------------------------\
 |                                                                            |
 |  yosys -- Yosys Open SYnthesis Suite                                       |
 |                                                                            |
 |  Copyright (C) 2012 - 2020  Claire Xenia Wolf <claire@yosyshq.com>         |
 |                                                                            |
 |  Permission to use, copy, modify, and/or distribute this software for any  |
 |  purpose with or without fee is hereby granted, provided that the above    |
 |  copyright notice and this permission notice appear in all copies.         |
 |                                                                            |
 |  THE SOFTWARE IS PROVIDED "AS IS" AND THE AUTHOR DISCLAIMS ALL WARRANTIES  |
 |  WITH REGARD TO THIS SOFTWARE INCLUDING ALL IMPLIED WARRANTIES OF          |
 |  MERCHANTABILITY AND FITNESS. IN NO EVENT SHALL THE AUTHOR BE LIABLE FOR   |
 |  ANY SPECIAL, DIRECT, INDIRECT, OR CONSEQUENTIAL DAMAGES OR ANY DAMAGES    |
 |  WHATSOEVER RESULTING FROM LOSS OF USE, DATA OR PROFITS, WHETHER IN AN     |
 |  ACTION OF CONTRACT, NEGLIGENCE OR OTHER TORTIOUS ACTION, ARISING OUT OF   |
 |  OR IN CONNECTION WITH THE USE OR PERFORMANCE OF THIS SOFTWARE.            |
 |                                                                            |
 \----------------------------------------------------------------------------/

 Yosys 0.33 (git sha1 2584903a060)


-- Running command `read_verilog -sv rtl/ssc/snapshot_epoch_ssc.sv; synth -top snapshot_epoch_ssc; stat' --

1. Executing Verilog-2005 frontend: rtl/ssc/snapshot_epoch_ssc.sv
Parsing SystemVerilog input from `rtl/ssc/snapshot_epoch_ssc.sv' to AST representation.
Generating RTLIL representation for module `\snapshot_epoch_ssc'.
Warning: Replacing memory \stored_node_id with list of registers. See rtl/ssc/snapshot_epoch_ssc.sv:156, rtl/ssc/snapshot_epoch_ssc.sv:125
Warning: Replacing memory \stored_payload_q32 with list of registers. See rtl/ssc/snapshot_epoch_ssc.sv:155, rtl/ssc/snapshot_epoch_ssc.sv:124
Warning: Replacing memory \stored_source_chiplet_id with list of registers. See rtl/ssc/snapshot_epoch_ssc.sv:154, rtl/ssc/snapshot_epoch_ssc.sv:123
Warning: Replacing memory \stored_sequence_id with list of registers. See rtl/ssc/snapshot_epoch_ssc.sv:153, rtl/ssc/snapshot_epoch_ssc.sv:122
Warning: Replacing memory \stored_enterprise_type with list of registers. See rtl/ssc/snapshot_epoch_ssc.sv:152, rtl/ssc/snapshot_epoch_ssc.sv:121
Warning: Replacing memory \stored_structural_dim with list of registers. See rtl/ssc/snapshot_epoch_ssc.sv:151, rtl/ssc/snapshot_epoch_ssc.sv:120
Successfully finished Verilog frontend.

2. Executing SYNTH pass.

2.1. Executing HIERARCHY pass (managing design hierarchy).

2.1.1. Analyzing design hierarchy..
Top module:  \snapshot_epoch_ssc

2.1.2. Analyzing design hierarchy..
Top module:  \snapshot_epoch_ssc
Removed 0 unused modules.

2.2. Executing PROC pass (convert processes to netlists).

2.2.1. Executing PROC_CLEAN pass (remove empty switches from decision trees).
Found and cleaned up 6 empty switches in `\snapshot_epoch_ssc.$proc$rtl/ssc/snapshot_epoch_ssc.sv:92$75'.
Cleaned up 6 empty switches.

2.2.2. Executing PROC_RMDEAD pass (remove dead branches from decision trees).
Marked 127 switch rules as full_case in process $proc$rtl/ssc/snapshot_epoch_ssc.sv:92$75 in module snapshot_epoch_ssc.
Removed 6 dead cases from process $proc$rtl/ssc/snapshot_epoch_ssc.sv:0$44 in module snapshot_epoch_ssc.
Marked 7 switch rules as full_case in process $proc$rtl/ssc/snapshot_epoch_ssc.sv:0$44 in module snapshot_epoch_ssc.
Removed a total of 6 dead cases.

2.2.3. Executing PROC_PRUNE pass (remove redundant assignments in processes).
Removed 0 redundant assignments.
Promoted 340 assignments to connections.

2.2.4. Executing PROC_INIT pass (extract init attributes).

2.2.5. Executing PROC_ARST pass (detect async resets in processes).
Found async reset \reset_n in `\snapshot_epoch_ssc.$proc$rtl/ssc/snapshot_epoch_ssc.sv:92$75'.

2.2.6. Executing PROC_ROM pass (convert switches to ROMs).
Converted 0 switches.
<suppressed ~134 debug messages>

2.2.7. Executing PROC_MUX pass (convert decision trees to multiplexers).
Creating decoders for process `\snapshot_epoch_ssc.$proc$rtl/ssc/snapshot_epoch_ssc.sv:92$75'.
     1/1885: $17\stored_node_id[1][31:0]
     2/1885: $17\stored_payload_q32[1][63:0]
     3/1885: $17\stored_source_chiplet_id[1][31:0]
     4/1885: $17\stored_sequence_id[1][31:0]
     5/1885: $17\stored_enterprise_type[1][31:0]
     6/1885: $17\stored_structural_dim[1][31:0]
     7/1885: $11\stored_node_id[0][31:0]
     8/1885: $11\stored_payload_q32[0][63:0]
     9/1885: $11\stored_source_chiplet_id[0][31:0]
    10/1885: $11\stored_sequence_id[0][31:0]
    11/1885: $11\stored_enterprise_type[0][31:0]
    12/1885: $11\stored_structural_dim[0][31:0]
    13/1885: $32\swap_node_id[31:0]
    14/1885: $32\swap_payload_q32[63:0]
    15/1885: $32\swap_source_chiplet_id[31:0]
    16/1885: $32\swap_sequence_id[31:0]
    17/1885: $32\swap_enterprise_type[31:0]
    18/1885: $32\swap_structural_dim[31:0]
    19/1885: $7\key_less$func$rtl/ssc/snapshot_epoch_ssc.sv:136$31.$result[0:0]$1808
    20/1885: $6\key_less$func$rtl/ssc/snapshot_epoch_ssc.sv:136$31.$result[0:0]$1805
    21/1885: $5\key_less$func$rtl/ssc/snapshot_epoch_ssc.sv:136$31.$result[0:0]$1802
    22/1885: $15\stored_node_id[2][31:0]
    23/1885: $15\stored_payload_q32[2][63:0]
    24/1885: $15\stored_source_chiplet_id[2][31:0]
    25/1885: $15\stored_sequence_id[2][31:0]
    26/1885: $15\stored_enterprise_type[2][31:0]
    27/1885: $15\stored_structural_dim[2][31:0]
    28/1885: $16\stored_node_id[1][31:0]
    29/1885: $16\stored_payload_q32[1][63:0]
    30/1885: $16\stored_source_chiplet_id[1][31:0]
    31/1885: $16\stored_sequence_id[1][31:0]
    32/1885: $16\stored_enterprise_type[1][31:0]
    33/1885: $16\stored_structural_dim[1][31:0]
    34/1885: $31\swap_node_id[31:0]
    35/1885: $31\swap_payload_q32[63:0]
    36/1885: $31\swap_source_chiplet_id[31:0]
    37/1885: $31\swap_sequence_id[31:0]
    38/1885: $31\swap_enterprise_type[31:0]
    39/1885: $31\swap_structural_dim[31:0]
    40/1885: $7\key_less$func$rtl/ssc/snapshot_epoch_ssc.sv:136$30.$result[0:0]$1796
    41/1885: $6\key_less$func$rtl/ssc/snapshot_epoch_ssc.sv:136$30.$result[0:0]$1793
    42/1885: $5\key_less$func$rtl/ssc/snapshot_epoch_ssc.sv:136$30.$result[0:0]$1790
    43/1885: $15\stored_node_id[1][31:0]
    44/1885: $15\stored_payload_q32[1][63:0]
    45/1885: $15\stored_source_chiplet_id[1][31:0]
    46/1885: $15\stored_sequence_id[1][31:0]
    47/1885: $15\stored_enterprise_type[1][31:0]
    48/1885: $15\stored_structural_dim[1][31:0]
    49/1885: $10\stored_node_id[0][31:0]
    50/1885: $10\stored_payload_q32[0][63:0]
    51/1885: $10\stored_source_chiplet_id[0][31:0]
    52/1885: $10\stored_sequence_id[0][31:0]
    53/1885: $10\stored_enterprise_type[0][31:0]
    54/1885: $10\stored_structural_dim[0][31:0]
    55/1885: $30\swap_node_id[31:0]
    56/1885: $30\swap_payload_q32[63:0]
    57/1885: $30\swap_source_chiplet_id[31:0]
    58/1885: $30\swap_sequence_id[31:0]
    59/1885: $30\swap_enterprise_type[31:0]
    60/1885: $30\swap_structural_dim[31:0]
    61/1885: $7\key_less$func$rtl/ssc/snapshot_epoch_ssc.sv:136$29.$result[0:0]$1784
    62/1885: $6\key_less$func$rtl/ssc/snapshot_epoch_ssc.sv:136$29.$result[0:0]$1781
    63/1885: $5\key_less$func$rtl/ssc/snapshot_epoch_ssc.sv:136$29.$result[0:0]$1778
    64/1885: $13\stored_node_id[3][31:0]
    65/1885: $13\stored_payload_q32[3][63:0]
    66/1885: $13\stored_source_chiplet_id[3][31:0]
    67/1885: $13\stored_sequence_id[3][31:0]
    68/1885: $13\stored_enterprise_type[3][31:0]
    69/1885: $13\stored_structural_dim[3][31:0]
    70/1885: $14\stored_node_id[2][31:0]
    71/1885: $14\stored_payload_q32[2][63:0]
    72/1885: $14\stored_source_chiplet_id[2][31:0]
    73/1885: $14\stored_sequence_id[2][31:0]
    74/1885: $14\stored_enterprise_type[2][31:0]
    75/1885: $14\stored_structural_dim[2][31:0]
    76/1885: $29\swap_node_id[31:0]
    77/1885: $29\swap_payload_q32[63:0]
    78/1885: $29\swap_source_chiplet_id[31:0]
    79/1885: $29\swap_sequence_id[31:0]
    80/1885: $29\swap_enterprise_type[31:0]
    81/1885: $29\swap_structural_dim[31:0]
    82/1885: $7\key_less$func$rtl/ssc/snapshot_epoch_ssc.sv:136$28.$result[0:0]$1772
    83/1885: $6\key_less$func$rtl/ssc/snapshot_epoch_ssc.sv:136$28.$result[0:0]$1769
    84/1885: $5\key_less$func$rtl/ssc/snapshot_epoch_ssc.sv:136$28.$result[0:0]$1766
    85/1885: $13\stored_node_id[2][31:0]
    86/1885: $13\stored_payload_q32[2][63:0]
    87/1885: $13\stored_source_chiplet_id[2][31:0]
    88/1885: $13\stored_sequence_id[2][31:0]
    89/1885: $13\stored_enterprise_type[2][31:0]
    90/1885: $13\stored_structural_dim[2][31:0]
    91/1885: $14\stored_node_id[1][31:0]
    92/1885: $14\stored_payload_q32[1][63:0]
    93/1885: $14\stored_source_chiplet_id[1][31:0]
    94/1885: $14\stored_sequence_id[1][31:0]
    95/1885: $14\stored_enterprise_type[1][31:0]
    96/1885: $14\stored_structural_dim[1][31:0]
    97/1885: $28\swap_node_id[31:0]
    98/1885: $28\swap_payload_q32[63:0]
    99/1885: $28\swap_source_chiplet_id[31:0]
   100/1885: $28\swap_sequence_id[31:0]
   101/1885: $28\swap_enterprise_type[31:0]
   102/1885: $28\swap_structural_dim[31:0]
   103/1885: $7\key_less$func$rtl/ssc/snapshot_epoch_ssc.sv:136$27.$result[0:0]$1760
   104/1885: $6\key_less$func$rtl/ssc/snapshot_epoch_ssc.sv:136$27.$result[0:0]$1757
   105/1885: $5\key_less$func$rtl/ssc/snapshot_epoch_ssc.sv:136$27.$result[0:0]$1754
   106/1885: $13\stored_node_id[1][31:0]
   107/1885: $13\stored_payload_q32[1][63:0]
   108/1885: $13\stored_source_chiplet_id[1][31:0]
   109/1885: $13\stored_sequence_id[1][31:0]
   110/1885: $13\stored_enterprise_type[1][31:0]
   111/1885: $13\stored_structural_dim[1][31:0]
   112/1885: $9\stored_node_id[0][31:0]
   113/1885: $9\stored_payload_q32[0][63:0]
   114/1885: $9\stored_source_chiplet_id[0][31:0]
   115/1885: $9\stored_sequence_id[0][31:0]
   116/1885: $9\stored_enterprise_type[0][31:0]
   117/1885: $9\stored_structural_dim[0][31:0]
   118/1885: $27\swap_node_id[31:0]
   119/1885: $27\swap_payload_q32[63:0]
   120/1885: $27\swap_source_chiplet_id[31:0]
   121/1885: $27\swap_sequence_id[31:0]
   122/1885: $27\swap_enterprise_type[31:0]
   123/1885: $27\swap_structural_dim[31:0]
   124/1885: $7\key_less$func$rtl/ssc/snapshot_epoch_ssc.sv:136$26.$result[0:0]$1748
   125/1885: $6\key_less$func$rtl/ssc/snapshot_epoch_ssc.sv:136$26.$result[0:0]$1745
   126/1885: $5\key_less$func$rtl/ssc/snapshot_epoch_ssc.sv:136$26.$result[0:0]$1742
   127/1885: $11\stored_node_id[4][31:0]
   128/1885: $11\stored_payload_q32[4][63:0]
   129/1885: $11\stored_source_chiplet_id[4][31:0]
   130/1885: $11\stored_sequence_id[4][31:0]
   131/1885: $11\stored_enterprise_type[4][31:0]
   132/1885: $11\stored_structural_dim[4][31:0]
   133/1885: $12\stored_node_id[3][31:0]
   134/1885: $12\stored_payload_q32[3][63:0]
   135/1885: $12\stored_source_chiplet_id[3][31:0]
   136/1885: $12\stored_sequence_id[3][31:0]
   137/1885: $12\stored_enterprise_type[3][31:0]
   138/1885: $12\stored_structural_dim[3][31:0]
   139/1885: $26\swap_node_id[31:0]
   140/1885: $26\swap_payload_q32[63:0]
   141/1885: $26\swap_source_chiplet_id[31:0]
   142/1885: $26\swap_sequence_id[31:0]
   143/1885: $26\swap_enterprise_type[31:0]
   144/1885: $26\swap_structural_dim[31:0]
   145/1885: $7\key_less$func$rtl/ssc/snapshot_epoch_ssc.sv:136$25.$result[0:0]$1736
   146/1885: $6\key_less$func$rtl/ssc/snapshot_epoch_ssc.sv:136$25.$result[0:0]$1733
   147/1885: $5\key_less$func$rtl/ssc/snapshot_epoch_ssc.sv:136$25.$result[0:0]$1730
   148/1885: $11\stored_node_id[3][31:0]
   149/1885: $11\stored_payload_q32[3][63:0]
   150/1885: $11\stored_source_chiplet_id[3][31:0]
   151/1885: $11\stored_sequence_id[3][31:0]
   152/1885: $11\stored_enterprise_type[3][31:0]
   153/1885: $11\stored_structural_dim[3][31:0]
   154/1885: $12\stored_node_id[2][31:0]
   155/1885: $12\stored_payload_q32[2][63:0]
   156/1885: $12\stored_source_chiplet_id[2][31:0]
   157/1885: $12\stored_sequence_id[2][31:0]
   158/1885: $12\stored_enterprise_type[2][31:0]
   159/1885: $12\stored_structural_dim[2][31:0]
   160/1885: $25\swap_node_id[31:0]
   161/1885: $25\swap_payload_q32[63:0]
   162/1885: $25\swap_source_chiplet_id[31:0]
   163/1885: $25\swap_sequence_id[31:0]
   164/1885: $25\swap_enterprise_type[31:0]
   165/1885: $25\swap_structural_dim[31:0]
   166/1885: $7\key_less$func$rtl/ssc/snapshot_epoch_ssc.sv:136$24.$result[0:0]$1724
   167/1885: $6\key_less$func$rtl/ssc/snapshot_epoch_ssc.sv:136$24.$result[0:0]$1721
   168/1885: $5\key_less$func$rtl/ssc/snapshot_epoch_ssc.sv:136$24.$result[0:0]$1718
   169/1885: $11\stored_node_id[2][31:0]
   170/1885: $11\stored_payload_q32[2][63:0]
   171/1885: $11\stored_source_chiplet_id[2][31:0]
   172/1885: $11\stored_sequence_id[2][31:0]
   173/1885: $11\stored_enterprise_type[2][31:0]
   174/1885: $11\stored_structural_dim[2][31:0]
   175/1885: $12\stored_node_id[1][31:0]
   176/1885: $12\stored_payload_q32[1][63:0]
   177/1885: $12\stored_source_chiplet_id[1][31:0]
   178/1885: $12\stored_sequence_id[1][31:0]
   179/1885: $12\stored_enterprise_type[1][31:0]
   180/1885: $12\stored_structural_dim[1][31:0]
   181/1885: $24\swap_node_id[31:0]
   182/1885: $24\swap_payload_q32[63:0]
   183/1885: $24\swap_source_chiplet_id[31:0]
   184/1885: $24\swap_sequence_id[31:0]
   185/1885: $24\swap_enterprise_type[31:0]
   186/1885: $24\swap_structural_dim[31:0]
   187/1885: $7\key_less$func$rtl/ssc/snapshot_epoch_ssc.sv:136$23.$result[0:0]$1712
   188/1885: $6\key_less$func$rtl/ssc/snapshot_epoch_ssc.sv:136$23.$result[0:0]$1709
   189/1885: $5\key_less$func$rtl/ssc/snapshot_epoch_ssc.sv:136$23.$result[0:0]$1706
   190/1885: $11\stored_node_id[1][31:0]
   191/1885: $11\stored_payload_q32[1][63:0]
   192/1885: $11\stored_source_chiplet_id[1][31:0]
   193/1885: $11\stored_sequence_id[1][31:0]
   194/1885: $11\stored_enterprise_type[1][31:0]
   195/1885: $11\stored_structural_dim[1][31:0]
   196/1885: $8\stored_node_id[0][31:0]
   197/1885: $8\stored_payload_q32[0][63:0]
   198/1885: $8\stored_source_chiplet_id[0][31:0]
   199/1885: $8\stored_sequence_id[0][31:0]
   200/1885: $8\stored_enterprise_type[0][31:0]
   201/1885: $8\stored_structural_dim[0][31:0]
   202/1885: $23\swap_node_id[31:0]
   203/1885: $23\swap_payload_q32[63:0]
   204/1885: $23\swap_source_chiplet_id[31:0]
   205/1885: $23\swap_sequence_id[31:0]
   206/1885: $23\swap_enterprise_type[31:0]
   207/1885: $23\swap_structural_dim[31:0]
   208/1885: $7\key_less$func$rtl/ssc/snapshot_epoch_ssc.sv:136$22.$result[0:0]$1700
   209/1885: $6\key_less$func$rtl/ssc/snapshot_epoch_ssc.sv:136$22.$result[0:0]$1697
   210/1885: $5\key_less$func$rtl/ssc/snapshot_epoch_ssc.sv:136$22.$result[0:0]$1694
   211/1885: $9\stored_node_id[5][31:0]
   212/1885: $9\stored_payload_q32[5][63:0]
   213/1885: $9\stored_source_chiplet_id[5][31:0]
   214/1885: $9\stored_sequence_id[5][31:0]
   215/1885: $9\stored_enterprise_type[5][31:0]
   216/1885: $9\stored_structural_dim[5][31:0]
   217/1885: $10\stored_node_id[4][31:0]
   218/1885: $10\stored_payload_q32[4][63:0]
   219/1885: $10\stored_source_chiplet_id[4][31:0]
   220/1885: $10\stored_sequence_id[4][31:0]
   221/1885: $10\stored_enterprise_type[4][31:0]
   222/1885: $10\stored_structural_dim[4][31:0]
   223/1885: $22\swap_node_id[31:0]
   224/1885: $22\swap_payload_q32[63:0]
   225/1885: $22\swap_source_chiplet_id[31:0]
   226/1885: $22\swap_sequence_id[31:0]
   227/1885: $22\swap_enterprise_type[31:0]
   228/1885: $22\swap_structural_dim[31:0]
   229/1885: $7\key_less$func$rtl/ssc/snapshot_epoch_ssc.sv:136$21.$result[0:0]$1688
   230/1885: $6\key_less$func$rtl/ssc/snapshot_epoch_ssc.sv:136$21.$result[0:0]$1685
   231/1885: $5\key_less$func$rtl/ssc/snapshot_epoch_ssc.sv:136$21.$result[0:0]$1682
   232/1885: $9\stored_node_id[4][31:0]
   233/1885: $9\stored_payload_q32[4][63:0]
   234/1885: $9\stored_source_chiplet_id[4][31:0]
   235/1885: $9\stored_sequence_id[4][31:0]
   236/1885: $9\stored_enterprise_type[4][31:0]
   237/1885: $9\stored_structural_dim[4][31:0]
   238/1885: $10\stored_node_id[3][31:0]
   239/1885: $10\stored_payload_q32[3][63:0]
   240/1885: $10\stored_source_chiplet_id[3][31:0]
   241/1885: $10\stored_sequence_id[3][31:0]
   242/1885: $10\stored_enterprise_type[3][31:0]
   243/1885: $10\stored_structural_dim[3][31:0]
   244/1885: $21\swap_node_id[31:0]
   245/1885: $21\swap_payload_q32[63:0]
   246/1885: $21\swap_source_chiplet_id[31:0]
   247/1885: $21\swap_sequence_id[31:0]
   248/1885: $21\swap_enterprise_type[31:0]
   249/1885: $21\swap_structural_dim[31:0]
   250/1885: $7\key_less$func$rtl/ssc/snapshot_epoch_ssc.sv:136$20.$result[0:0]$1676
   251/1885: $6\key_less$func$rtl/ssc/snapshot_epoch_ssc.sv:136$20.$result[0:0]$1673
   252/1885: $5\key_less$func$rtl/ssc/snapshot_epoch_ssc.sv:136$20.$result[0:0]$1670
   253/1885: $9\stored_node_id[3][31:0]
   254/1885: $9\stored_payload_q32[3][63:0]
   255/1885: $9\stored_source_chiplet_id[3][31:0]
   256/1885: $9\stored_sequence_id[3][31:0]
   257/1885: $9\stored_enterprise_type[3][31:0]
   258/1885: $9\stored_structural_dim[3][31:0]
   259/1885: $10\stored_node_id[2][31:0]
   260/1885: $10\stored_payload_q32[2][63:0]
   261/1885: $10\stored_source_chiplet_id[2][31:0]
   262/1885: $10\stored_sequence_id[2][31:0]
   263/1885: $10\stored_enterprise_type[2][31:0]
   264/1885: $10\stored_structural_dim[2][31:0]
   265/1885: $20\swap_node_id[31:0]
   266/1885: $20\swap_payload_q32[63:0]
   267/1885: $20\swap_source_chiplet_id[31:0]
   268/1885: $20\swap_sequence_id[31:0]
   269/1885: $20\swap_enterprise_type[31:0]
   270/1885: $20\swap_structural_dim[31:0]
   271/1885: $7\key_less$func$rtl/ssc/snapshot_epoch_ssc.sv:136$19.$result[0:0]$1664
   272/1885: $6\key_less$func$rtl/ssc/snapshot_epoch_ssc.sv:136$19.$result[0:0]$1661
   273/1885: $5\key_less$func$rtl/ssc/snapshot_epoch_ssc.sv:136$19.$result[0:0]$1658
   274/1885: $9\stored_node_id[2][31:0]
   275/1885: $9\stored_payload_q32[2][63:0]
   276/1885: $9\stored_source_chiplet_id[2][31:0]
   277/1885: $9\stored_sequence_id[2][31:0]
   278/1885: $9\stored_enterprise_type[2][31:0]
   279/1885: $9\stored_structural_dim[2][31:0]
   280/1885: $10\stored_node_id[1][31:0]
   281/1885: $10\stored_payload_q32[1][63:0]
   282/1885: $10\stored_source_chiplet_id[1][31:0]
   283/1885: $10\stored_sequence_id[1][31:0]
   284/1885: $10\stored_enterprise_type[1][31:0]
   285/1885: $10\stored_structural_dim[1][31:0]
   286/1885: $19\swap_node_id[31:0]
   287/1885: $19\swap_payload_q32[63:0]
   288/1885: $19\swap_source_chiplet_id[31:0]
   289/1885: $19\swap_sequence_id[31:0]
   290/1885: $19\swap_enterprise_type[31:0]
   291/1885: $19\swap_structural_dim[31:0]
   292/1885: $7\key_less$func$rtl/ssc/snapshot_epoch_ssc.sv:136$18.$result[0:0]$1652
   293/1885: $6\key_less$func$rtl/ssc/snapshot_epoch_ssc.sv:136$18.$result[0:0]$1649
   294/1885: $5\key_less$func$rtl/ssc/snapshot_epoch_ssc.sv:136$18.$result[0:0]$1646
   295/1885: $9\stored_node_id[1][31:0]
   296/1885: $9\stored_payload_q32[1][63:0]
   297/1885: $9\stored_source_chiplet_id[1][31:0]
   298/1885: $9\stored_sequence_id[1][31:0]
   299/1885: $9\stored_enterprise_type[1][31:0]
   300/1885: $9\stored_structural_dim[1][31:0]
   301/1885: $7\stored_node_id[0][31:0]
   302/1885: $7\stored_payload_q32[0][63:0]
   303/1885: $7\stored_source_chiplet_id[0][31:0]
   304/1885: $7\stored_sequence_id[0][31:0]
   305/1885: $7\stored_enterprise_type[0][31:0]
   306/1885: $7\stored_structural_dim[0][31:0]
   307/1885: $18\swap_node_id[31:0]
   308/1885: $18\swap_payload_q32[63:0]
   309/1885: $18\swap_source_chiplet_id[31:0]
   310/1885: $18\swap_sequence_id[31:0]
   311/1885: $18\swap_enterprise_type[31:0]
   312/1885: $18\swap_structural_dim[31:0]
   313/1885: $7\key_less$func$rtl/ssc/snapshot_epoch_ssc.sv:136$17.$result[0:0]$1640
   314/1885: $6\key_less$func$rtl/ssc/snapshot_epoch_ssc.sv:136$17.$result[0:0]$1637
   315/1885: $5\key_less$func$rtl/ssc/snapshot_epoch_ssc.sv:136$17.$result[0:0]$1634
   316/1885: $7\stored_node_id[6][31:0]
   317/1885: $7\stored_payload_q32[6][63:0]
   318/1885: $7\stored_source_chiplet_id[6][31:0]
   319/1885: $7\stored_sequence_id[6][31:0]
   320/1885: $7\stored_enterprise_type[6][31:0]
   321/1885: $7\stored_structural_dim[6][31:0]
   322/1885: $8\stored_node_id[5][31:0]
   323/1885: $8\stored_payload_q32[5][63:0]
   324/1885: $8\stored_source_chiplet_id[5][31:0]
   325/1885: $8\stored_sequence_id[5][31:0]
   326/1885: $8\stored_enterprise_type[5][31:0]
   327/1885: $8\stored_structural_dim[5][31:0]
   328/1885: $17\swap_node_id[31:0]
   329/1885: $17\swap_payload_q32[63:0]
   330/1885: $17\swap_source_chiplet_id[31:0]
   331/1885: $17\swap_sequence_id[31:0]
   332/1885: $17\swap_enterprise_type[31:0]
   333/1885: $17\swap_structural_dim[31:0]
   334/1885: $7\key_less$func$rtl/ssc/snapshot_epoch_ssc.sv:136$16.$result[0:0]$1628
   335/1885: $6\key_less$func$rtl/ssc/snapshot_epoch_ssc.sv:136$16.$result[0:0]$1625
   336/1885: $5\key_less$func$rtl/ssc/snapshot_epoch_ssc.sv:136$16.$result[0:0]$1622
   337/1885: $7\stored_node_id[5][31:0]
   338/1885: $7\stored_payload_q32[5][63:0]
   339/1885: $7\stored_source_chiplet_id[5][31:0]
   340/1885: $7\stored_sequence_id[5][31:0]
   341/1885: $7\stored_enterprise_type[5][31:0]
   342/1885: $7\stored_structural_dim[5][31:0]
   343/1885: $8\stored_node_id[4][31:0]
   344/1885: $8\stored_payload_q32[4][63:0]
   345/1885: $8\stored_source_chiplet_id[4][31:0]
   346/1885: $8\stored_sequence_id[4][31:0]
   347/1885: $8\stored_enterprise_type[4][31:0]
   348/1885: $8\stored_structural_dim[4][31:0]
   349/1885: $16\swap_node_id[31:0]
   350/1885: $16\swap_payload_q32[63:0]
   351/1885: $16\swap_source_chiplet_id[31:0]
   352/1885: $16\swap_sequence_id[31:0]
   353/1885: $16\swap_enterprise_type[31:0]
   354/1885: $16\swap_structural_dim[31:0]
   355/1885: $7\key_less$func$rtl/ssc/snapshot_epoch_ssc.sv:136$15.$result[0:0]$1616
   356/1885: $6\key_less$func$rtl/ssc/snapshot_epoch_ssc.sv:136$15.$result[0:0]$1613
   357/1885: $5\key_less$func$rtl/ssc/snapshot_epoch_ssc.sv:136$15.$result[0:0]$1610
   358/1885: $7\stored_node_id[4][31:0]
   359/1885: $7\stored_payload_q32[4][63:0]
   360/1885: $7\stored_source_chiplet_id[4][31:0]
   361/1885: $7\stored_sequence_id[4][31:0]
   362/1885: $7\stored_enterprise_type[4][31:0]
   363/1885: $7\stored_structural_dim[4][31:0]
   364/1885: $8\stored_node_id[3][31:0]
   365/1885: $8\stored_payload_q32[3][63:0]
   366/1885: $8\stored_source_chiplet_id[3][31:0]
   367/1885: $8\stored_sequence_id[3][31:0]
   368/1885: $8\stored_enterprise_type[3][31:0]
   369/1885: $8\stored_structural_dim[3][31:0]
   370/1885: $15\swap_node_id[31:0]
   371/1885: $15\swap_payload_q32[63:0]
   372/1885: $15\swap_source_chiplet_id[31:0]
   373/1885: $15\swap_sequence_id[31:0]
   374/1885: $15\swap_enterprise_type[31:0]
   375/1885: $15\swap_structural_dim[31:0]
   376/1885: $7\key_less$func$rtl/ssc/snapshot_epoch_ssc.sv:136$14.$result[0:0]$1604
   377/1885: $6\key_less$func$rtl/ssc/snapshot_epoch_ssc.sv:136$14.$result[0:0]$1601
   378/1885: $5\key_less$func$rtl/ssc/snapshot_epoch_ssc.sv:136$14.$result[0:0]$1598
   379/1885: $7\stored_node_id[3][31:0]
   380/1885: $7\stored_payload_q32[3][63:0]
   381/1885: $7\stored_source_chiplet_id[3][31:0]
   382/1885: $7\stored_sequence_id[3][31:0]
   383/1885: $7\stored_enterprise_type[3][31:0]
   384/1885: $7\stored_structural_dim[3][31:0]
   385/1885: $8\stored_node_id[2][31:0]
   386/1885: $8\stored_payload_q32[2][63:0]
   387/1885: $8\stored_source_chiplet_id[2][31:0]
   388/1885: $8\stored_sequence_id[2][31:0]
   389/1885: $8\stored_enterprise_type[2][31:0]
   390/1885: $8\stored_structural_dim[2][31:0]
   391/1885: $14\swap_node_id[31:0]
   392/1885: $14\swap_payload_q32[63:0]
   393/1885: $14\swap_source_chiplet_id[31:0]
   394/1885: $14\swap_sequence_id[31:0]
   395/1885: $14\swap_enterprise_type[31:0]
   396/1885: $14\swap_structural_dim[31:0]
   397/1885: $7\key_less$func$rtl/ssc/snapshot_epoch_ssc.sv:136$13.$result[0:0]$1592
   398/1885: $6\key_less$func$rtl/ssc/snapshot_epoch_ssc.sv:136$13.$result[0:0]$1589
   399/1885: $5\key_less$func$rtl/ssc/snapshot_epoch_ssc.sv:136$13.$result[0:0]$1586
   400/1885: $7\stored_node_id[2][31:0]
   401/1885: $7\stored_payload_q32[2][63:0]
   402/1885: $7\stored_source_chiplet_id[2][31:0]
   403/1885: $7\stored_sequence_id[2][31:0]
   404/1885: $7\stored_enterprise_type[2][31:0]
   405/1885: $7\stored_structural_dim[2][31:0]
   406/1885: $8\stored_node_id[1][31:0]
   407/1885: $8\stored_payload_q32[1][63:0]
   408/1885: $8\stored_source_chiplet_id[1][31:0]
   409/1885: $8\stored_sequence_id[1][31:0]
   410/1885: $8\stored_enterprise_type[1][31:0]
   411/1885: $8\stored_structural_dim[1][31:0]
   412/1885: $13\swap_node_id[31:0]
   413/1885: $13\swap_payload_q32[63:0]
   414/1885: $13\swap_source_chiplet_id[31:0]
   415/1885: $13\swap_sequence_id[31:0]
   416/1885: $13\swap_enterprise_type[31:0]
   417/1885: $13\swap_structural_dim[31:0]
   418/1885: $7\key_less$func$rtl/ssc/snapshot_epoch_ssc.sv:136$12.$result[0:0]$1580
   419/1885: $6\key_less$func$rtl/ssc/snapshot_epoch_ssc.sv:136$12.$result[0:0]$1577
   420/1885: $5\key_less$func$rtl/ssc/snapshot_epoch_ssc.sv:136$12.$result[0:0]$1574
   421/1885: $7\stored_node_id[1][31:0]
   422/1885: $7\stored_payload_q32[1][63:0]
   423/1885: $7\stored_source_chiplet_id[1][31:0]
   424/1885: $7\stored_sequence_id[1][31:0]
   425/1885: $7\stored_enterprise_type[1][31:0]
   426/1885: $7\stored_structural_dim[1][31:0]
   427/1885: $6\stored_node_id[0][31:0]
   428/1885: $6\stored_payload_q32[0][63:0]
   429/1885: $6\stored_source_chiplet_id[0][31:0]
   430/1885: $6\stored_sequence_id[0][31:0]
   431/1885: $6\stored_enterprise_type[0][31:0]
   432/1885: $6\stored_structural_dim[0][31:0]
   433/1885: $12\swap_node_id[31:0]
   434/1885: $12\swap_payload_q32[63:0]
   435/1885: $12\swap_source_chiplet_id[31:0]
   436/1885: $12\swap_sequence_id[31:0]
   437/1885: $12\swap_enterprise_type[31:0]
   438/1885: $12\swap_structural_dim[31:0]
   439/1885: $7\key_less$func$rtl/ssc/snapshot_epoch_ssc.sv:136$11.$result[0:0]$1568
   440/1885: $6\key_less$func$rtl/ssc/snapshot_epoch_ssc.sv:136$11.$result[0:0]$1565
   441/1885: $5\key_less$func$rtl/ssc/snapshot_epoch_ssc.sv:136$11.$result[0:0]$1562
   442/1885: $5\stored_node_id[7][31:0]
   443/1885: $5\stored_payload_q32[7][63:0]
   444/1885: $5\stored_source_chiplet_id[7][31:0]
   445/1885: $5\stored_sequence_id[7][31:0]
   446/1885: $5\stored_enterprise_type[7][31:0]
   447/1885: $5\stored_structural_dim[7][31:0]
   448/1885: $6\stored_node_id[6][31:0]
   449/1885: $6\stored_payload_q32[6][63:0]
   450/1885: $6\stored_source_chiplet_id[6][31:0]
   451/1885: $6\stored_sequence_id[6][31:0]
   452/1885: $6\stored_enterprise_type[6][31:0]
   453/1885: $6\stored_structural_dim[6][31:0]
   454/1885: $11\swap_node_id[31:0]
   455/1885: $11\swap_payload_q32[63:0]
   456/1885: $11\swap_source_chiplet_id[31:0]
   457/1885: $11\swap_sequence_id[31:0]
   458/1885: $11\swap_enterprise_type[31:0]
   459/1885: $11\swap_structural_dim[31:0]
   460/1885: $7\key_less$func$rtl/ssc/snapshot_epoch_ssc.sv:136$10.$result[0:0]$1556
   461/1885: $6\key_less$func$rtl/ssc/snapshot_epoch_ssc.sv:136$10.$result[0:0]$1553
   462/1885: $5\key_less$func$rtl/ssc/snapshot_epoch_ssc.sv:136$10.$result[0:0]$1550
   463/1885: $5\stored_node_id[6][31:0]
   464/1885: $5\stored_payload_q32[6][63:0]
   465/1885: $5\stored_source_chiplet_id[6][31:0]
   466/1885: $5\stored_sequence_id[6][31:0]
   467/1885: $5\stored_enterprise_type[6][31:0]
   468/1885: $5\stored_structural_dim[6][31:0]
   469/1885: $6\stored_node_id[5][31:0]
   470/1885: $6\stored_payload_q32[5][63:0]
   471/1885: $6\stored_source_chiplet_id[5][31:0]
   472/1885: $6\stored_sequence_id[5][31:0]
   473/1885: $6\stored_enterprise_type[5][31:0]
   474/1885: $6\stored_structural_dim[5][31:0]
   475/1885: $10\swap_node_id[31:0]
   476/1885: $10\swap_payload_q32[63:0]
   477/1885: $10\swap_source_chiplet_id[31:0]
   478/1885: $10\swap_sequence_id[31:0]
   479/1885: $10\swap_enterprise_type[31:0]
   480/1885: $10\swap_structural_dim[31:0]
   481/1885: $7\key_less$func$rtl/ssc/snapshot_epoch_ssc.sv:136$9.$result[0:0]$1544
   482/1885: $6\key_less$func$rtl/ssc/snapshot_epoch_ssc.sv:136$9.$result[0:0]$1541
   483/1885: $5\key_less$func$rtl/ssc/snapshot_epoch_ssc.sv:136$9.$result[0:0]$1538
   484/1885: $5\stored_node_id[5][31:0]
   485/1885: $5\stored_payload_q32[5][63:0]
   486/1885: $5\stored_source_chiplet_id[5][31:0]
   487/1885: $5\stored_sequence_id[5][31:0]
   488/1885: $5\stored_enterprise_type[5][31:0]
   489/1885: $5\stored_structural_dim[5][31:0]
   490/1885: $6\stored_node_id[4][31:0]
   491/1885: $6\stored_payload_q32[4][63:0]
   492/1885: $6\stored_source_chiplet_id[4][31:0]
   493/1885: $6\stored_sequence_id[4][31:0]
   494/1885: $6\stored_enterprise_type[4][31:0]
   495/1885: $6\stored_structural_dim[4][31:0]
   496/1885: $9\swap_node_id[31:0]
   497/1885: $9\swap_payload_q32[63:0]
   498/1885: $9\swap_source_chiplet_id[31:0]
   499/1885: $9\swap_sequence_id[31:0]
   500/1885: $9\swap_enterprise_type[31:0]
   501/1885: $9\swap_structural_dim[31:0]
   502/1885: $7\key_less$func$rtl/ssc/snapshot_epoch_ssc.sv:136$8.$result[0:0]$1532
   503/1885: $6\key_less$func$rtl/ssc/snapshot_epoch_ssc.sv:136$8.$result[0:0]$1529
   504/1885: $5\key_less$func$rtl/ssc/snapshot_epoch_ssc.sv:136$8.$result[0:0]$1526
   505/1885: $5\stored_node_id[4][31:0]
   506/1885: $5\stored_payload_q32[4][63:0]
   507/1885: $5\stored_source_chiplet_id[4][31:0]
   508/1885: $5\stored_sequence_id[4][31:0]
   509/1885: $5\stored_enterprise_type[4][31:0]
   510/1885: $5\stored_structural_dim[4][31:0]
   511/1885: $6\stored_node_id[3][31:0]
   512/1885: $6\stored_payload_q32[3][63:0]
   513/1885: $6\stored_source_chiplet_id[3][31:0]
   514/1885: $6\stored_sequence_id[3][31:0]
   515/1885: $6\stored_enterprise_type[3][31:0]
   516/1885: $6\stored_structural_dim[3][31:0]
   517/1885: $8\swap_node_id[31:0]
   518/1885: $8\swap_payload_q32[63:0]
   519/1885: $8\swap_source_chiplet_id[31:0]
   520/1885: $8\swap_sequence_id[31:0]
   521/1885: $8\swap_enterprise_type[31:0]
   522/1885: $8\swap_structural_dim[31:0]
   523/1885: $7\key_less$func$rtl/ssc/snapshot_epoch_ssc.sv:136$7.$result[0:0]$1520
   524/1885: $6\key_less$func$rtl/ssc/snapshot_epoch_ssc.sv:136$7.$result[0:0]$1517
   525/1885: $5\key_less$func$rtl/ssc/snapshot_epoch_ssc.sv:136$7.$result[0:0]$1514
   526/1885: $5\stored_node_id[3][31:0]
   527/1885: $5\stored_payload_q32[3][63:0]
   528/1885: $5\stored_source_chiplet_id[3][31:0]
   529/1885: $5\stored_sequence_id[3][31:0]
   530/1885: $5\stored_enterprise_type[3][31:0]
   531/1885: $5\stored_structural_dim[3][31:0]
   532/1885: $6\stored_node_id[2][31:0]
   533/1885: $6\stored_payload_q32[2][63:0]
   534/1885: $6\stored_source_chiplet_id[2][31:0]
   535/1885: $6\stored_sequence_id[2][31:0]
   536/1885: $6\stored_enterprise_type[2][31:0]
   537/1885: $6\stored_structural_dim[2][31:0]
   538/1885: $7\swap_node_id[31:0]
   539/1885: $7\swap_payload_q32[63:0]
   540/1885: $7\swap_source_chiplet_id[31:0]
   541/1885: $7\swap_sequence_id[31:0]
   542/1885: $7\swap_enterprise_type[31:0]
   543/1885: $7\swap_structural_dim[31:0]
   544/1885: $7\key_less$func$rtl/ssc/snapshot_epoch_ssc.sv:136$6.$result[0:0]$1508
   545/1885: $6\key_less$func$rtl/ssc/snapshot_epoch_ssc.sv:136$6.$result[0:0]$1505
   546/1885: $5\key_less$func$rtl/ssc/snapshot_epoch_ssc.sv:136$6.$result[0:0]$1502
   547/1885: $5\stored_node_id[2][31:0]
   548/1885: $5\stored_payload_q32[2][63:0]
   549/1885: $5\stored_source_chiplet_id[2][31:0]
   550/1885: $5\stored_sequence_id[2][31:0]
   551/1885: $5\stored_enterprise_type[2][31:0]
   552/1885: $5\stored_structural_dim[2][31:0]
   553/1885: $6\stored_node_id[1][31:0]
   554/1885: $6\stored_payload_q32[1][63:0]
   555/1885: $6\stored_source_chiplet_id[1][31:0]
   556/1885: $6\stored_sequence_id[1][31:0]
   557/1885: $6\stored_enterprise_type[1][31:0]
   558/1885: $6\stored_structural_dim[1][31:0]
   559/1885: $6\swap_node_id[31:0]
   560/1885: $6\swap_payload_q32[63:0]
   561/1885: $6\swap_source_chiplet_id[31:0]
   562/1885: $6\swap_sequence_id[31:0]
   563/1885: $6\swap_enterprise_type[31:0]
   564/1885: $6\swap_structural_dim[31:0]
   565/1885: $7\key_less$func$rtl/ssc/snapshot_epoch_ssc.sv:136$5.$result[0:0]$1496
   566/1885: $6\key_less$func$rtl/ssc/snapshot_epoch_ssc.sv:136$5.$result[0:0]$1493
   567/1885: $5\key_less$func$rtl/ssc/snapshot_epoch_ssc.sv:136$5.$result[0:0]$1490
   568/1885: $5\stored_node_id[1][31:0]
   569/1885: $5\stored_payload_q32[1][63:0]
   570/1885: $5\stored_source_chiplet_id[1][31:0]
   571/1885: $5\stored_sequence_id[1][31:0]
   572/1885: $5\stored_enterprise_type[1][31:0]
   573/1885: $5\stored_structural_dim[1][31:0]
   574/1885: $5\stored_node_id[0][31:0]
   575/1885: $5\stored_payload_q32[0][63:0]
   576/1885: $5\stored_source_chiplet_id[0][31:0]
   577/1885: $5\stored_sequence_id[0][31:0]
   578/1885: $5\stored_enterprise_type[0][31:0]
   579/1885: $5\stored_structural_dim[0][31:0]
   580/1885: $5\swap_node_id[31:0]
   581/1885: $5\swap_payload_q32[63:0]
   582/1885: $5\swap_source_chiplet_id[31:0]
   583/1885: $5\swap_sequence_id[31:0]
   584/1885: $5\swap_enterprise_type[31:0]
   585/1885: $5\swap_structural_dim[31:0]
   586/1885: $7\key_less$func$rtl/ssc/snapshot_epoch_ssc.sv:136$4.$result[0:0]$1484
   587/1885: $6\key_less$func$rtl/ssc/snapshot_epoch_ssc.sv:136$4.$result[0:0]$1481
   588/1885: $5\key_less$func$rtl/ssc/snapshot_epoch_ssc.sv:136$4.$result[0:0]$1478
   589/1885: $5\i[31:0]
   590/1885: $4\j[31:0]
   591/1885: $4\stored_node_id[1][31:0]
   592/1885: $4\stored_node_id[0][31:0]
   593/1885: $4\stored_payload_q32[1][63:0]
   594/1885: $4\stored_payload_q32[0][63:0]
   595/1885: $4\stored_source_chiplet_id[1][31:0]
   596/1885: $4\stored_source_chiplet_id[0][31:0]
   597/1885: $4\stored_sequence_id[1][31:0]
   598/1885: $4\stored_sequence_id[0][31:0]
   599/1885: $4\stored_enterprise_type[1][31:0]
   600/1885: $4\stored_enterprise_type[0][31:0]
   601/1885: $4\stored_structural_dim[1][31:0]
   602/1885: $4\stored_structural_dim[0][31:0]
   603/1885: $4\swap_node_id[31:0]
   604/1885: $4\swap_payload_q32[63:0]
   605/1885: $4\swap_source_chiplet_id[31:0]
   606/1885: $4\swap_sequence_id[31:0]
   607/1885: $4\swap_enterprise_type[31:0]
   608/1885: $4\swap_structural_dim[31:0]
   609/1885: $4\key_less$func$rtl/ssc/snapshot_epoch_ssc.sv:136$31.$result[0:0]$1468
   610/1885: $4\key_less$func$rtl/ssc/snapshot_epoch_ssc.sv:136$31.right_source_chiplet_id[31:0]$1476
   611/1885: $4\key_less$func$rtl/ssc/snapshot_epoch_ssc.sv:136$31.right_sequence_id[31:0]$1475
   612/1885: $4\key_less$func$rtl/ssc/snapshot_epoch_ssc.sv:136$31.right_enterprise_type[31:0]$1474
   613/1885: $4\key_less$func$rtl/ssc/snapshot_epoch_ssc.sv:136$31.right_structural_dim[31:0]$1473
   614/1885: $4\key_less$func$rtl/ssc/snapshot_epoch_ssc.sv:136$31.left_source_chiplet_id[31:0]$1472
   615/1885: $4\key_less$func$rtl/ssc/snapshot_epoch_ssc.sv:136$31.left_sequence_id[31:0]$1471
   616/1885: $4\key_less$func$rtl/ssc/snapshot_epoch_ssc.sv:136$31.left_enterprise_type[31:0]$1470
   617/1885: $4\key_less$func$rtl/ssc/snapshot_epoch_ssc.sv:136$31.left_structural_dim[31:0]$1469
   618/1885: $4\stored_node_id[2][31:0]
   619/1885: $4\stored_payload_q32[2][63:0]
   620/1885: $4\stored_source_chiplet_id[2][31:0]
   621/1885: $4\stored_sequence_id[2][31:0]
   622/1885: $4\stored_enterprise_type[2][31:0]
   623/1885: $4\stored_structural_dim[2][31:0]
   624/1885: $4\key_less$func$rtl/ssc/snapshot_epoch_ssc.sv:136$30.$result[0:0]$1459
   625/1885: $4\key_less$func$rtl/ssc/snapshot_epoch_ssc.sv:136$30.right_source_chiplet_id[31:0]$1467
   626/1885: $4\key_less$func$rtl/ssc/snapshot_epoch_ssc.sv:136$30.right_sequence_id[31:0]$1466
   627/1885: $4\key_less$func$rtl/ssc/snapshot_epoch_ssc.sv:136$30.right_enterprise_type[31:0]$1465
   628/1885: $4\key_less$func$rtl/ssc/snapshot_epoch_ssc.sv:136$30.right_structural_dim[31:0]$1464
   629/1885: $4\key_less$func$rtl/ssc/snapshot_epoch_ssc.sv:136$30.left_source_chiplet_id[31:0]$1463
   630/1885: $4\key_less$func$rtl/ssc/snapshot_epoch_ssc.sv:136$30.left_sequence_id[31:0]$1462
   631/1885: $4\key_less$func$rtl/ssc/snapshot_epoch_ssc.sv:136$30.left_enterprise_type[31:0]$1461
   632/1885: $4\key_less$func$rtl/ssc/snapshot_epoch_ssc.sv:136$30.left_structural_dim[31:0]$1460
   633/1885: $4\key_less$func$rtl/ssc/snapshot_epoch_ssc.sv:136$29.$result[0:0]$1450
   634/1885: $4\key_less$func$rtl/ssc/snapshot_epoch_ssc.sv:136$29.right_source_chiplet_id[31:0]$1458
   635/1885: $4\key_less$func$rtl/ssc/snapshot_epoch_ssc.sv:136$29.right_sequence_id[31:0]$1457
   636/1885: $4\key_less$func$rtl/ssc/snapshot_epoch_ssc.sv:136$29.right_enterprise_type[31:0]$1456
   637/1885: $4\key_less$func$rtl/ssc/snapshot_epoch_ssc.sv:136$29.right_structural_dim[31:0]$1455
   638/1885: $4\key_less$func$rtl/ssc/snapshot_epoch_ssc.sv:136$29.left_source_chiplet_id[31:0]$1454
   639/1885: $4\key_less$func$rtl/ssc/snapshot_epoch_ssc.sv:136$29.left_sequence_id[31:0]$1453
   640/1885: $4\key_less$func$rtl/ssc/snapshot_epoch_ssc.sv:136$29.left_enterprise_type[31:0]$1452
   641/1885: $4\key_less$func$rtl/ssc/snapshot_epoch_ssc.sv:136$29.left_structural_dim[31:0]$1451
   642/1885: $4\stored_node_id[3][31:0]
   643/1885: $4\stored_payload_q32[3][63:0]
   644/1885: $4\stored_source_chiplet_id[3][31:0]
   645/1885: $4\stored_sequence_id[3][31:0]
   646/1885: $4\stored_enterprise_type[3][31:0]
   647/1885: $4\stored_structural_dim[3][31:0]
   648/1885: $4\key_less$func$rtl/ssc/snapshot_epoch_ssc.sv:136$28.$result[0:0]$1441
   649/1885: $4\key_less$func$rtl/ssc/snapshot_epoch_ssc.sv:136$28.right_source_chiplet_id[31:0]$1449
   650/1885: $4\key_less$func$rtl/ssc/snapshot_epoch_ssc.sv:136$28.right_sequence_id[31:0]$1448
   651/1885: $4\key_less$func$rtl/ssc/snapshot_epoch_ssc.sv:136$28.right_enterprise_type[31:0]$1447
   652/1885: $4\key_less$func$rtl/ssc/snapshot_epoch_ssc.sv:136$28.right_structural_dim[31:0]$1446
   653/1885: $4\key_less$func$rtl/ssc/snapshot_epoch_ssc.sv:136$28.left_source_chiplet_id[31:0]$1445
   654/1885: $4\key_less$func$rtl/ssc/snapshot_epoch_ssc.sv:136$28.left_sequence_id[31:0]$1444
   655/1885: $4\key_less$func$rtl/ssc/snapshot_epoch_ssc.sv:136$28.left_enterprise_type[31:0]$1443
   656/1885: $4\key_less$func$rtl/ssc/snapshot_epoch_ssc.sv:136$28.left_structural_dim[31:0]$1442
   657/1885: $4\key_less$func$rtl/ssc/snapshot_epoch_ssc.sv:136$27.$result[0:0]$1432
   658/1885: $4\key_less$func$rtl/ssc/snapshot_epoch_ssc.sv:136$27.right_source_chiplet_id[31:0]$1440
   659/1885: $4\key_less$func$rtl/ssc/snapshot_epoch_ssc.sv:136$27.right_sequence_id[31:0]$1439
   660/1885: $4\key_less$func$rtl/ssc/snapshot_epoch_ssc.sv:136$27.right_enterprise_type[31:0]$1438
   661/1885: $4\key_less$func$rtl/ssc/snapshot_epoch_ssc.sv:136$27.right_structural_dim[31:0]$1437
   662/1885: $4\key_less$func$rtl/ssc/snapshot_epoch_ssc.sv:136$27.left_source_chiplet_id[31:0]$1436
   663/1885: $4\key_less$func$rtl/ssc/snapshot_epoch_ssc.sv:136$27.left_sequence_id[31:0]$1435
   664/1885: $4\key_less$func$rtl/ssc/snapshot_epoch_ssc.sv:136$27.left_enterprise_type[31:0]$1434
   665/1885: $4\key_less$func$rtl/ssc/snapshot_epoch_ssc.sv:136$27.left_structural_dim[31:0]$1433
   666/1885: $4\key_less$func$rtl/ssc/snapshot_epoch_ssc.sv:136$26.$result[0:0]$1423
   667/1885: $4\key_less$func$rtl/ssc/snapshot_epoch_ssc.sv:136$26.right_source_chiplet_id[31:0]$1431
   668/1885: $4\key_less$func$rtl/ssc/snapshot_epoch_ssc.sv:136$26.right_sequence_id[31:0]$1430
   669/1885: $4\key_less$func$rtl/ssc/snapshot_epoch_ssc.sv:136$26.right_enterprise_type[31:0]$1429
   670/1885: $4\key_less$func$rtl/ssc/snapshot_epoch_ssc.sv:136$26.right_structural_dim[31:0]$1428
   671/1885: $4\key_less$func$rtl/ssc/snapshot_epoch_ssc.sv:136$26.left_source_chiplet_id[31:0]$1427
   672/1885: $4\key_less$func$rtl/ssc/snapshot_epoch_ssc.sv:136$26.left_sequence_id[31:0]$1426
   673/1885: $4\key_less$func$rtl/ssc/snapshot_epoch_ssc.sv:136$26.left_enterprise_type[31:0]$1425
   674/1885: $4\key_less$func$rtl/ssc/snapshot_epoch_ssc.sv:136$26.left_structural_dim[31:0]$1424
   675/1885: $4\stored_node_id[4][31:0]
   676/1885: $4\stored_payload_q32[4][63:0]
   677/1885: $4\stored_source_chiplet_id[4][31:0]
   678/1885: $4\stored_sequence_id[4][31:0]
   679/1885: $4\stored_enterprise_type[4][31:0]
   680/1885: $4\stored_structural_dim[4][31:0]
   681/1885: $4\key_less$func$rtl/ssc/snapshot_epoch_ssc.sv:136$25.$result[0:0]$1414
   682/1885: $4\key_less$func$rtl/ssc/snapshot_epoch_ssc.sv:136$25.right_source_chiplet_id[31:0]$1422
   683/1885: $4\key_less$func$rtl/ssc/snapshot_epoch_ssc.sv:136$25.right_sequence_id[31:0]$1421
   684/1885: $4\key_less$func$rtl/ssc/snapshot_epoch_ssc.sv:136$25.right_enterprise_type[31:0]$1420
   685/1885: $4\key_less$func$rtl/ssc/snapshot_epoch_ssc.sv:136$25.right_structural_dim[31:0]$1419
   686/1885: $4\key_less$func$rtl/ssc/snapshot_epoch_ssc.sv:136$25.left_source_chiplet_id[31:0]$1418
   687/1885: $4\key_less$func$rtl/ssc/snapshot_epoch_ssc.sv:136$25.left_sequence_id[31:0]$1417
   688/1885: $4\key_less$func$rtl/ssc/snapshot_epoch_ssc.sv:136$25.left_enterprise_type[31:0]$1416
   689/1885: $4\key_less$func$rtl/ssc/snapshot_epoch_ssc.sv:136$25.left_structural_dim[31:0]$1415
   690/1885: $4\key_less$func$rtl/ssc/snapshot_epoch_ssc.sv:136$24.$result[0:0]$1405
   691/1885: $4\key_less$func$rtl/ssc/snapshot_epoch_ssc.sv:136$24.right_source_chiplet_id[31:0]$1413
   692/1885: $4\key_less$func$rtl/ssc/snapshot_epoch_ssc.sv:136$24.right_sequence_id[31:0]$1412
   693/1885: $4\key_less$func$rtl/ssc/snapshot_epoch_ssc.sv:136$24.right_enterprise_type[31:0]$1411
   694/1885: $4\key_less$func$rtl/ssc/snapshot_epoch_ssc.sv:136$24.right_structural_dim[31:0]$1410
   695/1885: $4\key_less$func$rtl/ssc/snapshot_epoch_ssc.sv:136$24.left_source_chiplet_id[31:0]$1409
   696/1885: $4\key_less$func$rtl/ssc/snapshot_epoch_ssc.sv:136$24.left_sequence_id[31:0]$1408
   697/1885: $4\key_less$func$rtl/ssc/snapshot_epoch_ssc.sv:136$24.left_enterprise_type[31:0]$1407
   698/1885: $4\key_less$func$rtl/ssc/snapshot_epoch_ssc.sv:136$24.left_structural_dim[31:0]$1406
   699/1885: $4\key_less$func$rtl/ssc/snapshot_epoch_ssc.sv:136$23.$result[0:0]$1396
   700/1885: $4\key_less$func$rtl/ssc/snapshot_epoch_ssc.sv:136$23.right_source_chiplet_id[31:0]$1404
   701/1885: $4\key_less$func$rtl/ssc/snapshot_epoch_ssc.sv:136$23.right_sequence_id[31:0]$1403
   702/1885: $4\key_less$func$rtl/ssc/snapshot_epoch_ssc.sv:136$23.right_enterprise_type[31:0]$1402
   703/1885: $4\key_less$func$rtl/ssc/snapshot_epoch_ssc.sv:136$23.right_structural_dim[31:0]$1401
   704/1885: $4\key_less$func$rtl/ssc/snapshot_epoch_ssc.sv:136$23.left_source_chiplet_id[31:0]$1400
   705/1885: $4\key_less$func$rtl/ssc/snapshot_epoch_ssc.sv:136$23.left_sequence_id[31:0]$1399
   706/1885: $4\key_less$func$rtl/ssc/snapshot_epoch_ssc.sv:136$23.left_enterprise_type[31:0]$1398
   707/1885: $4\key_less$func$rtl/ssc/snapshot_epoch_ssc.sv:136$23.left_structural_dim[31:0]$1397
   708/1885: $4\key_less$func$rtl/ssc/snapshot_epoch_ssc.sv:136$22.$result[0:0]$1387
   709/1885: $4\key_less$func$rtl/ssc/snapshot_epoch_ssc.sv:136$22.right_source_chiplet_id[31:0]$1395
   710/1885: $4\key_less$func$rtl/ssc/snapshot_epoch_ssc.sv:136$22.right_sequence_id[31:0]$1394
   711/1885: $4\key_less$func$rtl/ssc/snapshot_epoch_ssc.sv:136$22.right_enterprise_type[31:0]$1393
   712/1885: $4\key_less$func$rtl/ssc/snapshot_epoch_ssc.sv:136$22.right_structural_dim[31:0]$1392
   713/1885: $4\key_less$func$rtl/ssc/snapshot_epoch_ssc.sv:136$22.left_source_chiplet_id[31:0]$1391
   714/1885: $4\key_less$func$rtl/ssc/snapshot_epoch_ssc.sv:136$22.left_sequence_id[31:0]$1390
   715/1885: $4\key_less$func$rtl/ssc/snapshot_epoch_ssc.sv:136$22.left_enterprise_type[31:0]$1389
   716/1885: $4\key_less$func$rtl/ssc/snapshot_epoch_ssc.sv:136$22.left_structural_dim[31:0]$1388
   717/1885: $4\stored_node_id[5][31:0]
   718/1885: $4\stored_payload_q32[5][63:0]
   719/1885: $4\stored_source_chiplet_id[5][31:0]
   720/1885: $4\stored_sequence_id[5][31:0]
   721/1885: $4\stored_enterprise_type[5][31:0]
   722/1885: $4\stored_structural_dim[5][31:0]
   723/1885: $4\key_less$func$rtl/ssc/snapshot_epoch_ssc.sv:136$21.$result[0:0]$1378
   724/1885: $4\key_less$func$rtl/ssc/snapshot_epoch_ssc.sv:136$21.right_source_chiplet_id[31:0]$1386
   725/1885: $4\key_less$func$rtl/ssc/snapshot_epoch_ssc.sv:136$21.right_sequence_id[31:0]$1385
   726/1885: $4\key_less$func$rtl/ssc/snapshot_epoch_ssc.sv:136$21.right_enterprise_type[31:0]$1384
   727/1885: $4\key_less$func$rtl/ssc/snapshot_epoch_ssc.sv:136$21.right_structural_dim[31:0]$1383
   728/1885: $4\key_less$func$rtl/ssc/snapshot_epoch_ssc.sv:136$21.left_source_chiplet_id[31:0]$1382
   729/1885: $4\key_less$func$rtl/ssc/snapshot_epoch_ssc.sv:136$21.left_sequence_id[31:0]$1381
   730/1885: $4\key_less$func$rtl/ssc/snapshot_epoch_ssc.sv:136$21.left_enterprise_type[31:0]$1380
   731/1885: $4\key_less$func$rtl/ssc/snapshot_epoch_ssc.sv:136$21.left_structural_dim[31:0]$1379
   732/1885: $4\key_less$func$rtl/ssc/snapshot_epoch_ssc.sv:136$20.$result[0:0]$1369
   733/1885: $4\key_less$func$rtl/ssc/snapshot_epoch_ssc.sv:136$20.right_source_chiplet_id[31:0]$1377
   734/1885: $4\key_less$func$rtl/ssc/snapshot_epoch_ssc.sv:136$20.right_sequence_id[31:0]$1376
   735/1885: $4\key_less$func$rtl/ssc/snapshot_epoch_ssc.sv:136$20.right_enterprise_type[31:0]$1375
   736/1885: $4\key_less$func$rtl/ssc/snapshot_epoch_ssc.sv:136$20.right_structural_dim[31:0]$1374
   737/1885: $4\key_less$func$rtl/ssc/snapshot_epoch_ssc.sv:136$20.left_source_chiplet_id[31:0]$1373
   738/1885: $4\key_less$func$rtl/ssc/snapshot_epoch_ssc.sv:136$20.left_sequence_id[31:0]$1372
   739/1885: $4\key_less$func$rtl/ssc/snapshot_epoch_ssc.sv:136$20.left_enterprise_type[31:0]$1371
   740/1885: $4\key_less$func$rtl/ssc/snapshot_epoch_ssc.sv:136$20.left_structural_dim[31:0]$1370
   741/1885: $4\key_less$func$rtl/ssc/snapshot_epoch_ssc.sv:136$19.$result[0:0]$1360
   742/1885: $4\key_less$func$rtl/ssc/snapshot_epoch_ssc.sv:136$19.right_source_chiplet_id[31:0]$1368
   743/1885: $4\key_less$func$rtl/ssc/snapshot_epoch_ssc.sv:136$19.right_sequence_id[31:0]$1367
   744/1885: $4\key_less$func$rtl/ssc/snapshot_epoch_ssc.sv:136$19.right_enterprise_type[31:0]$1366
   745/1885: $4\key_less$func$rtl/ssc/snapshot_epoch_ssc.sv:136$19.right_structural_dim[31:0]$1365
   746/1885: $4\key_less$func$rtl/ssc/snapshot_epoch_ssc.sv:136$19.left_source_chiplet_id[31:0]$1364
   747/1885: $4\key_less$func$rtl/ssc/snapshot_epoch_ssc.sv:136$19.left_sequence_id[31:0]$1363
   748/1885: $4\key_less$func$rtl/ssc/snapshot_epoch_ssc.sv:136$19.left_enterprise_type[31:0]$1362
   749/1885: $4\key_less$func$rtl/ssc/snapshot_epoch_ssc.sv:136$19.left_structural_dim[31:0]$1361
   750/1885: $4\key_less$func$rtl/ssc/snapshot_epoch_ssc.sv:136$18.$result[0:0]$1351
   751/1885: $4\key_less$func$rtl/ssc/snapshot_epoch_ssc.sv:136$18.right_source_chiplet_id[31:0]$1359
   752/1885: $4\key_less$func$rtl/ssc/snapshot_epoch_ssc.sv:136$18.right_sequence_id[31:0]$1358
   753/1885: $4\key_less$func$rtl/ssc/snapshot_epoch_ssc.sv:136$18.right_enterprise_type[31:0]$1357
   754/1885: $4\key_less$func$rtl/ssc/snapshot_epoch_ssc.sv:136$18.right_structural_dim[31:0]$1356
   755/1885: $4\key_less$func$rtl/ssc/snapshot_epoch_ssc.sv:136$18.left_source_chiplet_id[31:0]$1355
   756/1885: $4\key_less$func$rtl/ssc/snapshot_epoch_ssc.sv:136$18.left_sequence_id[31:0]$1354
   757/1885: $4\key_less$func$rtl/ssc/snapshot_epoch_ssc.sv:136$18.left_enterprise_type[31:0]$1353
   758/1885: $4\key_less$func$rtl/ssc/snapshot_epoch_ssc.sv:136$18.left_structural_dim[31:0]$1352
   759/1885: $4\key_less$func$rtl/ssc/snapshot_epoch_ssc.sv:136$17.$result[0:0]$1342
   760/1885: $4\key_less$func$rtl/ssc/snapshot_epoch_ssc.sv:136$17.right_source_chiplet_id[31:0]$1350
   761/1885: $4\key_less$func$rtl/ssc/snapshot_epoch_ssc.sv:136$17.right_sequence_id[31:0]$1349
   762/1885: $4\key_less$func$rtl/ssc/snapshot_epoch_ssc.sv:136$17.right_enterprise_type[31:0]$1348
   763/1885: $4\key_less$func$rtl/ssc/snapshot_epoch_ssc.sv:136$17.right_structural_dim[31:0]$1347
   764/1885: $4\key_less$func$rtl/ssc/snapshot_epoch_ssc.sv:136$17.left_source_chiplet_id[31:0]$1346
   765/1885: $4\key_less$func$rtl/ssc/snapshot_epoch_ssc.sv:136$17.left_sequence_id[31:0]$1345
   766/1885: $4\key_less$func$rtl/ssc/snapshot_epoch_ssc.sv:136$17.left_enterprise_type[31:0]$1344
   767/1885: $4\key_less$func$rtl/ssc/snapshot_epoch_ssc.sv:136$17.left_structural_dim[31:0]$1343
   768/1885: $4\stored_node_id[6][31:0]
   769/1885: $4\stored_payload_q32[6][63:0]
   770/1885: $4\stored_source_chiplet_id[6][31:0]
   771/1885: $4\stored_sequence_id[6][31:0]
   772/1885: $4\stored_enterprise_type[6][31:0]
   773/1885: $4\stored_structural_dim[6][31:0]
   774/1885: $4\key_less$func$rtl/ssc/snapshot_epoch_ssc.sv:136$16.$result[0:0]$1333
   775/1885: $4\key_less$func$rtl/ssc/snapshot_epoch_ssc.sv:136$16.right_source_chiplet_id[31:0]$1341
   776/1885: $4\key_less$func$rtl/ssc/snapshot_epoch_ssc.sv:136$16.right_sequence_id[31:0]$1340
   777/1885: $4\key_less$func$rtl/ssc/snapshot_epoch_ssc.sv:136$16.right_enterprise_type[31:0]$1339
   778/1885: $4\key_less$func$rtl/ssc/snapshot_epoch_ssc.sv:136$16.right_structural_dim[31:0]$1338
   779/1885: $4\key_less$func$rtl/ssc/snapshot_epoch_ssc.sv:136$16.left_source_chiplet_id[31:0]$1337
   780/1885: $4\key_less$func$rtl/ssc/snapshot_epoch_ssc.sv:136$16.left_sequence_id[31:0]$1336
   781/1885: $4\key_less$func$rtl/ssc/snapshot_epoch_ssc.sv:136$16.left_enterprise_type[31:0]$1335
   782/1885: $4\key_less$func$rtl/ssc/snapshot_epoch_ssc.sv:136$16.left_structural_dim[31:0]$1334
   783/1885: $4\key_less$func$rtl/ssc/snapshot_epoch_ssc.sv:136$15.$result[0:0]$1324
   784/1885: $4\key_less$func$rtl/ssc/snapshot_epoch_ssc.sv:136$15.right_source_chiplet_id[31:0]$1332
   785/1885: $4\key_less$func$rtl/ssc/snapshot_epoch_ssc.sv:136$15.right_sequence_id[31:0]$1331
   786/1885: $4\key_less$func$rtl/ssc/snapshot_epoch_ssc.sv:136$15.right_enterprise_type[31:0]$1330
   787/1885: $4\key_less$func$rtl/ssc/snapshot_epoch_ssc.sv:136$15.right_structural_dim[31:0]$1329
   788/1885: $4\key_less$func$rtl/ssc/snapshot_epoch_ssc.sv:136$15.left_source_chiplet_id[31:0]$1328
   789/1885: $4\key_less$func$rtl/ssc/snapshot_epoch_ssc.sv:136$15.left_sequence_id[31:0]$1327
   790/1885: $4\key_less$func$rtl/ssc/snapshot_epoch_ssc.sv:136$15.left_enterprise_type[31:0]$1326
   791/1885: $4\key_less$func$rtl/ssc/snapshot_epoch_ssc.sv:136$15.left_structural_dim[31:0]$1325
   792/1885: $4\key_less$func$rtl/ssc/snapshot_epoch_ssc.sv:136$14.$result[0:0]$1315
   793/1885: $4\key_less$func$rtl/ssc/snapshot_epoch_ssc.sv:136$14.right_source_chiplet_id[31:0]$1323
   794/1885: $4\key_less$func$rtl/ssc/snapshot_epoch_ssc.sv:136$14.right_sequence_id[31:0]$1322
   795/1885: $4\key_less$func$rtl/ssc/snapshot_epoch_ssc.sv:136$14.right_enterprise_type[31:0]$1321
   796/1885: $4\key_less$func$rtl/ssc/snapshot_epoch_ssc.sv:136$14.right_structural_dim[31:0]$1320
   797/1885: $4\key_less$func$rtl/ssc/snapshot_epoch_ssc.sv:136$14.left_source_chiplet_id[31:0]$1319
   798/1885: $4\key_less$func$rtl/ssc/snapshot_epoch_ssc.sv:136$14.left_sequence_id[31:0]$1318
   799/1885: $4\key_less$func$rtl/ssc/snapshot_epoch_ssc.sv:136$14.left_enterprise_type[31:0]$1317
   800/1885: $4\key_less$func$rtl/ssc/snapshot_epoch_ssc.sv:136$14.left_structural_dim[31:0]$1316
   801/1885: $4\key_less$func$rtl/ssc/snapshot_epoch_ssc.sv:136$13.$result[0:0]$1306
   802/1885: $4\key_less$func$rtl/ssc/snapshot_epoch_ssc.sv:136$13.right_source_chiplet_id[31:0]$1314
   803/1885: $4\key_less$func$rtl/ssc/snapshot_epoch_ssc.sv:136$13.right_sequence_id[31:0]$1313
   804/1885: $4\key_less$func$rtl/ssc/snapshot_epoch_ssc.sv:136$13.right_enterprise_type[31:0]$1312
   805/1885: $4\key_less$func$rtl/ssc/snapshot_epoch_ssc.sv:136$13.right_structural_dim[31:0]$1311
   806/1885: $4\key_less$func$rtl/ssc/snapshot_epoch_ssc.sv:136$13.left_source_chiplet_id[31:0]$1310
   807/1885: $4\key_less$func$rtl/ssc/snapshot_epoch_ssc.sv:136$13.left_sequence_id[31:0]$1309
   808/1885: $4\key_less$func$rtl/ssc/snapshot_epoch_ssc.sv:136$13.left_enterprise_type[31:0]$1308
   809/1885: $4\key_less$func$rtl/ssc/snapshot_epoch_ssc.sv:136$13.left_structural_dim[31:0]$1307
   810/1885: $4\key_less$func$rtl/ssc/snapshot_epoch_ssc.sv:136$12.$result[0:0]$1297
   811/1885: $4\key_less$func$rtl/ssc/snapshot_epoch_ssc.sv:136$12.right_source_chiplet_id[31:0]$1305
   812/1885: $4\key_less$func$rtl/ssc/snapshot_epoch_ssc.sv:136$12.right_sequence_id[31:0]$1304
   813/1885: $4\key_less$func$rtl/ssc/snapshot_epoch_ssc.sv:136$12.right_enterprise_type[31:0]$1303
   814/1885: $4\key_less$func$rtl/ssc/snapshot_epoch_ssc.sv:136$12.right_structural_dim[31:0]$1302
   815/1885: $4\key_less$func$rtl/ssc/snapshot_epoch_ssc.sv:136$12.left_source_chiplet_id[31:0]$1301
   816/1885: $4\key_less$func$rtl/ssc/snapshot_epoch_ssc.sv:136$12.left_sequence_id[31:0]$1300
   817/1885: $4\key_less$func$rtl/ssc/snapshot_epoch_ssc.sv:136$12.left_enterprise_type[31:0]$1299
   818/1885: $4\key_less$func$rtl/ssc/snapshot_epoch_ssc.sv:136$12.left_structural_dim[31:0]$1298
   819/1885: $4\key_less$func$rtl/ssc/snapshot_epoch_ssc.sv:136$11.$result[0:0]$1288
   820/1885: $4\key_less$func$rtl/ssc/snapshot_epoch_ssc.sv:136$11.right_source_chiplet_id[31:0]$1296
   821/1885: $4\key_less$func$rtl/ssc/snapshot_epoch_ssc.sv:136$11.right_sequence_id[31:0]$1295
   822/1885: $4\key_less$func$rtl/ssc/snapshot_epoch_ssc.sv:136$11.right_enterprise_type[31:0]$1294
   823/1885: $4\key_less$func$rtl/ssc/snapshot_epoch_ssc.sv:136$11.right_structural_dim[31:0]$1293
   824/1885: $4\key_less$func$rtl/ssc/snapshot_epoch_ssc.sv:136$11.left_source_chiplet_id[31:0]$1292
   825/1885: $4\key_less$func$rtl/ssc/snapshot_epoch_ssc.sv:136$11.left_sequence_id[31:0]$1291
   826/1885: $4\key_less$func$rtl/ssc/snapshot_epoch_ssc.sv:136$11.left_enterprise_type[31:0]$1290
   827/1885: $4\key_less$func$rtl/ssc/snapshot_epoch_ssc.sv:136$11.left_structural_dim[31:0]$1289
   828/1885: $4\stored_node_id[7][31:0]
   829/1885: $4\stored_payload_q32[7][63:0]
   830/1885: $4\stored_source_chiplet_id[7][31:0]
   831/1885: $4\stored_sequence_id[7][31:0]
   832/1885: $4\stored_enterprise_type[7][31:0]
   833/1885: $4\stored_structural_dim[7][31:0]
   834/1885: $4\key_less$func$rtl/ssc/snapshot_epoch_ssc.sv:136$10.$result[0:0]$1279
   835/1885: $4\key_less$func$rtl/ssc/snapshot_epoch_ssc.sv:136$10.right_source_chiplet_id[31:0]$1287
   836/1885: $4\key_less$func$rtl/ssc/snapshot_epoch_ssc.sv:136$10.right_sequence_id[31:0]$1286
   837/1885: $4\key_less$func$rtl/ssc/snapshot_epoch_ssc.sv:136$10.right_enterprise_type[31:0]$1285
   838/1885: $4\key_less$func$rtl/ssc/snapshot_epoch_ssc.sv:136$10.right_structural_dim[31:0]$1284
   839/1885: $4\key_less$func$rtl/ssc/snapshot_epoch_ssc.sv:136$10.left_source_chiplet_id[31:0]$1283
   840/1885: $4\key_less$func$rtl/ssc/snapshot_epoch_ssc.sv:136$10.left_sequence_id[31:0]$1282
   841/1885: $4\key_less$func$rtl/ssc/snapshot_epoch_ssc.sv:136$10.left_enterprise_type[31:0]$1281
   842/1885: $4\key_less$func$rtl/ssc/snapshot_epoch_ssc.sv:136$10.left_structural_dim[31:0]$1280
   843/1885: $4\key_less$func$rtl/ssc/snapshot_epoch_ssc.sv:136$9.$result[0:0]$1270
   844/1885: $4\key_less$func$rtl/ssc/snapshot_epoch_ssc.sv:136$9.right_source_chiplet_id[31:0]$1278
   845/1885: $4\key_less$func$rtl/ssc/snapshot_epoch_ssc.sv:136$9.right_sequence_id[31:0]$1277
   846/1885: $4\key_less$func$rtl/ssc/snapshot_epoch_ssc.sv:136$9.right_enterprise_type[31:0]$1276
   847/1885: $4\key_less$func$rtl/ssc/snapshot_epoch_ssc.sv:136$9.right_structural_dim[31:0]$1275
   848/1885: $4\key_less$func$rtl/ssc/snapshot_epoch_ssc.sv:136$9.left_source_chiplet_id[31:0]$1274
   849/1885: $4\key_less$func$rtl/ssc/snapshot_epoch_ssc.sv:136$9.left_sequence_id[31:0]$1273
   850/1885: $4\key_less$func$rtl/ssc/snapshot_epoch_ssc.sv:136$9.left_enterprise_type[31:0]$1272
   851/1885: $4\key_less$func$rtl/ssc/snapshot_epoch_ssc.sv:136$9.left_structural_dim[31:0]$1271
   852/1885: $4\key_less$func$rtl/ssc/snapshot_epoch_ssc.sv:136$8.$result[0:0]$1261
   853/1885: $4\key_less$func$rtl/ssc/snapshot_epoch_ssc.sv:136$8.right_source_chiplet_id[31:0]$1269
   854/1885: $4\key_less$func$rtl/ssc/snapshot_epoch_ssc.sv:136$8.right_sequence_id[31:0]$1268
   855/1885: $4\key_less$func$rtl/ssc/snapshot_epoch_ssc.sv:136$8.right_enterprise_type[31:0]$1267
   856/1885: $4\key_less$func$rtl/ssc/snapshot_epoch_ssc.sv:136$8.right_structural_dim[31:0]$1266
   857/1885: $4\key_less$func$rtl/ssc/snapshot_epoch_ssc.sv:136$8.left_source_chiplet_id[31:0]$1265
   858/1885: $4\key_less$func$rtl/ssc/snapshot_epoch_ssc.sv:136$8.left_sequence_id[31:0]$1264
   859/1885: $4\key_less$func$rtl/ssc/snapshot_epoch_ssc.sv:136$8.left_enterprise_type[31:0]$1263
   860/1885: $4\key_less$func$rtl/ssc/snapshot_epoch_ssc.sv:136$8.left_structural_dim[31:0]$1262
   861/1885: $4\key_less$func$rtl/ssc/snapshot_epoch_ssc.sv:136$7.$result[0:0]$1252
   862/1885: $4\key_less$func$rtl/ssc/snapshot_epoch_ssc.sv:136$7.right_source_chiplet_id[31:0]$1260
   863/1885: $4\key_less$func$rtl/ssc/snapshot_epoch_ssc.sv:136$7.right_sequence_id[31:0]$1259
   864/1885: $4\key_less$func$rtl/ssc/snapshot_epoch_ssc.sv:136$7.right_enterprise_type[31:0]$1258
   865/1885: $4\key_less$func$rtl/ssc/snapshot_epoch_ssc.sv:136$7.right_structural_dim[31:0]$1257
   866/1885: $4\key_less$func$rtl/ssc/snapshot_epoch_ssc.sv:136$7.left_source_chiplet_id[31:0]$1256
   867/1885: $4\key_less$func$rtl/ssc/snapshot_epoch_ssc.sv:136$7.left_sequence_id[31:0]$1255
   868/1885: $4\key_less$func$rtl/ssc/snapshot_epoch_ssc.sv:136$7.left_enterprise_type[31:0]$1254
   869/1885: $4\key_less$func$rtl/ssc/snapshot_epoch_ssc.sv:136$7.left_structural_dim[31:0]$1253
   870/1885: $4\key_less$func$rtl/ssc/snapshot_epoch_ssc.sv:136$6.$result[0:0]$1243
   871/1885: $4\key_less$func$rtl/ssc/snapshot_epoch_ssc.sv:136$6.right_source_chiplet_id[31:0]$1251
   872/1885: $4\key_less$func$rtl/ssc/snapshot_epoch_ssc.sv:136$6.right_sequence_id[31:0]$1250
   873/1885: $4\key_less$func$rtl/ssc/snapshot_epoch_ssc.sv:136$6.right_enterprise_type[31:0]$1249
   874/1885: $4\key_less$func$rtl/ssc/snapshot_epoch_ssc.sv:136$6.right_structural_dim[31:0]$1248
   875/1885: $4\key_less$func$rtl/ssc/snapshot_epoch_ssc.sv:136$6.left_source_chiplet_id[31:0]$1247
   876/1885: $4\key_less$func$rtl/ssc/snapshot_epoch_ssc.sv:136$6.left_sequence_id[31:0]$1246
   877/1885: $4\key_less$func$rtl/ssc/snapshot_epoch_ssc.sv:136$6.left_enterprise_type[31:0]$1245
   878/1885: $4\key_less$func$rtl/ssc/snapshot_epoch_ssc.sv:136$6.left_structural_dim[31:0]$1244
   879/1885: $4\key_less$func$rtl/ssc/snapshot_epoch_ssc.sv:136$5.$result[0:0]$1234
   880/1885: $4\key_less$func$rtl/ssc/snapshot_epoch_ssc.sv:136$5.right_source_chiplet_id[31:0]$1242
   881/1885: $4\key_less$func$rtl/ssc/snapshot_epoch_ssc.sv:136$5.right_sequence_id[31:0]$1241
   882/1885: $4\key_less$func$rtl/ssc/snapshot_epoch_ssc.sv:136$5.right_enterprise_type[31:0]$1240
   883/1885: $4\key_less$func$rtl/ssc/snapshot_epoch_ssc.sv:136$5.right_structural_dim[31:0]$1239
   884/1885: $4\key_less$func$rtl/ssc/snapshot_epoch_ssc.sv:136$5.left_source_chiplet_id[31:0]$1238
   885/1885: $4\key_less$func$rtl/ssc/snapshot_epoch_ssc.sv:136$5.left_sequence_id[31:0]$1237
   886/1885: $4\key_less$func$rtl/ssc/snapshot_epoch_ssc.sv:136$5.left_enterprise_type[31:0]$1236
   887/1885: $4\key_less$func$rtl/ssc/snapshot_epoch_ssc.sv:136$5.left_structural_dim[31:0]$1235
   888/1885: $4\key_less$func$rtl/ssc/snapshot_epoch_ssc.sv:136$4.$result[0:0]$1225
   889/1885: $4\key_less$func$rtl/ssc/snapshot_epoch_ssc.sv:136$4.right_source_chiplet_id[31:0]$1233
   890/1885: $4\key_less$func$rtl/ssc/snapshot_epoch_ssc.sv:136$4.right_sequence_id[31:0]$1232
   891/1885: $4\key_less$func$rtl/ssc/snapshot_epoch_ssc.sv:136$4.right_enterprise_type[31:0]$1231
   892/1885: $4\key_less$func$rtl/ssc/snapshot_epoch_ssc.sv:136$4.right_structural_dim[31:0]$1230
   893/1885: $4\key_less$func$rtl/ssc/snapshot_epoch_ssc.sv:136$4.left_source_chiplet_id[31:0]$1229
   894/1885: $4\key_less$func$rtl/ssc/snapshot_epoch_ssc.sv:136$4.left_sequence_id[31:0]$1228
   895/1885: $4\key_less$func$rtl/ssc/snapshot_epoch_ssc.sv:136$4.left_enterprise_type[31:0]$1227
   896/1885: $4\key_less$func$rtl/ssc/snapshot_epoch_ssc.sv:136$4.left_structural_dim[31:0]$1226
   897/1885: $3\stored_node_id[7][31:0]
   898/1885: $3\stored_node_id[6][31:0]
   899/1885: $3\stored_node_id[5][31:0]
   900/1885: $3\stored_node_id[4][31:0]
   901/1885: $3\stored_node_id[3][31:0]
   902/1885: $3\stored_node_id[2][31:0]
   903/1885: $3\stored_node_id[1][31:0]
   904/1885: $3\stored_node_id[0][31:0]
   905/1885: $3\stored_payload_q32[7][63:0]
   906/1885: $3\stored_payload_q32[6][63:0]
   907/1885: $3\stored_payload_q32[5][63:0]
   908/1885: $3\stored_payload_q32[4][63:0]
   909/1885: $3\stored_payload_q32[3][63:0]
   910/1885: $3\stored_payload_q32[2][63:0]
   911/1885: $3\stored_payload_q32[1][63:0]
   912/1885: $3\stored_payload_q32[0][63:0]
   913/1885: $3\stored_source_chiplet_id[7][31:0]
   914/1885: $3\stored_source_chiplet_id[6][31:0]
   915/1885: $3\stored_source_chiplet_id[5][31:0]
   916/1885: $3\stored_source_chiplet_id[4][31:0]
   917/1885: $3\stored_source_chiplet_id[3][31:0]
   918/1885: $3\stored_source_chiplet_id[2][31:0]
   919/1885: $3\stored_source_chiplet_id[1][31:0]
   920/1885: $3\stored_source_chiplet_id[0][31:0]
   921/1885: $3\stored_sequence_id[7][31:0]
   922/1885: $3\stored_sequence_id[6][31:0]
   923/1885: $3\stored_sequence_id[5][31:0]
   924/1885: $3\stored_sequence_id[4][31:0]
   925/1885: $3\stored_sequence_id[3][31:0]
   926/1885: $3\stored_sequence_id[2][31:0]
   927/1885: $3\stored_sequence_id[1][31:0]
   928/1885: $3\stored_sequence_id[0][31:0]
   929/1885: $3\stored_enterprise_type[7][31:0]
   930/1885: $3\stored_enterprise_type[6][31:0]
   931/1885: $3\stored_enterprise_type[5][31:0]
   932/1885: $3\stored_enterprise_type[4][31:0]
   933/1885: $3\stored_enterprise_type[3][31:0]
   934/1885: $3\stored_enterprise_type[2][31:0]
   935/1885: $3\stored_enterprise_type[1][31:0]
   936/1885: $3\stored_enterprise_type[0][31:0]
   937/1885: $3\stored_structural_dim[7][31:0]
   938/1885: $3\stored_structural_dim[6][31:0]
   939/1885: $3\stored_structural_dim[5][31:0]
   940/1885: $3\stored_structural_dim[4][31:0]
   941/1885: $3\stored_structural_dim[3][31:0]
   942/1885: $3\stored_structural_dim[2][31:0]
   943/1885: $3\stored_structural_dim[1][31:0]
   944/1885: $3\stored_structural_dim[0][31:0]
   945/1885: $3\key_less$func$rtl/ssc/snapshot_epoch_ssc.sv:136$31.right_source_chiplet_id[31:0]$1223
   946/1885: $3\key_less$func$rtl/ssc/snapshot_epoch_ssc.sv:136$31.right_sequence_id[31:0]$1222
   947/1885: $3\key_less$func$rtl/ssc/snapshot_epoch_ssc.sv:136$31.right_enterprise_type[31:0]$1221
   948/1885: $3\key_less$func$rtl/ssc/snapshot_epoch_ssc.sv:136$31.right_structural_dim[31:0]$1220
   949/1885: $3\key_less$func$rtl/ssc/snapshot_epoch_ssc.sv:136$31.left_source_chiplet_id[31:0]$1219
   950/1885: $3\key_less$func$rtl/ssc/snapshot_epoch_ssc.sv:136$31.left_sequence_id[31:0]$1218
   951/1885: $3\key_less$func$rtl/ssc/snapshot_epoch_ssc.sv:136$31.left_enterprise_type[31:0]$1217
   952/1885: $3\key_less$func$rtl/ssc/snapshot_epoch_ssc.sv:136$31.left_structural_dim[31:0]$1216
   953/1885: $3\key_less$func$rtl/ssc/snapshot_epoch_ssc.sv:136$31.$result[0:0]$1215
   954/1885: $3\key_less$func$rtl/ssc/snapshot_epoch_ssc.sv:136$30.right_source_chiplet_id[31:0]$1214
   955/1885: $3\key_less$func$rtl/ssc/snapshot_epoch_ssc.sv:136$30.right_sequence_id[31:0]$1213
   956/1885: $3\key_less$func$rtl/ssc/snapshot_epoch_ssc.sv:136$30.right_enterprise_type[31:0]$1212
   957/1885: $3\key_less$func$rtl/ssc/snapshot_epoch_ssc.sv:136$30.right_structural_dim[31:0]$1211
   958/1885: $3\key_less$func$rtl/ssc/snapshot_epoch_ssc.sv:136$30.left_source_chiplet_id[31:0]$1210
   959/1885: $3\key_less$func$rtl/ssc/snapshot_epoch_ssc.sv:136$30.left_sequence_id[31:0]$1209
   960/1885: $3\key_less$func$rtl/ssc/snapshot_epoch_ssc.sv:136$30.left_enterprise_type[31:0]$1208
   961/1885: $3\key_less$func$rtl/ssc/snapshot_epoch_ssc.sv:136$30.left_structural_dim[31:0]$1207
   962/1885: $3\key_less$func$rtl/ssc/snapshot_epoch_ssc.sv:136$30.$result[0:0]$1206
   963/1885: $3\key_less$func$rtl/ssc/snapshot_epoch_ssc.sv:136$29.right_source_chiplet_id[31:0]$1205
   964/1885: $3\key_less$func$rtl/ssc/snapshot_epoch_ssc.sv:136$29.right_sequence_id[31:0]$1204
   965/1885: $3\key_less$func$rtl/ssc/snapshot_epoch_ssc.sv:136$29.right_enterprise_type[31:0]$1203
   966/1885: $3\key_less$func$rtl/ssc/snapshot_epoch_ssc.sv:136$29.right_structural_dim[31:0]$1202
   967/1885: $3\key_less$func$rtl/ssc/snapshot_epoch_ssc.sv:136$29.left_source_chiplet_id[31:0]$1201
   968/1885: $3\key_less$func$rtl/ssc/snapshot_epoch_ssc.sv:136$29.left_sequence_id[31:0]$1200
   969/1885: $3\key_less$func$rtl/ssc/snapshot_epoch_ssc.sv:136$29.left_enterprise_type[31:0]$1199
   970/1885: $3\key_less$func$rtl/ssc/snapshot_epoch_ssc.sv:136$29.left_structural_dim[31:0]$1198
   971/1885: $3\key_less$func$rtl/ssc/snapshot_epoch_ssc.sv:136$29.$result[0:0]$1197
   972/1885: $3\key_less$func$rtl/ssc/snapshot_epoch_ssc.sv:136$28.right_source_chiplet_id[31:0]$1196
   973/1885: $3\key_less$func$rtl/ssc/snapshot_epoch_ssc.sv:136$28.right_sequence_id[31:0]$1195
   974/1885: $3\key_less$func$rtl/ssc/snapshot_epoch_ssc.sv:136$28.right_enterprise_type[31:0]$1194
   975/1885: $3\key_less$func$rtl/ssc/snapshot_epoch_ssc.sv:136$28.right_structural_dim[31:0]$1193
   976/1885: $3\key_less$func$rtl/ssc/snapshot_epoch_ssc.sv:136$28.left_source_chiplet_id[31:0]$1192
   977/1885: $3\key_less$func$rtl/ssc/snapshot_epoch_ssc.sv:136$28.left_sequence_id[31:0]$1191
   978/1885: $3\key_less$func$rtl/ssc/snapshot_epoch_ssc.sv:136$28.left_enterprise_type[31:0]$1190
   979/1885: $3\key_less$func$rtl/ssc/snapshot_epoch_ssc.sv:136$28.left_structural_dim[31:0]$1189
   980/1885: $3\key_less$func$rtl/ssc/snapshot_epoch_ssc.sv:136$28.$result[0:0]$1188
   981/1885: $3\key_less$func$rtl/ssc/snapshot_epoch_ssc.sv:136$27.right_source_chiplet_id[31:0]$1187
   982/1885: $3\key_less$func$rtl/ssc/snapshot_epoch_ssc.sv:136$27.right_sequence_id[31:0]$1186
   983/1885: $3\key_less$func$rtl/ssc/snapshot_epoch_ssc.sv:136$27.right_enterprise_type[31:0]$1185
   984/1885: $3\key_less$func$rtl/ssc/snapshot_epoch_ssc.sv:136$27.right_structural_dim[31:0]$1184
   985/1885: $3\key_less$func$rtl/ssc/snapshot_epoch_ssc.sv:136$27.left_source_chiplet_id[31:0]$1183
   986/1885: $3\key_less$func$rtl/ssc/snapshot_epoch_ssc.sv:136$27.left_sequence_id[31:0]$1182
   987/1885: $3\key_less$func$rtl/ssc/snapshot_epoch_ssc.sv:136$27.left_enterprise_type[31:0]$1181
   988/1885: $3\key_less$func$rtl/ssc/snapshot_epoch_ssc.sv:136$27.left_structural_dim[31:0]$1180
   989/1885: $3\key_less$func$rtl/ssc/snapshot_epoch_ssc.sv:136$27.$result[0:0]$1179
   990/1885: $3\key_less$func$rtl/ssc/snapshot_epoch_ssc.sv:136$26.right_source_chiplet_id[31:0]$1178
   991/1885: $3\key_less$func$rtl/ssc/snapshot_epoch_ssc.sv:136$26.right_sequence_id[31:0]$1177
   992/1885: $3\key_less$func$rtl/ssc/snapshot_epoch_ssc.sv:136$26.right_enterprise_type[31:0]$1176
   993/1885: $3\key_less$func$rtl/ssc/snapshot_epoch_ssc.sv:136$26.right_structural_dim[31:0]$1175
   994/1885: $3\key_less$func$rtl/ssc/snapshot_epoch_ssc.sv:136$26.left_source_chiplet_id[31:0]$1174
   995/1885: $3\key_less$func$rtl/ssc/snapshot_epoch_ssc.sv:136$26.left_sequence_id[31:0]$1173
   996/1885: $3\key_less$func$rtl/ssc/snapshot_epoch_ssc.sv:136$26.left_enterprise_type[31:0]$1172
   997/1885: $3\key_less$func$rtl/ssc/snapshot_epoch_ssc.sv:136$26.left_structural_dim[31:0]$1171
   998/1885: $3\key_less$func$rtl/ssc/snapshot_epoch_ssc.sv:136$26.$result[0:0]$1170
   999/1885: $3\key_less$func$rtl/ssc/snapshot_epoch_ssc.sv:136$25.right_source_chiplet_id[31:0]$1169
  1000/1885: $3\key_less$func$rtl/ssc/snapshot_epoch_ssc.sv:136$25.right_sequence_id[31:0]$1168
  1001/1885: $3\key_less$func$rtl/ssc/snapshot_epoch_ssc.sv:136$25.right_enterprise_type[31:0]$1167
  1002/1885: $3\key_less$func$rtl/ssc/snapshot_epoch_ssc.sv:136$25.right_structural_dim[31:0]$1166
  1003/1885: $3\key_less$func$rtl/ssc/snapshot_epoch_ssc.sv:136$25.left_source_chiplet_id[31:0]$1165
  1004/1885: $3\key_less$func$rtl/ssc/snapshot_epoch_ssc.sv:136$25.left_sequence_id[31:0]$1164
  1005/1885: $3\key_less$func$rtl/ssc/snapshot_epoch_ssc.sv:136$25.left_enterprise_type[31:0]$1163
  1006/1885: $3\key_less$func$rtl/ssc/snapshot_epoch_ssc.sv:136$25.left_structural_dim[31:0]$1162
  1007/1885: $3\key_less$func$rtl/ssc/snapshot_epoch_ssc.sv:136$25.$result[0:0]$1161
  1008/1885: $3\key_less$func$rtl/ssc/snapshot_epoch_ssc.sv:136$24.right_source_chiplet_id[31:0]$1160
  1009/1885: $3\key_less$func$rtl/ssc/snapshot_epoch_ssc.sv:136$24.right_sequence_id[31:0]$1159
  1010/1885: $3\key_less$func$rtl/ssc/snapshot_epoch_ssc.sv:136$24.right_enterprise_type[31:0]$1158
  1011/1885: $3\key_less$func$rtl/ssc/snapshot_epoch_ssc.sv:136$24.right_structural_dim[31:0]$1157
  1012/1885: $3\key_less$func$rtl/ssc/snapshot_epoch_ssc.sv:136$24.left_source_chiplet_id[31:0]$1156
  1013/1885: $3\key_less$func$rtl/ssc/snapshot_epoch_ssc.sv:136$24.left_sequence_id[31:0]$1155
  1014/1885: $3\key_less$func$rtl/ssc/snapshot_epoch_ssc.sv:136$24.left_enterprise_type[31:0]$1154
  1015/1885: $3\key_less$func$rtl/ssc/snapshot_epoch_ssc.sv:136$24.left_structural_dim[31:0]$1153
  1016/1885: $3\key_less$func$rtl/ssc/snapshot_epoch_ssc.sv:136$24.$result[0:0]$1152
  1017/1885: $3\key_less$func$rtl/ssc/snapshot_epoch_ssc.sv:136$23.right_source_chiplet_id[31:0]$1151
  1018/1885: $3\key_less$func$rtl/ssc/snapshot_epoch_ssc.sv:136$23.right_sequence_id[31:0]$1150
  1019/1885: $3\key_less$func$rtl/ssc/snapshot_epoch_ssc.sv:136$23.right_enterprise_type[31:0]$1149
  1020/1885: $3\key_less$func$rtl/ssc/snapshot_epoch_ssc.sv:136$23.right_structural_dim[31:0]$1148
  1021/1885: $3\key_less$func$rtl/ssc/snapshot_epoch_ssc.sv:136$23.left_source_chiplet_id[31:0]$1147
  1022/1885: $3\key_less$func$rtl/ssc/snapshot_epoch_ssc.sv:136$23.left_sequence_id[31:0]$1146
  1023/1885: $3\key_less$func$rtl/ssc/snapshot_epoch_ssc.sv:136$23.left_enterprise_type[31:0]$1145
  1024/1885: $3\key_less$func$rtl/ssc/snapshot_epoch_ssc.sv:136$23.left_structural_dim[31:0]$1144
  1025/1885: $3\key_less$func$rtl/ssc/snapshot_epoch_ssc.sv:136$23.$result[0:0]$1143
  1026/1885: $3\key_less$func$rtl/ssc/snapshot_epoch_ssc.sv:136$22.right_source_chiplet_id[31:0]$1142
  1027/1885: $3\key_less$func$rtl/ssc/snapshot_epoch_ssc.sv:136$22.right_sequence_id[31:0]$1141
  1028/1885: $3\key_less$func$rtl/ssc/snapshot_epoch_ssc.sv:136$22.right_enterprise_type[31:0]$1140
  1029/1885: $3\key_less$func$rtl/ssc/snapshot_epoch_ssc.sv:136$22.right_structural_dim[31:0]$1139
  1030/1885: $3\key_less$func$rtl/ssc/snapshot_epoch_ssc.sv:136$22.left_source_chiplet_id[31:0]$1138
  1031/1885: $3\key_less$func$rtl/ssc/snapshot_epoch_ssc.sv:136$22.left_sequence_id[31:0]$1137
  1032/1885: $3\key_less$func$rtl/ssc/snapshot_epoch_ssc.sv:136$22.left_enterprise_type[31:0]$1136
  1033/1885: $3\key_less$func$rtl/ssc/snapshot_epoch_ssc.sv:136$22.left_structural_dim[31:0]$1135
  1034/1885: $3\key_less$func$rtl/ssc/snapshot_epoch_ssc.sv:136$22.$result[0:0]$1134
  1035/1885: $3\key_less$func$rtl/ssc/snapshot_epoch_ssc.sv:136$21.right_source_chiplet_id[31:0]$1133
  1036/1885: $3\key_less$func$rtl/ssc/snapshot_epoch_ssc.sv:136$21.right_sequence_id[31:0]$1132
  1037/1885: $3\key_less$func$rtl/ssc/snapshot_epoch_ssc.sv:136$21.right_enterprise_type[31:0]$1131
  1038/1885: $3\key_less$func$rtl/ssc/snapshot_epoch_ssc.sv:136$21.right_structural_dim[31:0]$1130
  1039/1885: $3\key_less$func$rtl/ssc/snapshot_epoch_ssc.sv:136$21.left_source_chiplet_id[31:0]$1129
  1040/1885: $3\key_less$func$rtl/ssc/snapshot_epoch_ssc.sv:136$21.left_sequence_id[31:0]$1128
  1041/1885: $3\key_less$func$rtl/ssc/snapshot_epoch_ssc.sv:136$21.left_enterprise_type[31:0]$1127
  1042/1885: $3\key_less$func$rtl/ssc/snapshot_epoch_ssc.sv:136$21.left_structural_dim[31:0]$1126
  1043/1885: $3\key_less$func$rtl/ssc/snapshot_epoch_ssc.sv:136$21.$result[0:0]$1125
  1044/1885: $3\key_less$func$rtl/ssc/snapshot_epoch_ssc.sv:136$20.right_source_chiplet_id[31:0]$1124
  1045/1885: $3\key_less$func$rtl/ssc/snapshot_epoch_ssc.sv:136$20.right_sequence_id[31:0]$1123
  1046/1885: $3\key_less$func$rtl/ssc/snapshot_epoch_ssc.sv:136$20.right_enterprise_type[31:0]$1122
  1047/1885: $3\key_less$func$rtl/ssc/snapshot_epoch_ssc.sv:136$20.right_structural_dim[31:0]$1121
  1048/1885: $3\key_less$func$rtl/ssc/snapshot_epoch_ssc.sv:136$20.left_source_chiplet_id[31:0]$1120
  1049/1885: $3\key_less$func$rtl/ssc/snapshot_epoch_ssc.sv:136$20.left_sequence_id[31:0]$1119
  1050/1885: $3\key_less$func$rtl/ssc/snapshot_epoch_ssc.sv:136$20.left_enterprise_type[31:0]$1118
  1051/1885: $3\key_less$func$rtl/ssc/snapshot_epoch_ssc.sv:136$20.left_structural_dim[31:0]$1117
  1052/1885: $3\key_less$func$rtl/ssc/snapshot_epoch_ssc.sv:136$20.$result[0:0]$1116
  1053/1885: $3\key_less$func$rtl/ssc/snapshot_epoch_ssc.sv:136$19.right_source_chiplet_id[31:0]$1115
  1054/1885: $3\key_less$func$rtl/ssc/snapshot_epoch_ssc.sv:136$19.right_sequence_id[31:0]$1114
  1055/1885: $3\key_less$func$rtl/ssc/snapshot_epoch_ssc.sv:136$19.right_enterprise_type[31:0]$1113
  1056/1885: $3\key_less$func$rtl/ssc/snapshot_epoch_ssc.sv:136$19.right_structural_dim[31:0]$1112
  1057/1885: $3\key_less$func$rtl/ssc/snapshot_epoch_ssc.sv:136$19.left_source_chiplet_id[31:0]$1111
  1058/1885: $3\key_less$func$rtl/ssc/snapshot_epoch_ssc.sv:136$19.left_sequence_id[31:0]$1110
  1059/1885: $3\key_less$func$rtl/ssc/snapshot_epoch_ssc.sv:136$19.left_enterprise_type[31:0]$1109
  1060/1885: $3\key_less$func$rtl/ssc/snapshot_epoch_ssc.sv:136$19.left_structural_dim[31:0]$1108
  1061/1885: $3\key_less$func$rtl/ssc/snapshot_epoch_ssc.sv:136$19.$result[0:0]$1107
  1062/1885: $3\key_less$func$rtl/ssc/snapshot_epoch_ssc.sv:136$18.right_source_chiplet_id[31:0]$1106
  1063/1885: $3\key_less$func$rtl/ssc/snapshot_epoch_ssc.sv:136$18.right_sequence_id[31:0]$1105
  1064/1885: $3\key_less$func$rtl/ssc/snapshot_epoch_ssc.sv:136$18.right_enterprise_type[31:0]$1104
  1065/1885: $3\key_less$func$rtl/ssc/snapshot_epoch_ssc.sv:136$18.right_structural_dim[31:0]$1103
  1066/1885: $3\key_less$func$rtl/ssc/snapshot_epoch_ssc.sv:136$18.left_source_chiplet_id[31:0]$1102
  1067/1885: $3\key_less$func$rtl/ssc/snapshot_epoch_ssc.sv:136$18.left_sequence_id[31:0]$1101
  1068/1885: $3\key_less$func$rtl/ssc/snapshot_epoch_ssc.sv:136$18.left_enterprise_type[31:0]$1100
  1069/1885: $3\key_less$func$rtl/ssc/snapshot_epoch_ssc.sv:136$18.left_structural_dim[31:0]$1099
  1070/1885: $3\key_less$func$rtl/ssc/snapshot_epoch_ssc.sv:136$18.$result[0:0]$1098
  1071/1885: $3\key_less$func$rtl/ssc/snapshot_epoch_ssc.sv:136$17.right_source_chiplet_id[31:0]$1097
  1072/1885: $3\key_less$func$rtl/ssc/snapshot_epoch_ssc.sv:136$17.right_sequence_id[31:0]$1096
  1073/1885: $3\key_less$func$rtl/ssc/snapshot_epoch_ssc.sv:136$17.right_enterprise_type[31:0]$1095
  1074/1885: $3\key_less$func$rtl/ssc/snapshot_epoch_ssc.sv:136$17.right_structural_dim[31:0]$1094
  1075/1885: $3\key_less$func$rtl/ssc/snapshot_epoch_ssc.sv:136$17.left_source_chiplet_id[31:0]$1093
  1076/1885: $3\key_less$func$rtl/ssc/snapshot_epoch_ssc.sv:136$17.left_sequence_id[31:0]$1092
  1077/1885: $3\key_less$func$rtl/ssc/snapshot_epoch_ssc.sv:136$17.left_enterprise_type[31:0]$1091
  1078/1885: $3\key_less$func$rtl/ssc/snapshot_epoch_ssc.sv:136$17.left_structural_dim[31:0]$1090
  1079/1885: $3\key_less$func$rtl/ssc/snapshot_epoch_ssc.sv:136$17.$result[0:0]$1089
  1080/1885: $3\key_less$func$rtl/ssc/snapshot_epoch_ssc.sv:136$16.right_source_chiplet_id[31:0]$1088
  1081/1885: $3\key_less$func$rtl/ssc/snapshot_epoch_ssc.sv:136$16.right_sequence_id[31:0]$1087
  1082/1885: $3\key_less$func$rtl/ssc/snapshot_epoch_ssc.sv:136$16.right_enterprise_type[31:0]$1086
  1083/1885: $3\key_less$func$rtl/ssc/snapshot_epoch_ssc.sv:136$16.right_structural_dim[31:0]$1085
  1084/1885: $3\key_less$func$rtl/ssc/snapshot_epoch_ssc.sv:136$16.left_source_chiplet_id[31:0]$1084
  1085/1885: $3\key_less$func$rtl/ssc/snapshot_epoch_ssc.sv:136$16.left_sequence_id[31:0]$1083
  1086/1885: $3\key_less$func$rtl/ssc/snapshot_epoch_ssc.sv:136$16.left_enterprise_type[31:0]$1082
  1087/1885: $3\key_less$func$rtl/ssc/snapshot_epoch_ssc.sv:136$16.left_structural_dim[31:0]$1081
  1088/1885: $3\key_less$func$rtl/ssc/snapshot_epoch_ssc.sv:136$16.$result[0:0]$1080
  1089/1885: $3\key_less$func$rtl/ssc/snapshot_epoch_ssc.sv:136$15.right_source_chiplet_id[31:0]$1079
  1090/1885: $3\key_less$func$rtl/ssc/snapshot_epoch_ssc.sv:136$15.right_sequence_id[31:0]$1078
  1091/1885: $3\key_less$func$rtl/ssc/snapshot_epoch_ssc.sv:136$15.right_enterprise_type[31:0]$1077
  1092/1885: $3\key_less$func$rtl/ssc/snapshot_epoch_ssc.sv:136$15.right_structural_dim[31:0]$1076
  1093/1885: $3\key_less$func$rtl/ssc/snapshot_epoch_ssc.sv:136$15.left_source_chiplet_id[31:0]$1075
  1094/1885: $3\key_less$func$rtl/ssc/snapshot_epoch_ssc.sv:136$15.left_sequence_id[31:0]$1074
  1095/1885: $3\key_less$func$rtl/ssc/snapshot_epoch_ssc.sv:136$15.left_enterprise_type[31:0]$1073
  1096/1885: $3\key_less$func$rtl/ssc/snapshot_epoch_ssc.sv:136$15.left_structural_dim[31:0]$1072
  1097/1885: $3\key_less$func$rtl/ssc/snapshot_epoch_ssc.sv:136$15.$result[0:0]$1071
  1098/1885: $3\key_less$func$rtl/ssc/snapshot_epoch_ssc.sv:136$14.right_source_chiplet_id[31:0]$1070
  1099/1885: $3\key_less$func$rtl/ssc/snapshot_epoch_ssc.sv:136$14.right_sequence_id[31:0]$1069
  1100/1885: $3\key_less$func$rtl/ssc/snapshot_epoch_ssc.sv:136$14.right_enterprise_type[31:0]$1068
  1101/1885: $3\key_less$func$rtl/ssc/snapshot_epoch_ssc.sv:136$14.right_structural_dim[31:0]$1067
  1102/1885: $3\key_less$func$rtl/ssc/snapshot_epoch_ssc.sv:136$14.left_source_chiplet_id[31:0]$1066
  1103/1885: $3\key_less$func$rtl/ssc/snapshot_epoch_ssc.sv:136$14.left_sequence_id[31:0]$1065
  1104/1885: $3\key_less$func$rtl/ssc/snapshot_epoch_ssc.sv:136$14.left_enterprise_type[31:0]$1064
  1105/1885: $3\key_less$func$rtl/ssc/snapshot_epoch_ssc.sv:136$14.left_structural_dim[31:0]$1063
  1106/1885: $3\key_less$func$rtl/ssc/snapshot_epoch_ssc.sv:136$14.$result[0:0]$1062
  1107/1885: $3\key_less$func$rtl/ssc/snapshot_epoch_ssc.sv:136$13.right_source_chiplet_id[31:0]$1061
  1108/1885: $3\key_less$func$rtl/ssc/snapshot_epoch_ssc.sv:136$13.right_sequence_id[31:0]$1060
  1109/1885: $3\key_less$func$rtl/ssc/snapshot_epoch_ssc.sv:136$13.right_enterprise_type[31:0]$1059
  1110/1885: $3\key_less$func$rtl/ssc/snapshot_epoch_ssc.sv:136$13.right_structural_dim[31:0]$1058
  1111/1885: $3\key_less$func$rtl/ssc/snapshot_epoch_ssc.sv:136$13.left_source_chiplet_id[31:0]$1057
  1112/1885: $3\key_less$func$rtl/ssc/snapshot_epoch_ssc.sv:136$13.left_sequence_id[31:0]$1056
  1113/1885: $3\key_less$func$rtl/ssc/snapshot_epoch_ssc.sv:136$13.left_enterprise_type[31:0]$1055
  1114/1885: $3\key_less$func$rtl/ssc/snapshot_epoch_ssc.sv:136$13.left_structural_dim[31:0]$1054
  1115/1885: $3\key_less$func$rtl/ssc/snapshot_epoch_ssc.sv:136$13.$result[0:0]$1053
  1116/1885: $3\key_less$func$rtl/ssc/snapshot_epoch_ssc.sv:136$12.right_source_chiplet_id[31:0]$1052
  1117/1885: $3\key_less$func$rtl/ssc/snapshot_epoch_ssc.sv:136$12.right_sequence_id[31:0]$1051
  1118/1885: $3\key_less$func$rtl/ssc/snapshot_epoch_ssc.sv:136$12.right_enterprise_type[31:0]$1050
  1119/1885: $3\key_less$func$rtl/ssc/snapshot_epoch_ssc.sv:136$12.right_structural_dim[31:0]$1049
  1120/1885: $3\key_less$func$rtl/ssc/snapshot_epoch_ssc.sv:136$12.left_source_chiplet_id[31:0]$1048
  1121/1885: $3\key_less$func$rtl/ssc/snapshot_epoch_ssc.sv:136$12.left_sequence_id[31:0]$1047
  1122/1885: $3\key_less$func$rtl/ssc/snapshot_epoch_ssc.sv:136$12.left_enterprise_type[31:0]$1046
  1123/1885: $3\key_less$func$rtl/ssc/snapshot_epoch_ssc.sv:136$12.left_structural_dim[31:0]$1045
  1124/1885: $3\key_less$func$rtl/ssc/snapshot_epoch_ssc.sv:136$12.$result[0:0]$1044
  1125/1885: $3\key_less$func$rtl/ssc/snapshot_epoch_ssc.sv:136$11.right_source_chiplet_id[31:0]$1043
  1126/1885: $3\key_less$func$rtl/ssc/snapshot_epoch_ssc.sv:136$11.right_sequence_id[31:0]$1042
  1127/1885: $3\key_less$func$rtl/ssc/snapshot_epoch_ssc.sv:136$11.right_enterprise_type[31:0]$1041
  1128/1885: $3\key_less$func$rtl/ssc/snapshot_epoch_ssc.sv:136$11.right_structural_dim[31:0]$1040
  1129/1885: $3\key_less$func$rtl/ssc/snapshot_epoch_ssc.sv:136$11.left_source_chiplet_id[31:0]$1039
  1130/1885: $3\key_less$func$rtl/ssc/snapshot_epoch_ssc.sv:136$11.left_sequence_id[31:0]$1038
  1131/1885: $3\key_less$func$rtl/ssc/snapshot_epoch_ssc.sv:136$11.left_enterprise_type[31:0]$1037
  1132/1885: $3\key_less$func$rtl/ssc/snapshot_epoch_ssc.sv:136$11.left_structural_dim[31:0]$1036
  1133/1885: $3\key_less$func$rtl/ssc/snapshot_epoch_ssc.sv:136$11.$result[0:0]$1035
  1134/1885: $3\key_less$func$rtl/ssc/snapshot_epoch_ssc.sv:136$10.right_source_chiplet_id[31:0]$1034
  1135/1885: $3\key_less$func$rtl/ssc/snapshot_epoch_ssc.sv:136$10.right_sequence_id[31:0]$1033
  1136/1885: $3\key_less$func$rtl/ssc/snapshot_epoch_ssc.sv:136$10.right_enterprise_type[31:0]$1032
  1137/1885: $3\key_less$func$rtl/ssc/snapshot_epoch_ssc.sv:136$10.right_structural_dim[31:0]$1031
  1138/1885: $3\key_less$func$rtl/ssc/snapshot_epoch_ssc.sv:136$10.left_source_chiplet_id[31:0]$1030
  1139/1885: $3\key_less$func$rtl/ssc/snapshot_epoch_ssc.sv:136$10.left_sequence_id[31:0]$1029
  1140/1885: $3\key_less$func$rtl/ssc/snapshot_epoch_ssc.sv:136$10.left_enterprise_type[31:0]$1028
  1141/1885: $3\key_less$func$rtl/ssc/snapshot_epoch_ssc.sv:136$10.left_structural_dim[31:0]$1027
  1142/1885: $3\key_less$func$rtl/ssc/snapshot_epoch_ssc.sv:136$10.$result[0:0]$1026
  1143/1885: $3\key_less$func$rtl/ssc/snapshot_epoch_ssc.sv:136$9.right_source_chiplet_id[31:0]$1025
  1144/1885: $3\key_less$func$rtl/ssc/snapshot_epoch_ssc.sv:136$9.right_sequence_id[31:0]$1024
  1145/1885: $3\key_less$func$rtl/ssc/snapshot_epoch_ssc.sv:136$9.right_enterprise_type[31:0]$1023
  1146/1885: $3\key_less$func$rtl/ssc/snapshot_epoch_ssc.sv:136$9.right_structural_dim[31:0]$1022
  1147/1885: $3\key_less$func$rtl/ssc/snapshot_epoch_ssc.sv:136$9.left_source_chiplet_id[31:0]$1021
  1148/1885: $3\key_less$func$rtl/ssc/snapshot_epoch_ssc.sv:136$9.left_sequence_id[31:0]$1020
  1149/1885: $3\key_less$func$rtl/ssc/snapshot_epoch_ssc.sv:136$9.left_enterprise_type[31:0]$1019
  1150/1885: $3\key_less$func$rtl/ssc/snapshot_epoch_ssc.sv:136$9.left_structural_dim[31:0]$1018
  1151/1885: $3\key_less$func$rtl/ssc/snapshot_epoch_ssc.sv:136$9.$result[0:0]$1017
  1152/1885: $3\key_less$func$rtl/ssc/snapshot_epoch_ssc.sv:136$8.right_source_chiplet_id[31:0]$1016
  1153/1885: $3\key_less$func$rtl/ssc/snapshot_epoch_ssc.sv:136$8.right_sequence_id[31:0]$1015
  1154/1885: $3\key_less$func$rtl/ssc/snapshot_epoch_ssc.sv:136$8.right_enterprise_type[31:0]$1014
  1155/1885: $3\key_less$func$rtl/ssc/snapshot_epoch_ssc.sv:136$8.right_structural_dim[31:0]$1013
  1156/1885: $3\key_less$func$rtl/ssc/snapshot_epoch_ssc.sv:136$8.left_source_chiplet_id[31:0]$1012
  1157/1885: $3\key_less$func$rtl/ssc/snapshot_epoch_ssc.sv:136$8.left_sequence_id[31:0]$1011
  1158/1885: $3\key_less$func$rtl/ssc/snapshot_epoch_ssc.sv:136$8.left_enterprise_type[31:0]$1010
  1159/1885: $3\key_less$func$rtl/ssc/snapshot_epoch_ssc.sv:136$8.left_structural_dim[31:0]$1009
  1160/1885: $3\key_less$func$rtl/ssc/snapshot_epoch_ssc.sv:136$8.$result[0:0]$1008
  1161/1885: $3\key_less$func$rtl/ssc/snapshot_epoch_ssc.sv:136$7.right_source_chiplet_id[31:0]$1007
  1162/1885: $3\key_less$func$rtl/ssc/snapshot_epoch_ssc.sv:136$7.right_sequence_id[31:0]$1006
  1163/1885: $3\key_less$func$rtl/ssc/snapshot_epoch_ssc.sv:136$7.right_enterprise_type[31:0]$1005
  1164/1885: $3\key_less$func$rtl/ssc/snapshot_epoch_ssc.sv:136$7.right_structural_dim[31:0]$1004
  1165/1885: $3\key_less$func$rtl/ssc/snapshot_epoch_ssc.sv:136$7.left_source_chiplet_id[31:0]$1003
  1166/1885: $3\key_less$func$rtl/ssc/snapshot_epoch_ssc.sv:136$7.left_sequence_id[31:0]$1002
  1167/1885: $3\key_less$func$rtl/ssc/snapshot_epoch_ssc.sv:136$7.left_enterprise_type[31:0]$1001
  1168/1885: $3\key_less$func$rtl/ssc/snapshot_epoch_ssc.sv:136$7.left_structural_dim[31:0]$1000
  1169/1885: $3\key_less$func$rtl/ssc/snapshot_epoch_ssc.sv:136$7.$result[0:0]$999
  1170/1885: $3\key_less$func$rtl/ssc/snapshot_epoch_ssc.sv:136$6.right_source_chiplet_id[31:0]$998
  1171/1885: $3\key_less$func$rtl/ssc/snapshot_epoch_ssc.sv:136$6.right_sequence_id[31:0]$997
  1172/1885: $3\key_less$func$rtl/ssc/snapshot_epoch_ssc.sv:136$6.right_enterprise_type[31:0]$996
  1173/1885: $3\key_less$func$rtl/ssc/snapshot_epoch_ssc.sv:136$6.right_structural_dim[31:0]$995
  1174/1885: $3\key_less$func$rtl/ssc/snapshot_epoch_ssc.sv:136$6.left_source_chiplet_id[31:0]$994
  1175/1885: $3\key_less$func$rtl/ssc/snapshot_epoch_ssc.sv:136$6.left_sequence_id[31:0]$993
  1176/1885: $3\key_less$func$rtl/ssc/snapshot_epoch_ssc.sv:136$6.left_enterprise_type[31:0]$992
  1177/1885: $3\key_less$func$rtl/ssc/snapshot_epoch_ssc.sv:136$6.left_structural_dim[31:0]$991
  1178/1885: $3\key_less$func$rtl/ssc/snapshot_epoch_ssc.sv:136$6.$result[0:0]$990
  1179/1885: $3\key_less$func$rtl/ssc/snapshot_epoch_ssc.sv:136$5.right_source_chiplet_id[31:0]$989
  1180/1885: $3\key_less$func$rtl/ssc/snapshot_epoch_ssc.sv:136$5.right_sequence_id[31:0]$988
  1181/1885: $3\key_less$func$rtl/ssc/snapshot_epoch_ssc.sv:136$5.right_enterprise_type[31:0]$987
  1182/1885: $3\key_less$func$rtl/ssc/snapshot_epoch_ssc.sv:136$5.right_structural_dim[31:0]$986
  1183/1885: $3\key_less$func$rtl/ssc/snapshot_epoch_ssc.sv:136$5.left_source_chiplet_id[31:0]$985
  1184/1885: $3\key_less$func$rtl/ssc/snapshot_epoch_ssc.sv:136$5.left_sequence_id[31:0]$984
  1185/1885: $3\key_less$func$rtl/ssc/snapshot_epoch_ssc.sv:136$5.left_enterprise_type[31:0]$983
  1186/1885: $3\key_less$func$rtl/ssc/snapshot_epoch_ssc.sv:136$5.left_structural_dim[31:0]$982
  1187/1885: $3\key_less$func$rtl/ssc/snapshot_epoch_ssc.sv:136$5.$result[0:0]$981
  1188/1885: $3\key_less$func$rtl/ssc/snapshot_epoch_ssc.sv:136$4.right_source_chiplet_id[31:0]$980
  1189/1885: $3\key_less$func$rtl/ssc/snapshot_epoch_ssc.sv:136$4.right_sequence_id[31:0]$979
  1190/1885: $3\key_less$func$rtl/ssc/snapshot_epoch_ssc.sv:136$4.right_enterprise_type[31:0]$978
  1191/1885: $3\key_less$func$rtl/ssc/snapshot_epoch_ssc.sv:136$4.right_structural_dim[31:0]$977
  1192/1885: $3\key_less$func$rtl/ssc/snapshot_epoch_ssc.sv:136$4.left_source_chiplet_id[31:0]$976
  1193/1885: $3\key_less$func$rtl/ssc/snapshot_epoch_ssc.sv:136$4.left_sequence_id[31:0]$975
  1194/1885: $3\key_less$func$rtl/ssc/snapshot_epoch_ssc.sv:136$4.left_enterprise_type[31:0]$974
  1195/1885: $3\key_less$func$rtl/ssc/snapshot_epoch_ssc.sv:136$4.left_structural_dim[31:0]$973
  1196/1885: $3\key_less$func$rtl/ssc/snapshot_epoch_ssc.sv:136$4.$result[0:0]$972
  1197/1885: $3\swap_node_id[31:0]
  1198/1885: $3\swap_payload_q32[63:0]
  1199/1885: $3\swap_source_chiplet_id[31:0]
  1200/1885: $3\swap_sequence_id[31:0]
  1201/1885: $3\swap_enterprise_type[31:0]
  1202/1885: $3\swap_structural_dim[31:0]
  1203/1885: $3\j[31:0]
  1204/1885: $4\i[31:0]
  1205/1885: $4$mem2reg_wr$\stored_node_id$rtl/ssc/snapshot_epoch_ssc.sv:125$43_DATA[31:0]$969
  1206/1885: $4$mem2reg_wr$\stored_node_id$rtl/ssc/snapshot_epoch_ssc.sv:125$43_ADDR[2:0]$968
  1207/1885: $4$mem2reg_wr$\stored_payload_q32$rtl/ssc/snapshot_epoch_ssc.sv:124$42_DATA[63:0]$967
  1208/1885: $4$mem2reg_wr$\stored_payload_q32$rtl/ssc/snapshot_epoch_ssc.sv:124$42_ADDR[2:0]$966
  1209/1885: $4$mem2reg_wr$\stored_source_chiplet_id$rtl/ssc/snapshot_epoch_ssc.sv:123$41_DATA[31:0]$965
  1210/1885: $4$mem2reg_wr$\stored_source_chiplet_id$rtl/ssc/snapshot_epoch_ssc.sv:123$41_ADDR[2:0]$964
  1211/1885: $4$mem2reg_wr$\stored_sequence_id$rtl/ssc/snapshot_epoch_ssc.sv:122$40_DATA[31:0]$963
  1212/1885: $4$mem2reg_wr$\stored_sequence_id$rtl/ssc/snapshot_epoch_ssc.sv:122$40_ADDR[2:0]$962
  1213/1885: $4$mem2reg_wr$\stored_enterprise_type$rtl/ssc/snapshot_epoch_ssc.sv:121$39_DATA[31:0]$961
  1214/1885: $4$mem2reg_wr$\stored_enterprise_type$rtl/ssc/snapshot_epoch_ssc.sv:121$39_ADDR[2:0]$960
  1215/1885: $4$mem2reg_wr$\stored_structural_dim$rtl/ssc/snapshot_epoch_ssc.sv:120$38_DATA[31:0]$959
  1216/1885: $4$mem2reg_wr$\stored_structural_dim$rtl/ssc/snapshot_epoch_ssc.sv:120$38_ADDR[2:0]$958
  1217/1885: $11\duplicate_found[0:0]
  1218/1885: $10\duplicate_found[0:0]
  1219/1885: $9\duplicate_found[0:0]
  1220/1885: $8\duplicate_found[0:0]
  1221/1885: $7\duplicate_found[0:0]
  1222/1885: $6\duplicate_found[0:0]
  1223/1885: $5\duplicate_found[0:0]
  1224/1885: $4\duplicate_found[0:0]
  1225/1885: $3$mem2reg_wr$\stored_node_id$rtl/ssc/snapshot_epoch_ssc.sv:125$43_DATA[31:0]$883
  1226/1885: $3$mem2reg_wr$\stored_node_id$rtl/ssc/snapshot_epoch_ssc.sv:125$43_ADDR[2:0]$882
  1227/1885: $3$mem2reg_wr$\stored_payload_q32$rtl/ssc/snapshot_epoch_ssc.sv:124$42_DATA[63:0]$881
  1228/1885: $3$mem2reg_wr$\stored_payload_q32$rtl/ssc/snapshot_epoch_ssc.sv:124$42_ADDR[2:0]$880
  1229/1885: $3$mem2reg_wr$\stored_source_chiplet_id$rtl/ssc/snapshot_epoch_ssc.sv:123$41_DATA[31:0]$879
  1230/1885: $3$mem2reg_wr$\stored_source_chiplet_id$rtl/ssc/snapshot_epoch_ssc.sv:123$41_ADDR[2:0]$878
  1231/1885: $3$mem2reg_wr$\stored_sequence_id$rtl/ssc/snapshot_epoch_ssc.sv:122$40_DATA[31:0]$877
  1232/1885: $3$mem2reg_wr$\stored_sequence_id$rtl/ssc/snapshot_epoch_ssc.sv:122$40_ADDR[2:0]$876
  1233/1885: $3$mem2reg_wr$\stored_enterprise_type$rtl/ssc/snapshot_epoch_ssc.sv:121$39_DATA[31:0]$875
  1234/1885: $3$mem2reg_wr$\stored_enterprise_type$rtl/ssc/snapshot_epoch_ssc.sv:121$39_ADDR[2:0]$874
  1235/1885: $3$mem2reg_wr$\stored_structural_dim$rtl/ssc/snapshot_epoch_ssc.sv:120$38_DATA[31:0]$873
  1236/1885: $3$mem2reg_wr$\stored_structural_dim$rtl/ssc/snapshot_epoch_ssc.sv:120$38_ADDR[2:0]$872
  1237/1885: $3\i[31:0]
  1238/1885: $3\duplicate_found[0:0]
  1239/1885: $2$mem2reg_wr$\stored_node_id$rtl/ssc/snapshot_epoch_ssc.sv:125$43_DATA[31:0]$868
  1240/1885: $2$mem2reg_wr$\stored_node_id$rtl/ssc/snapshot_epoch_ssc.sv:125$43_ADDR[2:0]$867
  1241/1885: $2$mem2reg_wr$\stored_payload_q32$rtl/ssc/snapshot_epoch_ssc.sv:124$42_DATA[63:0]$866
  1242/1885: $2$mem2reg_wr$\stored_payload_q32$rtl/ssc/snapshot_epoch_ssc.sv:124$42_ADDR[2:0]$865
  1243/1885: $2$mem2reg_wr$\stored_source_chiplet_id$rtl/ssc/snapshot_epoch_ssc.sv:123$41_DATA[31:0]$864
  1244/1885: $2$mem2reg_wr$\stored_source_chiplet_id$rtl/ssc/snapshot_epoch_ssc.sv:123$41_ADDR[2:0]$863
  1245/1885: $2$mem2reg_wr$\stored_sequence_id$rtl/ssc/snapshot_epoch_ssc.sv:122$40_DATA[31:0]$862
  1246/1885: $2$mem2reg_wr$\stored_sequence_id$rtl/ssc/snapshot_epoch_ssc.sv:122$40_ADDR[2:0]$861
  1247/1885: $2$mem2reg_wr$\stored_enterprise_type$rtl/ssc/snapshot_epoch_ssc.sv:121$39_DATA[31:0]$860
  1248/1885: $2$mem2reg_wr$\stored_enterprise_type$rtl/ssc/snapshot_epoch_ssc.sv:121$39_ADDR[2:0]$859
  1249/1885: $2$mem2reg_wr$\stored_structural_dim$rtl/ssc/snapshot_epoch_ssc.sv:120$38_DATA[31:0]$858
  1250/1885: $2$mem2reg_wr$\stored_structural_dim$rtl/ssc/snapshot_epoch_ssc.sv:120$38_ADDR[2:0]$857
  1251/1885: $2\stored_node_id[7][31:0]
  1252/1885: $2\stored_node_id[6][31:0]
  1253/1885: $2\stored_node_id[5][31:0]
  1254/1885: $2\stored_node_id[4][31:0]
  1255/1885: $2\stored_node_id[3][31:0]
  1256/1885: $2\stored_node_id[2][31:0]
  1257/1885: $2\stored_node_id[1][31:0]
  1258/1885: $2\stored_node_id[0][31:0]
  1259/1885: $2\stored_payload_q32[7][63:0]
  1260/1885: $2\stored_payload_q32[6][63:0]
  1261/1885: $2\stored_payload_q32[5][63:0]
  1262/1885: $2\stored_payload_q32[4][63:0]
  1263/1885: $2\stored_payload_q32[3][63:0]
  1264/1885: $2\stored_payload_q32[2][63:0]
  1265/1885: $2\stored_payload_q32[1][63:0]
  1266/1885: $2\stored_payload_q32[0][63:0]
  1267/1885: $2\stored_source_chiplet_id[7][31:0]
  1268/1885: $2\stored_source_chiplet_id[6][31:0]
  1269/1885: $2\stored_source_chiplet_id[5][31:0]
  1270/1885: $2\stored_source_chiplet_id[4][31:0]
  1271/1885: $2\stored_source_chiplet_id[3][31:0]
  1272/1885: $2\stored_source_chiplet_id[2][31:0]
  1273/1885: $2\stored_source_chiplet_id[1][31:0]
  1274/1885: $2\stored_source_chiplet_id[0][31:0]
  1275/1885: $2\stored_sequence_id[7][31:0]
  1276/1885: $2\stored_sequence_id[6][31:0]
  1277/1885: $2\stored_sequence_id[5][31:0]
  1278/1885: $2\stored_sequence_id[4][31:0]
  1279/1885: $2\stored_sequence_id[3][31:0]
  1280/1885: $2\stored_sequence_id[2][31:0]
  1281/1885: $2\stored_sequence_id[1][31:0]
  1282/1885: $2\stored_sequence_id[0][31:0]
  1283/1885: $2\stored_enterprise_type[7][31:0]
  1284/1885: $2\stored_enterprise_type[6][31:0]
  1285/1885: $2\stored_enterprise_type[5][31:0]
  1286/1885: $2\stored_enterprise_type[4][31:0]
  1287/1885: $2\stored_enterprise_type[3][31:0]
  1288/1885: $2\stored_enterprise_type[2][31:0]
  1289/1885: $2\stored_enterprise_type[1][31:0]
  1290/1885: $2\stored_enterprise_type[0][31:0]
  1291/1885: $2\stored_structural_dim[7][31:0]
  1292/1885: $2\stored_structural_dim[6][31:0]
  1293/1885: $2\stored_structural_dim[5][31:0]
  1294/1885: $2\stored_structural_dim[4][31:0]
  1295/1885: $2\stored_structural_dim[3][31:0]
  1296/1885: $2\stored_structural_dim[2][31:0]
  1297/1885: $2\stored_structural_dim[1][31:0]
  1298/1885: $2\stored_structural_dim[0][31:0]
  1299/1885: $2\key_less$func$rtl/ssc/snapshot_epoch_ssc.sv:136$31.right_source_chiplet_id[31:0]$856
  1300/1885: $2\key_less$func$rtl/ssc/snapshot_epoch_ssc.sv:136$31.right_sequence_id[31:0]$855
  1301/1885: $2\key_less$func$rtl/ssc/snapshot_epoch_ssc.sv:136$31.right_enterprise_type[31:0]$854
  1302/1885: $2\key_less$func$rtl/ssc/snapshot_epoch_ssc.sv:136$31.right_structural_dim[31:0]$853
  1303/1885: $2\key_less$func$rtl/ssc/snapshot_epoch_ssc.sv:136$31.left_source_chiplet_id[31:0]$852
  1304/1885: $2\key_less$func$rtl/ssc/snapshot_epoch_ssc.sv:136$31.left_sequence_id[31:0]$851
  1305/1885: $2\key_less$func$rtl/ssc/snapshot_epoch_ssc.sv:136$31.left_enterprise_type[31:0]$850
  1306/1885: $2\key_less$func$rtl/ssc/snapshot_epoch_ssc.sv:136$31.left_structural_dim[31:0]$849
  1307/1885: $2\key_less$func$rtl/ssc/snapshot_epoch_ssc.sv:136$31.$result[0:0]$848
  1308/1885: $2\key_less$func$rtl/ssc/snapshot_epoch_ssc.sv:136$30.right_source_chiplet_id[31:0]$847
  1309/1885: $2\key_less$func$rtl/ssc/snapshot_epoch_ssc.sv:136$30.right_sequence_id[31:0]$846
  1310/1885: $2\key_less$func$rtl/ssc/snapshot_epoch_ssc.sv:136$30.right_enterprise_type[31:0]$845
  1311/1885: $2\key_less$func$rtl/ssc/snapshot_epoch_ssc.sv:136$30.right_structural_dim[31:0]$844
  1312/1885: $2\key_less$func$rtl/ssc/snapshot_epoch_ssc.sv:136$30.left_source_chiplet_id[31:0]$843
  1313/1885: $2\key_less$func$rtl/ssc/snapshot_epoch_ssc.sv:136$30.left_sequence_id[31:0]$842
  1314/1885: $2\key_less$func$rtl/ssc/snapshot_epoch_ssc.sv:136$30.left_enterprise_type[31:0]$841
  1315/1885: $2\key_less$func$rtl/ssc/snapshot_epoch_ssc.sv:136$30.left_structural_dim[31:0]$840
  1316/1885: $2\key_less$func$rtl/ssc/snapshot_epoch_ssc.sv:136$30.$result[0:0]$839
  1317/1885: $2\key_less$func$rtl/ssc/snapshot_epoch_ssc.sv:136$29.right_source_chiplet_id[31:0]$838
  1318/1885: $2\key_less$func$rtl/ssc/snapshot_epoch_ssc.sv:136$29.right_sequence_id[31:0]$837
  1319/1885: $2\key_less$func$rtl/ssc/snapshot_epoch_ssc.sv:136$29.right_enterprise_type[31:0]$836
  1320/1885: $2\key_less$func$rtl/ssc/snapshot_epoch_ssc.sv:136$29.right_structural_dim[31:0]$835
  1321/1885: $2\key_less$func$rtl/ssc/snapshot_epoch_ssc.sv:136$29.left_source_chiplet_id[31:0]$834
  1322/1885: $2\key_less$func$rtl/ssc/snapshot_epoch_ssc.sv:136$29.left_sequence_id[31:0]$833
  1323/1885: $2\key_less$func$rtl/ssc/snapshot_epoch_ssc.sv:136$29.left_enterprise_type[31:0]$832
  1324/1885: $2\key_less$func$rtl/ssc/snapshot_epoch_ssc.sv:136$29.left_structural_dim[31:0]$831
  1325/1885: $2\key_less$func$rtl/ssc/snapshot_epoch_ssc.sv:136$29.$result[0:0]$830
  1326/1885: $2\key_less$func$rtl/ssc/snapshot_epoch_ssc.sv:136$28.right_source_chiplet_id[31:0]$829
  1327/1885: $2\key_less$func$rtl/ssc/snapshot_epoch_ssc.sv:136$28.right_sequence_id[31:0]$828
  1328/1885: $2\key_less$func$rtl/ssc/snapshot_epoch_ssc.sv:136$28.right_enterprise_type[31:0]$827
  1329/1885: $2\key_less$func$rtl/ssc/snapshot_epoch_ssc.sv:136$28.right_structural_dim[31:0]$826
  1330/1885: $2\key_less$func$rtl/ssc/snapshot_epoch_ssc.sv:136$28.left_source_chiplet_id[31:0]$825
  1331/1885: $2\key_less$func$rtl/ssc/snapshot_epoch_ssc.sv:136$28.left_sequence_id[31:0]$824
  1332/1885: $2\key_less$func$rtl/ssc/snapshot_epoch_ssc.sv:136$28.left_enterprise_type[31:0]$823
  1333/1885: $2\key_less$func$rtl/ssc/snapshot_epoch_ssc.sv:136$28.left_structural_dim[31:0]$822
  1334/1885: $2\key_less$func$rtl/ssc/snapshot_epoch_ssc.sv:136$28.$result[0:0]$821
  1335/1885: $2\key_less$func$rtl/ssc/snapshot_epoch_ssc.sv:136$27.right_source_chiplet_id[31:0]$820
  1336/1885: $2\key_less$func$rtl/ssc/snapshot_epoch_ssc.sv:136$27.right_sequence_id[31:0]$819
  1337/1885: $2\key_less$func$rtl/ssc/snapshot_epoch_ssc.sv:136$27.right_enterprise_type[31:0]$818
  1338/1885: $2\key_less$func$rtl/ssc/snapshot_epoch_ssc.sv:136$27.right_structural_dim[31:0]$817
  1339/1885: $2\key_less$func$rtl/ssc/snapshot_epoch_ssc.sv:136$27.left_source_chiplet_id[31:0]$816
  1340/1885: $2\key_less$func$rtl/ssc/snapshot_epoch_ssc.sv:136$27.left_sequence_id[31:0]$815
  1341/1885: $2\key_less$func$rtl/ssc/snapshot_epoch_ssc.sv:136$27.left_enterprise_type[31:0]$814
  1342/1885: $2\key_less$func$rtl/ssc/snapshot_epoch_ssc.sv:136$27.left_structural_dim[31:0]$813
  1343/1885: $2\key_less$func$rtl/ssc/snapshot_epoch_ssc.sv:136$27.$result[0:0]$812
  1344/1885: $2\key_less$func$rtl/ssc/snapshot_epoch_ssc.sv:136$26.right_source_chiplet_id[31:0]$811
  1345/1885: $2\key_less$func$rtl/ssc/snapshot_epoch_ssc.sv:136$26.right_sequence_id[31:0]$810
  1346/1885: $2\key_less$func$rtl/ssc/snapshot_epoch_ssc.sv:136$26.right_enterprise_type[31:0]$809
  1347/1885: $2\key_less$func$rtl/ssc/snapshot_epoch_ssc.sv:136$26.right_structural_dim[31:0]$808
  1348/1885: $2\key_less$func$rtl/ssc/snapshot_epoch_ssc.sv:136$26.left_source_chiplet_id[31:0]$807
  1349/1885: $2\key_less$func$rtl/ssc/snapshot_epoch_ssc.sv:136$26.left_sequence_id[31:0]$806
  1350/1885: $2\key_less$func$rtl/ssc/snapshot_epoch_ssc.sv:136$26.left_enterprise_type[31:0]$805
  1351/1885: $2\key_less$func$rtl/ssc/snapshot_epoch_ssc.sv:136$26.left_structural_dim[31:0]$804
  1352/1885: $2\key_less$func$rtl/ssc/snapshot_epoch_ssc.sv:136$26.$result[0:0]$803
  1353/1885: $2\key_less$func$rtl/ssc/snapshot_epoch_ssc.sv:136$25.right_source_chiplet_id[31:0]$802
  1354/1885: $2\key_less$func$rtl/ssc/snapshot_epoch_ssc.sv:136$25.right_sequence_id[31:0]$801
  1355/1885: $2\key_less$func$rtl/ssc/snapshot_epoch_ssc.sv:136$25.right_enterprise_type[31:0]$800
  1356/1885: $2\key_less$func$rtl/ssc/snapshot_epoch_ssc.sv:136$25.right_structural_dim[31:0]$799
  1357/1885: $2\key_less$func$rtl/ssc/snapshot_epoch_ssc.sv:136$25.left_source_chiplet_id[31:0]$798
  1358/1885: $2\key_less$func$rtl/ssc/snapshot_epoch_ssc.sv:136$25.left_sequence_id[31:0]$797
  1359/1885: $2\key_less$func$rtl/ssc/snapshot_epoch_ssc.sv:136$25.left_enterprise_type[31:0]$796
  1360/1885: $2\key_less$func$rtl/ssc/snapshot_epoch_ssc.sv:136$25.left_structural_dim[31:0]$795
  1361/1885: $2\key_less$func$rtl/ssc/snapshot_epoch_ssc.sv:136$25.$result[0:0]$794
  1362/1885: $2\key_less$func$rtl/ssc/snapshot_epoch_ssc.sv:136$24.right_source_chiplet_id[31:0]$793
  1363/1885: $2\key_less$func$rtl/ssc/snapshot_epoch_ssc.sv:136$24.right_sequence_id[31:0]$792
  1364/1885: $2\key_less$func$rtl/ssc/snapshot_epoch_ssc.sv:136$24.right_enterprise_type[31:0]$791
  1365/1885: $2\key_less$func$rtl/ssc/snapshot_epoch_ssc.sv:136$24.right_structural_dim[31:0]$790
  1366/1885: $2\key_less$func$rtl/ssc/snapshot_epoch_ssc.sv:136$24.left_source_chiplet_id[31:0]$789
  1367/1885: $2\key_less$func$rtl/ssc/snapshot_epoch_ssc.sv:136$24.left_sequence_id[31:0]$788
  1368/1885: $2\key_less$func$rtl/ssc/snapshot_epoch_ssc.sv:136$24.left_enterprise_type[31:0]$787
  1369/1885: $2\key_less$func$rtl/ssc/snapshot_epoch_ssc.sv:136$24.left_structural_dim[31:0]$786
  1370/1885: $2\key_less$func$rtl/ssc/snapshot_epoch_ssc.sv:136$24.$result[0:0]$785
  1371/1885: $2\key_less$func$rtl/ssc/snapshot_epoch_ssc.sv:136$23.right_source_chiplet_id[31:0]$784
  1372/1885: $2\key_less$func$rtl/ssc/snapshot_epoch_ssc.sv:136$23.right_sequence_id[31:0]$783
  1373/1885: $2\key_less$func$rtl/ssc/snapshot_epoch_ssc.sv:136$23.right_enterprise_type[31:0]$782
  1374/1885: $2\key_less$func$rtl/ssc/snapshot_epoch_ssc.sv:136$23.right_structural_dim[31:0]$781
  1375/1885: $2\key_less$func$rtl/ssc/snapshot_epoch_ssc.sv:136$23.left_source_chiplet_id[31:0]$780
  1376/1885: $2\key_less$func$rtl/ssc/snapshot_epoch_ssc.sv:136$23.left_sequence_id[31:0]$779
  1377/1885: $2\key_less$func$rtl/ssc/snapshot_epoch_ssc.sv:136$23.left_enterprise_type[31:0]$778
  1378/1885: $2\key_less$func$rtl/ssc/snapshot_epoch_ssc.sv:136$23.left_structural_dim[31:0]$777
  1379/1885: $2\key_less$func$rtl/ssc/snapshot_epoch_ssc.sv:136$23.$result[0:0]$776
  1380/1885: $2\key_less$func$rtl/ssc/snapshot_epoch_ssc.sv:136$22.right_source_chiplet_id[31:0]$775
  1381/1885: $2\key_less$func$rtl/ssc/snapshot_epoch_ssc.sv:136$22.right_sequence_id[31:0]$774
  1382/1885: $2\key_less$func$rtl/ssc/snapshot_epoch_ssc.sv:136$22.right_enterprise_type[31:0]$773
  1383/1885: $2\key_less$func$rtl/ssc/snapshot_epoch_ssc.sv:136$22.right_structural_dim[31:0]$772
  1384/1885: $2\key_less$func$rtl/ssc/snapshot_epoch_ssc.sv:136$22.left_source_chiplet_id[31:0]$771
  1385/1885: $2\key_less$func$rtl/ssc/snapshot_epoch_ssc.sv:136$22.left_sequence_id[31:0]$770
  1386/1885: $2\key_less$func$rtl/ssc/snapshot_epoch_ssc.sv:136$22.left_enterprise_type[31:0]$769
  1387/1885: $2\key_less$func$rtl/ssc/snapshot_epoch_ssc.sv:136$22.left_structural_dim[31:0]$768
  1388/1885: $2\key_less$func$rtl/ssc/snapshot_epoch_ssc.sv:136$22.$result[0:0]$767
  1389/1885: $2\key_less$func$rtl/ssc/snapshot_epoch_ssc.sv:136$21.right_source_chiplet_id[31:0]$766
  1390/1885: $2\key_less$func$rtl/ssc/snapshot_epoch_ssc.sv:136$21.right_sequence_id[31:0]$765
  1391/1885: $2\key_less$func$rtl/ssc/snapshot_epoch_ssc.sv:136$21.right_enterprise_type[31:0]$764
  1392/1885: $2\key_less$func$rtl/ssc/snapshot_epoch_ssc.sv:136$21.right_structural_dim[31:0]$763
  1393/1885: $2\key_less$func$rtl/ssc/snapshot_epoch_ssc.sv:136$21.left_source_chiplet_id[31:0]$762
  1394/1885: $2\key_less$func$rtl/ssc/snapshot_epoch_ssc.sv:136$21.left_sequence_id[31:0]$761
  1395/1885: $2\key_less$func$rtl/ssc/snapshot_epoch_ssc.sv:136$21.left_enterprise_type[31:0]$760
  1396/1885: $2\key_less$func$rtl/ssc/snapshot_epoch_ssc.sv:136$21.left_structural_dim[31:0]$759
  1397/1885: $2\key_less$func$rtl/ssc/snapshot_epoch_ssc.sv:136$21.$result[0:0]$758
  1398/1885: $2\key_less$func$rtl/ssc/snapshot_epoch_ssc.sv:136$20.right_source_chiplet_id[31:0]$757
  1399/1885: $2\key_less$func$rtl/ssc/snapshot_epoch_ssc.sv:136$20.right_sequence_id[31:0]$756
  1400/1885: $2\key_less$func$rtl/ssc/snapshot_epoch_ssc.sv:136$20.right_enterprise_type[31:0]$755
  1401/1885: $2\key_less$func$rtl/ssc/snapshot_epoch_ssc.sv:136$20.right_structural_dim[31:0]$754
  1402/1885: $2\key_less$func$rtl/ssc/snapshot_epoch_ssc.sv:136$20.left_source_chiplet_id[31:0]$753
  1403/1885: $2\key_less$func$rtl/ssc/snapshot_epoch_ssc.sv:136$20.left_sequence_id[31:0]$752
  1404/1885: $2\key_less$func$rtl/ssc/snapshot_epoch_ssc.sv:136$20.left_enterprise_type[31:0]$751
  1405/1885: $2\key_less$func$rtl/ssc/snapshot_epoch_ssc.sv:136$20.left_structural_dim[31:0]$750
  1406/1885: $2\key_less$func$rtl/ssc/snapshot_epoch_ssc.sv:136$20.$result[0:0]$749
  1407/1885: $2\key_less$func$rtl/ssc/snapshot_epoch_ssc.sv:136$19.right_source_chiplet_id[31:0]$748
  1408/1885: $2\key_less$func$rtl/ssc/snapshot_epoch_ssc.sv:136$19.right_sequence_id[31:0]$747
  1409/1885: $2\key_less$func$rtl/ssc/snapshot_epoch_ssc.sv:136$19.right_enterprise_type[31:0]$746
  1410/1885: $2\key_less$func$rtl/ssc/snapshot_epoch_ssc.sv:136$19.right_structural_dim[31:0]$745
  1411/1885: $2\key_less$func$rtl/ssc/snapshot_epoch_ssc.sv:136$19.left_source_chiplet_id[31:0]$744
  1412/1885: $2\key_less$func$rtl/ssc/snapshot_epoch_ssc.sv:136$19.left_sequence_id[31:0]$743
  1413/1885: $2\key_less$func$rtl/ssc/snapshot_epoch_ssc.sv:136$19.left_enterprise_type[31:0]$742
  1414/1885: $2\key_less$func$rtl/ssc/snapshot_epoch_ssc.sv:136$19.left_structural_dim[31:0]$741
  1415/1885: $2\key_less$func$rtl/ssc/snapshot_epoch_ssc.sv:136$19.$result[0:0]$740
  1416/1885: $2\key_less$func$rtl/ssc/snapshot_epoch_ssc.sv:136$18.right_source_chiplet_id[31:0]$739
  1417/1885: $2\key_less$func$rtl/ssc/snapshot_epoch_ssc.sv:136$18.right_sequence_id[31:0]$738
  1418/1885: $2\key_less$func$rtl/ssc/snapshot_epoch_ssc.sv:136$18.right_enterprise_type[31:0]$737
  1419/1885: $2\key_less$func$rtl/ssc/snapshot_epoch_ssc.sv:136$18.right_structural_dim[31:0]$736
  1420/1885: $2\key_less$func$rtl/ssc/snapshot_epoch_ssc.sv:136$18.left_source_chiplet_id[31:0]$735
  1421/1885: $2\key_less$func$rtl/ssc/snapshot_epoch_ssc.sv:136$18.left_sequence_id[31:0]$734
  1422/1885: $2\key_less$func$rtl/ssc/snapshot_epoch_ssc.sv:136$18.left_enterprise_type[31:0]$733
  1423/1885: $2\key_less$func$rtl/ssc/snapshot_epoch_ssc.sv:136$18.left_structural_dim[31:0]$732
  1424/1885: $2\key_less$func$rtl/ssc/snapshot_epoch_ssc.sv:136$18.$result[0:0]$731
  1425/1885: $2\key_less$func$rtl/ssc/snapshot_epoch_ssc.sv:136$17.right_source_chiplet_id[31:0]$730
  1426/1885: $2\key_less$func$rtl/ssc/snapshot_epoch_ssc.sv:136$17.right_sequence_id[31:0]$729
  1427/1885: $2\key_less$func$rtl/ssc/snapshot_epoch_ssc.sv:136$17.right_enterprise_type[31:0]$728
  1428/1885: $2\key_less$func$rtl/ssc/snapshot_epoch_ssc.sv:136$17.right_structural_dim[31:0]$727
  1429/1885: $2\key_less$func$rtl/ssc/snapshot_epoch_ssc.sv:136$17.left_source_chiplet_id[31:0]$726
  1430/1885: $2\key_less$func$rtl/ssc/snapshot_epoch_ssc.sv:136$17.left_sequence_id[31:0]$725
  1431/1885: $2\key_less$func$rtl/ssc/snapshot_epoch_ssc.sv:136$17.left_enterprise_type[31:0]$724
  1432/1885: $2\key_less$func$rtl/ssc/snapshot_epoch_ssc.sv:136$17.left_structural_dim[31:0]$723
  1433/1885: $2\key_less$func$rtl/ssc/snapshot_epoch_ssc.sv:136$17.$result[0:0]$722
  1434/1885: $2\key_less$func$rtl/ssc/snapshot_epoch_ssc.sv:136$16.right_source_chiplet_id[31:0]$721
  1435/1885: $2\key_less$func$rtl/ssc/snapshot_epoch_ssc.sv:136$16.right_sequence_id[31:0]$720
  1436/1885: $2\key_less$func$rtl/ssc/snapshot_epoch_ssc.sv:136$16.right_enterprise_type[31:0]$719
  1437/1885: $2\key_less$func$rtl/ssc/snapshot_epoch_ssc.sv:136$16.right_structural_dim[31:0]$718
  1438/1885: $2\key_less$func$rtl/ssc/snapshot_epoch_ssc.sv:136$16.left_source_chiplet_id[31:0]$717
  1439/1885: $2\key_less$func$rtl/ssc/snapshot_epoch_ssc.sv:136$16.left_sequence_id[31:0]$716
  1440/1885: $2\key_less$func$rtl/ssc/snapshot_epoch_ssc.sv:136$16.left_enterprise_type[31:0]$715
  1441/1885: $2\key_less$func$rtl/ssc/snapshot_epoch_ssc.sv:136$16.left_structural_dim[31:0]$714
  1442/1885: $2\key_less$func$rtl/ssc/snapshot_epoch_ssc.sv:136$16.$result[0:0]$713
  1443/1885: $2\key_less$func$rtl/ssc/snapshot_epoch_ssc.sv:136$15.right_source_chiplet_id[31:0]$712
  1444/1885: $2\key_less$func$rtl/ssc/snapshot_epoch_ssc.sv:136$15.right_sequence_id[31:0]$711
  1445/1885: $2\key_less$func$rtl/ssc/snapshot_epoch_ssc.sv:136$15.right_enterprise_type[31:0]$710
  1446/1885: $2\key_less$func$rtl/ssc/snapshot_epoch_ssc.sv:136$15.right_structural_dim[31:0]$709
  1447/1885: $2\key_less$func$rtl/ssc/snapshot_epoch_ssc.sv:136$15.left_source_chiplet_id[31:0]$708
  1448/1885: $2\key_less$func$rtl/ssc/snapshot_epoch_ssc.sv:136$15.left_sequence_id[31:0]$707
  1449/1885: $2\key_less$func$rtl/ssc/snapshot_epoch_ssc.sv:136$15.left_enterprise_type[31:0]$706
  1450/1885: $2\key_less$func$rtl/ssc/snapshot_epoch_ssc.sv:136$15.left_structural_dim[31:0]$705
  1451/1885: $2\key_less$func$rtl/ssc/snapshot_epoch_ssc.sv:136$15.$result[0:0]$704
  1452/1885: $2\key_less$func$rtl/ssc/snapshot_epoch_ssc.sv:136$14.right_source_chiplet_id[31:0]$703
  1453/1885: $2\key_less$func$rtl/ssc/snapshot_epoch_ssc.sv:136$14.right_sequence_id[31:0]$702
  1454/1885: $2\key_less$func$rtl/ssc/snapshot_epoch_ssc.sv:136$14.right_enterprise_type[31:0]$701
  1455/1885: $2\key_less$func$rtl/ssc/snapshot_epoch_ssc.sv:136$14.right_structural_dim[31:0]$700
  1456/1885: $2\key_less$func$rtl/ssc/snapshot_epoch_ssc.sv:136$14.left_source_chiplet_id[31:0]$699
  1457/1885: $2\key_less$func$rtl/ssc/snapshot_epoch_ssc.sv:136$14.left_sequence_id[31:0]$698
  1458/1885: $2\key_less$func$rtl/ssc/snapshot_epoch_ssc.sv:136$14.left_enterprise_type[31:0]$697
  1459/1885: $2\key_less$func$rtl/ssc/snapshot_epoch_ssc.sv:136$14.left_structural_dim[31:0]$696
  1460/1885: $2\key_less$func$rtl/ssc/snapshot_epoch_ssc.sv:136$14.$result[0:0]$695
  1461/1885: $2\key_less$func$rtl/ssc/snapshot_epoch_ssc.sv:136$13.right_source_chiplet_id[31:0]$694
  1462/1885: $2\key_less$func$rtl/ssc/snapshot_epoch_ssc.sv:136$13.right_sequence_id[31:0]$693
  1463/1885: $2\key_less$func$rtl/ssc/snapshot_epoch_ssc.sv:136$13.right_enterprise_type[31:0]$692
  1464/1885: $2\key_less$func$rtl/ssc/snapshot_epoch_ssc.sv:136$13.right_structural_dim[31:0]$691
  1465/1885: $2\key_less$func$rtl/ssc/snapshot_epoch_ssc.sv:136$13.left_source_chiplet_id[31:0]$690
  1466/1885: $2\key_less$func$rtl/ssc/snapshot_epoch_ssc.sv:136$13.left_sequence_id[31:0]$689
  1467/1885: $2\key_less$func$rtl/ssc/snapshot_epoch_ssc.sv:136$13.left_enterprise_type[31:0]$688
  1468/1885: $2\key_less$func$rtl/ssc/snapshot_epoch_ssc.sv:136$13.left_structural_dim[31:0]$687
  1469/1885: $2\key_less$func$rtl/ssc/snapshot_epoch_ssc.sv:136$13.$result[0:0]$686
  1470/1885: $2\key_less$func$rtl/ssc/snapshot_epoch_ssc.sv:136$12.right_source_chiplet_id[31:0]$685
  1471/1885: $2\key_less$func$rtl/ssc/snapshot_epoch_ssc.sv:136$12.right_sequence_id[31:0]$684
  1472/1885: $2\key_less$func$rtl/ssc/snapshot_epoch_ssc.sv:136$12.right_enterprise_type[31:0]$683
  1473/1885: $2\key_less$func$rtl/ssc/snapshot_epoch_ssc.sv:136$12.right_structural_dim[31:0]$682
  1474/1885: $2\key_less$func$rtl/ssc/snapshot_epoch_ssc.sv:136$12.left_source_chiplet_id[31:0]$681
  1475/1885: $2\key_less$func$rtl/ssc/snapshot_epoch_ssc.sv:136$12.left_sequence_id[31:0]$680
  1476/1885: $2\key_less$func$rtl/ssc/snapshot_epoch_ssc.sv:136$12.left_enterprise_type[31:0]$679
  1477/1885: $2\key_less$func$rtl/ssc/snapshot_epoch_ssc.sv:136$12.left_structural_dim[31:0]$678
  1478/1885: $2\key_less$func$rtl/ssc/snapshot_epoch_ssc.sv:136$12.$result[0:0]$677
  1479/1885: $2\key_less$func$rtl/ssc/snapshot_epoch_ssc.sv:136$11.right_source_chiplet_id[31:0]$676
  1480/1885: $2\key_less$func$rtl/ssc/snapshot_epoch_ssc.sv:136$11.right_sequence_id[31:0]$675
  1481/1885: $2\key_less$func$rtl/ssc/snapshot_epoch_ssc.sv:136$11.right_enterprise_type[31:0]$674
  1482/1885: $2\key_less$func$rtl/ssc/snapshot_epoch_ssc.sv:136$11.right_structural_dim[31:0]$673
  1483/1885: $2\key_less$func$rtl/ssc/snapshot_epoch_ssc.sv:136$11.left_source_chiplet_id[31:0]$672
  1484/1885: $2\key_less$func$rtl/ssc/snapshot_epoch_ssc.sv:136$11.left_sequence_id[31:0]$671
  1485/1885: $2\key_less$func$rtl/ssc/snapshot_epoch_ssc.sv:136$11.left_enterprise_type[31:0]$670
  1486/1885: $2\key_less$func$rtl/ssc/snapshot_epoch_ssc.sv:136$11.left_structural_dim[31:0]$669
  1487/1885: $2\key_less$func$rtl/ssc/snapshot_epoch_ssc.sv:136$11.$result[0:0]$668
  1488/1885: $2\key_less$func$rtl/ssc/snapshot_epoch_ssc.sv:136$10.right_source_chiplet_id[31:0]$667
  1489/1885: $2\key_less$func$rtl/ssc/snapshot_epoch_ssc.sv:136$10.right_sequence_id[31:0]$666
  1490/1885: $2\key_less$func$rtl/ssc/snapshot_epoch_ssc.sv:136$10.right_enterprise_type[31:0]$665
  1491/1885: $2\key_less$func$rtl/ssc/snapshot_epoch_ssc.sv:136$10.right_structural_dim[31:0]$664
  1492/1885: $2\key_less$func$rtl/ssc/snapshot_epoch_ssc.sv:136$10.left_source_chiplet_id[31:0]$663
  1493/1885: $2\key_less$func$rtl/ssc/snapshot_epoch_ssc.sv:136$10.left_sequence_id[31:0]$662
  1494/1885: $2\key_less$func$rtl/ssc/snapshot_epoch_ssc.sv:136$10.left_enterprise_type[31:0]$661
  1495/1885: $2\key_less$func$rtl/ssc/snapshot_epoch_ssc.sv:136$10.left_structural_dim[31:0]$660
  1496/1885: $2\key_less$func$rtl/ssc/snapshot_epoch_ssc.sv:136$10.$result[0:0]$659
  1497/1885: $2\key_less$func$rtl/ssc/snapshot_epoch_ssc.sv:136$9.right_source_chiplet_id[31:0]$658
  1498/1885: $2\key_less$func$rtl/ssc/snapshot_epoch_ssc.sv:136$9.right_sequence_id[31:0]$657
  1499/1885: $2\key_less$func$rtl/ssc/snapshot_epoch_ssc.sv:136$9.right_enterprise_type[31:0]$656
  1500/1885: $2\key_less$func$rtl/ssc/snapshot_epoch_ssc.sv:136$9.right_structural_dim[31:0]$655
  1501/1885: $2\key_less$func$rtl/ssc/snapshot_epoch_ssc.sv:136$9.left_source_chiplet_id[31:0]$654
  1502/1885: $2\key_less$func$rtl/ssc/snapshot_epoch_ssc.sv:136$9.left_sequence_id[31:0]$653
  1503/1885: $2\key_less$func$rtl/ssc/snapshot_epoch_ssc.sv:136$9.left_enterprise_type[31:0]$652
  1504/1885: $2\key_less$func$rtl/ssc/snapshot_epoch_ssc.sv:136$9.left_structural_dim[31:0]$651
  1505/1885: $2\key_less$func$rtl/ssc/snapshot_epoch_ssc.sv:136$9.$result[0:0]$650
  1506/1885: $2\key_less$func$rtl/ssc/snapshot_epoch_ssc.sv:136$8.right_source_chiplet_id[31:0]$649
  1507/1885: $2\key_less$func$rtl/ssc/snapshot_epoch_ssc.sv:136$8.right_sequence_id[31:0]$648
  1508/1885: $2\key_less$func$rtl/ssc/snapshot_epoch_ssc.sv:136$8.right_enterprise_type[31:0]$647
  1509/1885: $2\key_less$func$rtl/ssc/snapshot_epoch_ssc.sv:136$8.right_structural_dim[31:0]$646
  1510/1885: $2\key_less$func$rtl/ssc/snapshot_epoch_ssc.sv:136$8.left_source_chiplet_id[31:0]$645
  1511/1885: $2\key_less$func$rtl/ssc/snapshot_epoch_ssc.sv:136$8.left_sequence_id[31:0]$644
  1512/1885: $2\key_less$func$rtl/ssc/snapshot_epoch_ssc.sv:136$8.left_enterprise_type[31:0]$643
  1513/1885: $2\key_less$func$rtl/ssc/snapshot_epoch_ssc.sv:136$8.left_structural_dim[31:0]$642
  1514/1885: $2\key_less$func$rtl/ssc/snapshot_epoch_ssc.sv:136$8.$result[0:0]$641
  1515/1885: $2\key_less$func$rtl/ssc/snapshot_epoch_ssc.sv:136$7.right_source_chiplet_id[31:0]$640
  1516/1885: $2\key_less$func$rtl/ssc/snapshot_epoch_ssc.sv:136$7.right_sequence_id[31:0]$639
  1517/1885: $2\key_less$func$rtl/ssc/snapshot_epoch_ssc.sv:136$7.right_enterprise_type[31:0]$638
  1518/1885: $2\key_less$func$rtl/ssc/snapshot_epoch_ssc.sv:136$7.right_structural_dim[31:0]$637
  1519/1885: $2\key_less$func$rtl/ssc/snapshot_epoch_ssc.sv:136$7.left_source_chiplet_id[31:0]$636
  1520/1885: $2\key_less$func$rtl/ssc/snapshot_epoch_ssc.sv:136$7.left_sequence_id[31:0]$635
  1521/1885: $2\key_less$func$rtl/ssc/snapshot_epoch_ssc.sv:136$7.left_enterprise_type[31:0]$634
  1522/1885: $2\key_less$func$rtl/ssc/snapshot_epoch_ssc.sv:136$7.left_structural_dim[31:0]$633
  1523/1885: $2\key_less$func$rtl/ssc/snapshot_epoch_ssc.sv:136$7.$result[0:0]$632
  1524/1885: $2\key_less$func$rtl/ssc/snapshot_epoch_ssc.sv:136$6.right_source_chiplet_id[31:0]$631
  1525/1885: $2\key_less$func$rtl/ssc/snapshot_epoch_ssc.sv:136$6.right_sequence_id[31:0]$630
  1526/1885: $2\key_less$func$rtl/ssc/snapshot_epoch_ssc.sv:136$6.right_enterprise_type[31:0]$629
  1527/1885: $2\key_less$func$rtl/ssc/snapshot_epoch_ssc.sv:136$6.right_structural_dim[31:0]$628
  1528/1885: $2\key_less$func$rtl/ssc/snapshot_epoch_ssc.sv:136$6.left_source_chiplet_id[31:0]$627
  1529/1885: $2\key_less$func$rtl/ssc/snapshot_epoch_ssc.sv:136$6.left_sequence_id[31:0]$626
  1530/1885: $2\key_less$func$rtl/ssc/snapshot_epoch_ssc.sv:136$6.left_enterprise_type[31:0]$625
  1531/1885: $2\key_less$func$rtl/ssc/snapshot_epoch_ssc.sv:136$6.left_structural_dim[31:0]$624
  1532/1885: $2\key_less$func$rtl/ssc/snapshot_epoch_ssc.sv:136$6.$result[0:0]$623
  1533/1885: $2\key_less$func$rtl/ssc/snapshot_epoch_ssc.sv:136$5.right_source_chiplet_id[31:0]$622
  1534/1885: $2\key_less$func$rtl/ssc/snapshot_epoch_ssc.sv:136$5.right_sequence_id[31:0]$621
  1535/1885: $2\key_less$func$rtl/ssc/snapshot_epoch_ssc.sv:136$5.right_enterprise_type[31:0]$620
  1536/1885: $2\key_less$func$rtl/ssc/snapshot_epoch_ssc.sv:136$5.right_structural_dim[31:0]$619
  1537/1885: $2\key_less$func$rtl/ssc/snapshot_epoch_ssc.sv:136$5.left_source_chiplet_id[31:0]$618
  1538/1885: $2\key_less$func$rtl/ssc/snapshot_epoch_ssc.sv:136$5.left_sequence_id[31:0]$617
  1539/1885: $2\key_less$func$rtl/ssc/snapshot_epoch_ssc.sv:136$5.left_enterprise_type[31:0]$616
  1540/1885: $2\key_less$func$rtl/ssc/snapshot_epoch_ssc.sv:136$5.left_structural_dim[31:0]$615
  1541/1885: $2\key_less$func$rtl/ssc/snapshot_epoch_ssc.sv:136$5.$result[0:0]$614
  1542/1885: $2\key_less$func$rtl/ssc/snapshot_epoch_ssc.sv:136$4.right_source_chiplet_id[31:0]$613
  1543/1885: $2\key_less$func$rtl/ssc/snapshot_epoch_ssc.sv:136$4.right_sequence_id[31:0]$612
  1544/1885: $2\key_less$func$rtl/ssc/snapshot_epoch_ssc.sv:136$4.right_enterprise_type[31:0]$611
  1545/1885: $2\key_less$func$rtl/ssc/snapshot_epoch_ssc.sv:136$4.right_structural_dim[31:0]$610
  1546/1885: $2\key_less$func$rtl/ssc/snapshot_epoch_ssc.sv:136$4.left_source_chiplet_id[31:0]$609
  1547/1885: $2\key_less$func$rtl/ssc/snapshot_epoch_ssc.sv:136$4.left_sequence_id[31:0]$608
  1548/1885: $2\key_less$func$rtl/ssc/snapshot_epoch_ssc.sv:136$4.left_enterprise_type[31:0]$607
  1549/1885: $2\key_less$func$rtl/ssc/snapshot_epoch_ssc.sv:136$4.left_structural_dim[31:0]$606
  1550/1885: $2\key_less$func$rtl/ssc/snapshot_epoch_ssc.sv:136$4.$result[0:0]$605
  1551/1885: $2\swap_node_id[31:0]
  1552/1885: $2\swap_payload_q32[63:0]
  1553/1885: $2\swap_source_chiplet_id[31:0]
  1554/1885: $2\swap_sequence_id[31:0]
  1555/1885: $2\swap_enterprise_type[31:0]
  1556/1885: $2\swap_structural_dim[31:0]
  1557/1885: $2\duplicate_found[0:0]
  1558/1885: $2\j[31:0]
  1559/1885: $2\i[31:0]
  1560/1885: $1$mem2reg_wr$\stored_node_id$rtl/ssc/snapshot_epoch_ssc.sv:125$43_DATA[31:0]$604
  1561/1885: $1$mem2reg_wr$\stored_node_id$rtl/ssc/snapshot_epoch_ssc.sv:125$43_ADDR[2:0]$603
  1562/1885: $1$mem2reg_wr$\stored_payload_q32$rtl/ssc/snapshot_epoch_ssc.sv:124$42_DATA[63:0]$602
  1563/1885: $1$mem2reg_wr$\stored_payload_q32$rtl/ssc/snapshot_epoch_ssc.sv:124$42_ADDR[2:0]$601
  1564/1885: $1$mem2reg_wr$\stored_source_chiplet_id$rtl/ssc/snapshot_epoch_ssc.sv:123$41_DATA[31:0]$600
  1565/1885: $1$mem2reg_wr$\stored_source_chiplet_id$rtl/ssc/snapshot_epoch_ssc.sv:123$41_ADDR[2:0]$599
  1566/1885: $1$mem2reg_wr$\stored_sequence_id$rtl/ssc/snapshot_epoch_ssc.sv:122$40_DATA[31:0]$598
  1567/1885: $1$mem2reg_wr$\stored_sequence_id$rtl/ssc/snapshot_epoch_ssc.sv:122$40_ADDR[2:0]$597
  1568/1885: $1$mem2reg_wr$\stored_enterprise_type$rtl/ssc/snapshot_epoch_ssc.sv:121$39_DATA[31:0]$596
  1569/1885: $1$mem2reg_wr$\stored_enterprise_type$rtl/ssc/snapshot_epoch_ssc.sv:121$39_ADDR[2:0]$595
  1570/1885: $1$mem2reg_wr$\stored_structural_dim$rtl/ssc/snapshot_epoch_ssc.sv:120$38_DATA[31:0]$594
  1571/1885: $1$mem2reg_wr$\stored_structural_dim$rtl/ssc/snapshot_epoch_ssc.sv:120$38_ADDR[2:0]$593
  1572/1885: $1\stored_node_id[7][31:0]
  1573/1885: $1\stored_node_id[6][31:0]
  1574/1885: $1\stored_node_id[5][31:0]
  1575/1885: $1\stored_node_id[4][31:0]
  1576/1885: $1\stored_node_id[3][31:0]
  1577/1885: $1\stored_node_id[2][31:0]
  1578/1885: $1\stored_node_id[1][31:0]
  1579/1885: $1\stored_node_id[0][31:0]
  1580/1885: $1\stored_payload_q32[7][63:0]
  1581/1885: $1\stored_payload_q32[6][63:0]
  1582/1885: $1\stored_payload_q32[5][63:0]
  1583/1885: $1\stored_payload_q32[4][63:0]
  1584/1885: $1\stored_payload_q32[3][63:0]
  1585/1885: $1\stored_payload_q32[2][63:0]
  1586/1885: $1\stored_payload_q32[1][63:0]
  1587/1885: $1\stored_payload_q32[0][63:0]
  1588/1885: $1\stored_source_chiplet_id[7][31:0]
  1589/1885: $1\stored_source_chiplet_id[6][31:0]
  1590/1885: $1\stored_source_chiplet_id[5][31:0]
  1591/1885: $1\stored_source_chiplet_id[4][31:0]
  1592/1885: $1\stored_source_chiplet_id[3][31:0]
  1593/1885: $1\stored_source_chiplet_id[2][31:0]
  1594/1885: $1\stored_source_chiplet_id[1][31:0]
  1595/1885: $1\stored_source_chiplet_id[0][31:0]
  1596/1885: $1\stored_sequence_id[7][31:0]
  1597/1885: $1\stored_sequence_id[6][31:0]
  1598/1885: $1\stored_sequence_id[5][31:0]
  1599/1885: $1\stored_sequence_id[4][31:0]
  1600/1885: $1\stored_sequence_id[3][31:0]
  1601/1885: $1\stored_sequence_id[2][31:0]
  1602/1885: $1\stored_sequence_id[1][31:0]
  1603/1885: $1\stored_sequence_id[0][31:0]
  1604/1885: $1\stored_enterprise_type[7][31:0]
  1605/1885: $1\stored_enterprise_type[6][31:0]
  1606/1885: $1\stored_enterprise_type[5][31:0]
  1607/1885: $1\stored_enterprise_type[4][31:0]
  1608/1885: $1\stored_enterprise_type[3][31:0]
  1609/1885: $1\stored_enterprise_type[2][31:0]
  1610/1885: $1\stored_enterprise_type[1][31:0]
  1611/1885: $1\stored_enterprise_type[0][31:0]
  1612/1885: $1\stored_structural_dim[7][31:0]
  1613/1885: $1\stored_structural_dim[6][31:0]
  1614/1885: $1\stored_structural_dim[5][31:0]
  1615/1885: $1\stored_structural_dim[4][31:0]
  1616/1885: $1\stored_structural_dim[3][31:0]
  1617/1885: $1\stored_structural_dim[2][31:0]
  1618/1885: $1\stored_structural_dim[1][31:0]
  1619/1885: $1\stored_structural_dim[0][31:0]
  1620/1885: $1\key_less$func$rtl/ssc/snapshot_epoch_ssc.sv:136$31.right_source_chiplet_id[31:0]$592
  1621/1885: $1\key_less$func$rtl/ssc/snapshot_epoch_ssc.sv:136$31.right_sequence_id[31:0]$591
  1622/1885: $1\key_less$func$rtl/ssc/snapshot_epoch_ssc.sv:136$31.right_enterprise_type[31:0]$590
  1623/1885: $1\key_less$func$rtl/ssc/snapshot_epoch_ssc.sv:136$31.right_structural_dim[31:0]$589
  1624/1885: $1\key_less$func$rtl/ssc/snapshot_epoch_ssc.sv:136$31.left_source_chiplet_id[31:0]$588
  1625/1885: $1\key_less$func$rtl/ssc/snapshot_epoch_ssc.sv:136$31.left_sequence_id[31:0]$587
  1626/1885: $1\key_less$func$rtl/ssc/snapshot_epoch_ssc.sv:136$31.left_enterprise_type[31:0]$586
  1627/1885: $1\key_less$func$rtl/ssc/snapshot_epoch_ssc.sv:136$31.left_structural_dim[31:0]$585
  1628/1885: $1\key_less$func$rtl/ssc/snapshot_epoch_ssc.sv:136$31.$result[0:0]$584
  1629/1885: $1\key_less$func$rtl/ssc/snapshot_epoch_ssc.sv:136$30.right_source_chiplet_id[31:0]$583
  1630/1885: $1\key_less$func$rtl/ssc/snapshot_epoch_ssc.sv:136$30.right_sequence_id[31:0]$582
  1631/1885: $1\key_less$func$rtl/ssc/snapshot_epoch_ssc.sv:136$30.right_enterprise_type[31:0]$581
  1632/1885: $1\key_less$func$rtl/ssc/snapshot_epoch_ssc.sv:136$30.right_structural_dim[31:0]$580
  1633/1885: $1\key_less$func$rtl/ssc/snapshot_epoch_ssc.sv:136$30.left_source_chiplet_id[31:0]$579
  1634/1885: $1\key_less$func$rtl/ssc/snapshot_epoch_ssc.sv:136$30.left_sequence_id[31:0]$578
  1635/1885: $1\key_less$func$rtl/ssc/snapshot_epoch_ssc.sv:136$30.left_enterprise_type[31:0]$577
  1636/1885: $1\key_less$func$rtl/ssc/snapshot_epoch_ssc.sv:136$30.left_structural_dim[31:0]$576
  1637/1885: $1\key_less$func$rtl/ssc/snapshot_epoch_ssc.sv:136$30.$result[0:0]$575
  1638/1885: $1\key_less$func$rtl/ssc/snapshot_epoch_ssc.sv:136$29.right_source_chiplet_id[31:0]$574
  1639/1885: $1\key_less$func$rtl/ssc/snapshot_epoch_ssc.sv:136$29.right_sequence_id[31:0]$573
  1640/1885: $1\key_less$func$rtl/ssc/snapshot_epoch_ssc.sv:136$29.right_enterprise_type[31:0]$572
  1641/1885: $1\key_less$func$rtl/ssc/snapshot_epoch_ssc.sv:136$29.right_structural_dim[31:0]$571
  1642/1885: $1\key_less$func$rtl/ssc/snapshot_epoch_ssc.sv:136$29.left_source_chiplet_id[31:0]$570
  1643/1885: $1\key_less$func$rtl/ssc/snapshot_epoch_ssc.sv:136$29.left_sequence_id[31:0]$569
  1644/1885: $1\key_less$func$rtl/ssc/snapshot_epoch_ssc.sv:136$29.left_enterprise_type[31:0]$568
  1645/1885: $1\key_less$func$rtl/ssc/snapshot_epoch_ssc.sv:136$29.left_structural_dim[31:0]$567
  1646/1885: $1\key_less$func$rtl/ssc/snapshot_epoch_ssc.sv:136$29.$result[0:0]$566
  1647/1885: $1\key_less$func$rtl/ssc/snapshot_epoch_ssc.sv:136$28.right_source_chiplet_id[31:0]$565
  1648/1885: $1\key_less$func$rtl/ssc/snapshot_epoch_ssc.sv:136$28.right_sequence_id[31:0]$564
  1649/1885: $1\key_less$func$rtl/ssc/snapshot_epoch_ssc.sv:136$28.right_enterprise_type[31:0]$563
  1650/1885: $1\key_less$func$rtl/ssc/snapshot_epoch_ssc.sv:136$28.right_structural_dim[31:0]$562
  1651/1885: $1\key_less$func$rtl/ssc/snapshot_epoch_ssc.sv:136$28.left_source_chiplet_id[31:0]$561
  1652/1885: $1\key_less$func$rtl/ssc/snapshot_epoch_ssc.sv:136$28.left_sequence_id[31:0]$560
  1653/1885: $1\key_less$func$rtl/ssc/snapshot_epoch_ssc.sv:136$28.left_enterprise_type[31:0]$559
  1654/1885: $1\key_less$func$rtl/ssc/snapshot_epoch_ssc.sv:136$28.left_structural_dim[31:0]$558
  1655/1885: $1\key_less$func$rtl/ssc/snapshot_epoch_ssc.sv:136$28.$result[0:0]$557
  1656/1885: $1\key_less$func$rtl/ssc/snapshot_epoch_ssc.sv:136$27.right_source_chiplet_id[31:0]$556
  1657/1885: $1\key_less$func$rtl/ssc/snapshot_epoch_ssc.sv:136$27.right_sequence_id[31:0]$555
  1658/1885: $1\key_less$func$rtl/ssc/snapshot_epoch_ssc.sv:136$27.right_enterprise_type[31:0]$554
  1659/1885: $1\key_less$func$rtl/ssc/snapshot_epoch_ssc.sv:136$27.right_structural_dim[31:0]$553
  1660/1885: $1\key_less$func$rtl/ssc/snapshot_epoch_ssc.sv:136$27.left_source_chiplet_id[31:0]$552
  1661/1885: $1\key_less$func$rtl/ssc/snapshot_epoch_ssc.sv:136$27.left_sequence_id[31:0]$551
  1662/1885: $1\key_less$func$rtl/ssc/snapshot_epoch_ssc.sv:136$27.left_enterprise_type[31:0]$550
  1663/1885: $1\key_less$func$rtl/ssc/snapshot_epoch_ssc.sv:136$27.left_structural_dim[31:0]$549
  1664/1885: $1\key_less$func$rtl/ssc/snapshot_epoch_ssc.sv:136$27.$result[0:0]$548
  1665/1885: $1\key_less$func$rtl/ssc/snapshot_epoch_ssc.sv:136$26.right_source_chiplet_id[31:0]$547
  1666/1885: $1\key_less$func$rtl/ssc/snapshot_epoch_ssc.sv:136$26.right_sequence_id[31:0]$546
  1667/1885: $1\key_less$func$rtl/ssc/snapshot_epoch_ssc.sv:136$26.right_enterprise_type[31:0]$545
  1668/1885: $1\key_less$func$rtl/ssc/snapshot_epoch_ssc.sv:136$26.right_structural_dim[31:0]$544
  1669/1885: $1\key_less$func$rtl/ssc/snapshot_epoch_ssc.sv:136$26.left_source_chiplet_id[31:0]$543
  1670/1885: $1\key_less$func$rtl/ssc/snapshot_epoch_ssc.sv:136$26.left_sequence_id[31:0]$542
  1671/1885: $1\key_less$func$rtl/ssc/snapshot_epoch_ssc.sv:136$26.left_enterprise_type[31:0]$541
  1672/1885: $1\key_less$func$rtl/ssc/snapshot_epoch_ssc.sv:136$26.left_structural_dim[31:0]$540
  1673/1885: $1\key_less$func$rtl/ssc/snapshot_epoch_ssc.sv:136$26.$result[0:0]$539
  1674/1885: $1\key_less$func$rtl/ssc/snapshot_epoch_ssc.sv:136$25.right_source_chiplet_id[31:0]$538
  1675/1885: $1\key_less$func$rtl/ssc/snapshot_epoch_ssc.sv:136$25.right_sequence_id[31:0]$537
  1676/1885: $1\key_less$func$rtl/ssc/snapshot_epoch_ssc.sv:136$25.right_enterprise_type[31:0]$536
  1677/1885: $1\key_less$func$rtl/ssc/snapshot_epoch_ssc.sv:136$25.right_structural_dim[31:0]$535
  1678/1885: $1\key_less$func$rtl/ssc/snapshot_epoch_ssc.sv:136$25.left_source_chiplet_id[31:0]$534
  1679/1885: $1\key_less$func$rtl/ssc/snapshot_epoch_ssc.sv:136$25.left_sequence_id[31:0]$533
  1680/1885: $1\key_less$func$rtl/ssc/snapshot_epoch_ssc.sv:136$25.left_enterprise_type[31:0]$532
  1681/1885: $1\key_less$func$rtl/ssc/snapshot_epoch_ssc.sv:136$25.left_structural_dim[31:0]$531
  1682/1885: $1\key_less$func$rtl/ssc/snapshot_epoch_ssc.sv:136$25.$result[0:0]$530
  1683/1885: $1\key_less$func$rtl/ssc/snapshot_epoch_ssc.sv:136$24.right_source_chiplet_id[31:0]$529
  1684/1885: $1\key_less$func$rtl/ssc/snapshot_epoch_ssc.sv:136$24.right_sequence_id[31:0]$528
  1685/1885: $1\key_less$func$rtl/ssc/snapshot_epoch_ssc.sv:136$24.right_enterprise_type[31:0]$527
  1686/1885: $1\key_less$func$rtl/ssc/snapshot_epoch_ssc.sv:136$24.right_structural_dim[31:0]$526
  1687/1885: $1\key_less$func$rtl/ssc/snapshot_epoch_ssc.sv:136$24.left_source_chiplet_id[31:0]$525
  1688/1885: $1\key_less$func$rtl/ssc/snapshot_epoch_ssc.sv:136$24.left_sequence_id[31:0]$524
  1689/1885: $1\key_less$func$rtl/ssc/snapshot_epoch_ssc.sv:136$24.left_enterprise_type[31:0]$523
  1690/1885: $1\key_less$func$rtl/ssc/snapshot_epoch_ssc.sv:136$24.left_structural_dim[31:0]$522
  1691/1885: $1\key_less$func$rtl/ssc/snapshot_epoch_ssc.sv:136$24.$result[0:0]$521
  1692/1885: $1\key_less$func$rtl/ssc/snapshot_epoch_ssc.sv:136$23.right_source_chiplet_id[31:0]$520
  1693/1885: $1\key_less$func$rtl/ssc/snapshot_epoch_ssc.sv:136$23.right_sequence_id[31:0]$519
  1694/1885: $1\key_less$func$rtl/ssc/snapshot_epoch_ssc.sv:136$23.right_enterprise_type[31:0]$518
  1695/1885: $1\key_less$func$rtl/ssc/snapshot_epoch_ssc.sv:136$23.right_structural_dim[31:0]$517
  1696/1885: $1\key_less$func$rtl/ssc/snapshot_epoch_ssc.sv:136$23.left_source_chiplet_id[31:0]$516
  1697/1885: $1\key_less$func$rtl/ssc/snapshot_epoch_ssc.sv:136$23.left_sequence_id[31:0]$515
  1698/1885: $1\key_less$func$rtl/ssc/snapshot_epoch_ssc.sv:136$23.left_enterprise_type[31:0]$514
  1699/1885: $1\key_less$func$rtl/ssc/snapshot_epoch_ssc.sv:136$23.left_structural_dim[31:0]$513
  1700/1885: $1\key_less$func$rtl/ssc/snapshot_epoch_ssc.sv:136$23.$result[0:0]$512
  1701/1885: $1\key_less$func$rtl/ssc/snapshot_epoch_ssc.sv:136$22.right_source_chiplet_id[31:0]$511
  1702/1885: $1\key_less$func$rtl/ssc/snapshot_epoch_ssc.sv:136$22.right_sequence_id[31:0]$510
  1703/1885: $1\key_less$func$rtl/ssc/snapshot_epoch_ssc.sv:136$22.right_enterprise_type[31:0]$509
  1704/1885: $1\key_less$func$rtl/ssc/snapshot_epoch_ssc.sv:136$22.right_structural_dim[31:0]$508
  1705/1885: $1\key_less$func$rtl/ssc/snapshot_epoch_ssc.sv:136$22.left_source_chiplet_id[31:0]$507
  1706/1885: $1\key_less$func$rtl/ssc/snapshot_epoch_ssc.sv:136$22.left_sequence_id[31:0]$506
  1707/1885: $1\key_less$func$rtl/ssc/snapshot_epoch_ssc.sv:136$22.left_enterprise_type[31:0]$505
  1708/1885: $1\key_less$func$rtl/ssc/snapshot_epoch_ssc.sv:136$22.left_structural_dim[31:0]$504
  1709/1885: $1\key_less$func$rtl/ssc/snapshot_epoch_ssc.sv:136$22.$result[0:0]$503
  1710/1885: $1\key_less$func$rtl/ssc/snapshot_epoch_ssc.sv:136$21.right_source_chiplet_id[31:0]$502
  1711/1885: $1\key_less$func$rtl/ssc/snapshot_epoch_ssc.sv:136$21.right_sequence_id[31:0]$501
  1712/1885: $1\key_less$func$rtl/ssc/snapshot_epoch_ssc.sv:136$21.right_enterprise_type[31:0]$500
  1713/1885: $1\key_less$func$rtl/ssc/snapshot_epoch_ssc.sv:136$21.right_structural_dim[31:0]$499
  1714/1885: $1\key_less$func$rtl/ssc/snapshot_epoch_ssc.sv:136$21.left_source_chiplet_id[31:0]$498
  1715/1885: $1\key_less$func$rtl/ssc/snapshot_epoch_ssc.sv:136$21.left_sequence_id[31:0]$497
  1716/1885: $1\key_less$func$rtl/ssc/snapshot_epoch_ssc.sv:136$21.left_enterprise_type[31:0]$496
  1717/1885: $1\key_less$func$rtl/ssc/snapshot_epoch_ssc.sv:136$21.left_structural_dim[31:0]$495
  1718/1885: $1\key_less$func$rtl/ssc/snapshot_epoch_ssc.sv:136$21.$result[0:0]$494
  1719/1885: $1\key_less$func$rtl/ssc/snapshot_epoch_ssc.sv:136$20.right_source_chiplet_id[31:0]$493
  1720/1885: $1\key_less$func$rtl/ssc/snapshot_epoch_ssc.sv:136$20.right_sequence_id[31:0]$492
  1721/1885: $1\key_less$func$rtl/ssc/snapshot_epoch_ssc.sv:136$20.right_enterprise_type[31:0]$491
  1722/1885: $1\key_less$func$rtl/ssc/snapshot_epoch_ssc.sv:136$20.right_structural_dim[31:0]$490
  1723/1885: $1\key_less$func$rtl/ssc/snapshot_epoch_ssc.sv:136$20.left_source_chiplet_id[31:0]$489
  1724/1885: $1\key_less$func$rtl/ssc/snapshot_epoch_ssc.sv:136$20.left_sequence_id[31:0]$488
  1725/1885: $1\key_less$func$rtl/ssc/snapshot_epoch_ssc.sv:136$20.left_enterprise_type[31:0]$487
  1726/1885: $1\key_less$func$rtl/ssc/snapshot_epoch_ssc.sv:136$20.left_structural_dim[31:0]$486
  1727/1885: $1\key_less$func$rtl/ssc/snapshot_epoch_ssc.sv:136$20.$result[0:0]$485
  1728/1885: $1\key_less$func$rtl/ssc/snapshot_epoch_ssc.sv:136$19.right_source_chiplet_id[31:0]$484
  1729/1885: $1\key_less$func$rtl/ssc/snapshot_epoch_ssc.sv:136$19.right_sequence_id[31:0]$483
  1730/1885: $1\key_less$func$rtl/ssc/snapshot_epoch_ssc.sv:136$19.right_enterprise_type[31:0]$482
  1731/1885: $1\key_less$func$rtl/ssc/snapshot_epoch_ssc.sv:136$19.right_structural_dim[31:0]$481
  1732/1885: $1\key_less$func$rtl/ssc/snapshot_epoch_ssc.sv:136$19.left_source_chiplet_id[31:0]$480
  1733/1885: $1\key_less$func$rtl/ssc/snapshot_epoch_ssc.sv:136$19.left_sequence_id[31:0]$479
  1734/1885: $1\key_less$func$rtl/ssc/snapshot_epoch_ssc.sv:136$19.left_enterprise_type[31:0]$478
  1735/1885: $1\key_less$func$rtl/ssc/snapshot_epoch_ssc.sv:136$19.left_structural_dim[31:0]$477
  1736/1885: $1\key_less$func$rtl/ssc/snapshot_epoch_ssc.sv:136$19.$result[0:0]$476
  1737/1885: $1\key_less$func$rtl/ssc/snapshot_epoch_ssc.sv:136$18.right_source_chiplet_id[31:0]$475
  1738/1885: $1\key_less$func$rtl/ssc/snapshot_epoch_ssc.sv:136$18.right_sequence_id[31:0]$474
  1739/1885: $1\key_less$func$rtl/ssc/snapshot_epoch_ssc.sv:136$18.right_enterprise_type[31:0]$473
  1740/1885: $1\key_less$func$rtl/ssc/snapshot_epoch_ssc.sv:136$18.right_structural_dim[31:0]$472
  1741/1885: $1\key_less$func$rtl/ssc/snapshot_epoch_ssc.sv:136$18.left_source_chiplet_id[31:0]$471
  1742/1885: $1\key_less$func$rtl/ssc/snapshot_epoch_ssc.sv:136$18.left_sequence_id[31:0]$470
  1743/1885: $1\key_less$func$rtl/ssc/snapshot_epoch_ssc.sv:136$18.left_enterprise_type[31:0]$469
  1744/1885: $1\key_less$func$rtl/ssc/snapshot_epoch_ssc.sv:136$18.left_structural_dim[31:0]$468
  1745/1885: $1\key_less$func$rtl/ssc/snapshot_epoch_ssc.sv:136$18.$result[0:0]$467
  1746/1885: $1\key_less$func$rtl/ssc/snapshot_epoch_ssc.sv:136$17.right_source_chiplet_id[31:0]$466
  1747/1885: $1\key_less$func$rtl/ssc/snapshot_epoch_ssc.sv:136$17.right_sequence_id[31:0]$465
  1748/1885: $1\key_less$func$rtl/ssc/snapshot_epoch_ssc.sv:136$17.right_enterprise_type[31:0]$464
  1749/1885: $1\key_less$func$rtl/ssc/snapshot_epoch_ssc.sv:136$17.right_structural_dim[31:0]$463
  1750/1885: $1\key_less$func$rtl/ssc/snapshot_epoch_ssc.sv:136$17.left_source_chiplet_id[31:0]$462
  1751/1885: $1\key_less$func$rtl/ssc/snapshot_epoch_ssc.sv:136$17.left_sequence_id[31:0]$461
  1752/1885: $1\key_less$func$rtl/ssc/snapshot_epoch_ssc.sv:136$17.left_enterprise_type[31:0]$460
  1753/1885: $1\key_less$func$rtl/ssc/snapshot_epoch_ssc.sv:136$17.left_structural_dim[31:0]$459
  1754/1885: $1\key_less$func$rtl/ssc/snapshot_epoch_ssc.sv:136$17.$result[0:0]$458
  1755/1885: $1\key_less$func$rtl/ssc/snapshot_epoch_ssc.sv:136$16.right_source_chiplet_id[31:0]$457
  1756/1885: $1\key_less$func$rtl/ssc/snapshot_epoch_ssc.sv:136$16.right_sequence_id[31:0]$456
  1757/1885: $1\key_less$func$rtl/ssc/snapshot_epoch_ssc.sv:136$16.right_enterprise_type[31:0]$455
  1758/1885: $1\key_less$func$rtl/ssc/snapshot_epoch_ssc.sv:136$16.right_structural_dim[31:0]$454
  1759/1885: $1\key_less$func$rtl/ssc/snapshot_epoch_ssc.sv:136$16.left_source_chiplet_id[31:0]$453
  1760/1885: $1\key_less$func$rtl/ssc/snapshot_epoch_ssc.sv:136$16.left_sequence_id[31:0]$452
  1761/1885: $1\key_less$func$rtl/ssc/snapshot_epoch_ssc.sv:136$16.left_enterprise_type[31:0]$451
  1762/1885: $1\key_less$func$rtl/ssc/snapshot_epoch_ssc.sv:136$16.left_structural_dim[31:0]$450
  1763/1885: $1\key_less$func$rtl/ssc/snapshot_epoch_ssc.sv:136$16.$result[0:0]$449
  1764/1885: $1\key_less$func$rtl/ssc/snapshot_epoch_ssc.sv:136$15.right_source_chiplet_id[31:0]$448
  1765/1885: $1\key_less$func$rtl/ssc/snapshot_epoch_ssc.sv:136$15.right_sequence_id[31:0]$447
  1766/1885: $1\key_less$func$rtl/ssc/snapshot_epoch_ssc.sv:136$15.right_enterprise_type[31:0]$446
  1767/1885: $1\key_less$func$rtl/ssc/snapshot_epoch_ssc.sv:136$15.right_structural_dim[31:0]$445
  1768/1885: $1\key_less$func$rtl/ssc/snapshot_epoch_ssc.sv:136$15.left_source_chiplet_id[31:0]$444
  1769/1885: $1\key_less$func$rtl/ssc/snapshot_epoch_ssc.sv:136$15.left_sequence_id[31:0]$443
  1770/1885: $1\key_less$func$rtl/ssc/snapshot_epoch_ssc.sv:136$15.left_enterprise_type[31:0]$442
  1771/1885: $1\key_less$func$rtl/ssc/snapshot_epoch_ssc.sv:136$15.left_structural_dim[31:0]$441
  1772/1885: $1\key_less$func$rtl/ssc/snapshot_epoch_ssc.sv:136$15.$result[0:0]$440
  1773/1885: $1\key_less$func$rtl/ssc/snapshot_epoch_ssc.sv:136$14.right_source_chiplet_id[31:0]$439
  1774/1885: $1\key_less$func$rtl/ssc/snapshot_epoch_ssc.sv:136$14.right_sequence_id[31:0]$438
  1775/1885: $1\key_less$func$rtl/ssc/snapshot_epoch_ssc.sv:136$14.right_enterprise_type[31:0]$437
  1776/1885: $1\key_less$func$rtl/ssc/snapshot_epoch_ssc.sv:136$14.right_structural_dim[31:0]$436
  1777/1885: $1\key_less$func$rtl/ssc/snapshot_epoch_ssc.sv:136$14.left_source_chiplet_id[31:0]$435
  1778/1885: $1\key_less$func$rtl/ssc/snapshot_epoch_ssc.sv:136$14.left_sequence_id[31:0]$434
  1779/1885: $1\key_less$func$rtl/ssc/snapshot_epoch_ssc.sv:136$14.left_enterprise_type[31:0]$433
  1780/1885: $1\key_less$func$rtl/ssc/snapshot_epoch_ssc.sv:136$14.left_structural_dim[31:0]$432
  1781/1885: $1\key_less$func$rtl/ssc/snapshot_epoch_ssc.sv:136$14.$result[0:0]$431
  1782/1885: $1\key_less$func$rtl/ssc/snapshot_epoch_ssc.sv:136$13.right_source_chiplet_id[31:0]$430
  1783/1885: $1\key_less$func$rtl/ssc/snapshot_epoch_ssc.sv:136$13.right_sequence_id[31:0]$429
  1784/1885: $1\key_less$func$rtl/ssc/snapshot_epoch_ssc.sv:136$13.right_enterprise_type[31:0]$428
  1785/1885: $1\key_less$func$rtl/ssc/snapshot_epoch_ssc.sv:136$13.right_structural_dim[31:0]$427
  1786/1885: $1\key_less$func$rtl/ssc/snapshot_epoch_ssc.sv:136$13.left_source_chiplet_id[31:0]$426
  1787/1885: $1\key_less$func$rtl/ssc/snapshot_epoch_ssc.sv:136$13.left_sequence_id[31:0]$425
  1788/1885: $1\key_less$func$rtl/ssc/snapshot_epoch_ssc.sv:136$13.left_enterprise_type[31:0]$424
  1789/1885: $1\key_less$func$rtl/ssc/snapshot_epoch_ssc.sv:136$13.left_structural_dim[31:0]$423
  1790/1885: $1\key_less$func$rtl/ssc/snapshot_epoch_ssc.sv:136$13.$result[0:0]$422
  1791/1885: $1\key_less$func$rtl/ssc/snapshot_epoch_ssc.sv:136$12.right_source_chiplet_id[31:0]$421
  1792/1885: $1\key_less$func$rtl/ssc/snapshot_epoch_ssc.sv:136$12.right_sequence_id[31:0]$420
  1793/1885: $1\key_less$func$rtl/ssc/snapshot_epoch_ssc.sv:136$12.right_enterprise_type[31:0]$419
  1794/1885: $1\key_less$func$rtl/ssc/snapshot_epoch_ssc.sv:136$12.right_structural_dim[31:0]$418
  1795/1885: $1\key_less$func$rtl/ssc/snapshot_epoch_ssc.sv:136$12.left_source_chiplet_id[31:0]$417
  1796/1885: $1\key_less$func$rtl/ssc/snapshot_epoch_ssc.sv:136$12.left_sequence_id[31:0]$416
  1797/1885: $1\key_less$func$rtl/ssc/snapshot_epoch_ssc.sv:136$12.left_enterprise_type[31:0]$415
  1798/1885: $1\key_less$func$rtl/ssc/snapshot_epoch_ssc.sv:136$12.left_structural_dim[31:0]$414
  1799/1885: $1\key_less$func$rtl/ssc/snapshot_epoch_ssc.sv:136$12.$result[0:0]$413
  1800/1885: $1\key_less$func$rtl/ssc/snapshot_epoch_ssc.sv:136$11.right_source_chiplet_id[31:0]$412
  1801/1885: $1\key_less$func$rtl/ssc/snapshot_epoch_ssc.sv:136$11.right_sequence_id[31:0]$411
  1802/1885: $1\key_less$func$rtl/ssc/snapshot_epoch_ssc.sv:136$11.right_enterprise_type[31:0]$410
  1803/1885: $1\key_less$func$rtl/ssc/snapshot_epoch_ssc.sv:136$11.right_structural_dim[31:0]$409
  1804/1885: $1\key_less$func$rtl/ssc/snapshot_epoch_ssc.sv:136$11.left_source_chiplet_id[31:0]$408
  1805/1885: $1\key_less$func$rtl/ssc/snapshot_epoch_ssc.sv:136$11.left_sequence_id[31:0]$407
  1806/1885: $1\key_less$func$rtl/ssc/snapshot_epoch_ssc.sv:136$11.left_enterprise_type[31:0]$406
  1807/1885: $1\key_less$func$rtl/ssc/snapshot_epoch_ssc.sv:136$11.left_structural_dim[31:0]$405
  1808/1885: $1\key_less$func$rtl/ssc/snapshot_epoch_ssc.sv:136$11.$result[0:0]$404
  1809/1885: $1\key_less$func$rtl/ssc/snapshot_epoch_ssc.sv:136$10.right_source_chiplet_id[31:0]$403
  1810/1885: $1\key_less$func$rtl/ssc/snapshot_epoch_ssc.sv:136$10.right_sequence_id[31:0]$402
  1811/1885: $1\key_less$func$rtl/ssc/snapshot_epoch_ssc.sv:136$10.right_enterprise_type[31:0]$401
  1812/1885: $1\key_less$func$rtl/ssc/snapshot_epoch_ssc.sv:136$10.right_structural_dim[31:0]$400
  1813/1885: $1\key_less$func$rtl/ssc/snapshot_epoch_ssc.sv:136$10.left_source_chiplet_id[31:0]$399
  1814/1885: $1\key_less$func$rtl/ssc/snapshot_epoch_ssc.sv:136$10.left_sequence_id[31:0]$398
  1815/1885: $1\key_less$func$rtl/ssc/snapshot_epoch_ssc.sv:136$10.left_enterprise_type[31:0]$397
  1816/1885: $1\key_less$func$rtl/ssc/snapshot_epoch_ssc.sv:136$10.left_structural_dim[31:0]$396
  1817/1885: $1\key_less$func$rtl/ssc/snapshot_epoch_ssc.sv:136$10.$result[0:0]$395
  1818/1885: $1\key_less$func$rtl/ssc/snapshot_epoch_ssc.sv:136$9.right_source_chiplet_id[31:0]$394
  1819/1885: $1\key_less$func$rtl/ssc/snapshot_epoch_ssc.sv:136$9.right_sequence_id[31:0]$393
  1820/1885: $1\key_less$func$rtl/ssc/snapshot_epoch_ssc.sv:136$9.right_enterprise_type[31:0]$392
  1821/1885: $1\key_less$func$rtl/ssc/snapshot_epoch_ssc.sv:136$9.right_structural_dim[31:0]$391
  1822/1885: $1\key_less$func$rtl/ssc/snapshot_epoch_ssc.sv:136$9.left_source_chiplet_id[31:0]$390
  1823/1885: $1\key_less$func$rtl/ssc/snapshot_epoch_ssc.sv:136$9.left_sequence_id[31:0]$389
  1824/1885: $1\key_less$func$rtl/ssc/snapshot_epoch_ssc.sv:136$9.left_enterprise_type[31:0]$388
  1825/1885: $1\key_less$func$rtl/ssc/snapshot_epoch_ssc.sv:136$9.left_structural_dim[31:0]$387
  1826/1885: $1\key_less$func$rtl/ssc/snapshot_epoch_ssc.sv:136$9.$result[0:0]$386
  1827/1885: $1\key_less$func$rtl/ssc/snapshot_epoch_ssc.sv:136$8.right_source_chiplet_id[31:0]$385
  1828/1885: $1\key_less$func$rtl/ssc/snapshot_epoch_ssc.sv:136$8.right_sequence_id[31:0]$384
  1829/1885: $1\key_less$func$rtl/ssc/snapshot_epoch_ssc.sv:136$8.right_enterprise_type[31:0]$383
  1830/1885: $1\key_less$func$rtl/ssc/snapshot_epoch_ssc.sv:136$8.right_structural_dim[31:0]$382
  1831/1885: $1\key_less$func$rtl/ssc/snapshot_epoch_ssc.sv:136$8.left_source_chiplet_id[31:0]$381
  1832/1885: $1\key_less$func$rtl/ssc/snapshot_epoch_ssc.sv:136$8.left_sequence_id[31:0]$380
  1833/1885: $1\key_less$func$rtl/ssc/snapshot_epoch_ssc.sv:136$8.left_enterprise_type[31:0]$379
  1834/1885: $1\key_less$func$rtl/ssc/snapshot_epoch_ssc.sv:136$8.left_structural_dim[31:0]$378
  1835/1885: $1\key_less$func$rtl/ssc/snapshot_epoch_ssc.sv:136$8.$result[0:0]$377
  1836/1885: $1\key_less$func$rtl/ssc/snapshot_epoch_ssc.sv:136$7.right_source_chiplet_id[31:0]$376
  1837/1885: $1\key_less$func$rtl/ssc/snapshot_epoch_ssc.sv:136$7.right_sequence_id[31:0]$375
  1838/1885: $1\key_less$func$rtl/ssc/snapshot_epoch_ssc.sv:136$7.right_enterprise_type[31:0]$374
  1839/1885: $1\key_less$func$rtl/ssc/snapshot_epoch_ssc.sv:136$7.right_structural_dim[31:0]$373
  1840/1885: $1\key_less$func$rtl/ssc/snapshot_epoch_ssc.sv:136$7.left_source_chiplet_id[31:0]$372
  1841/1885: $1\key_less$func$rtl/ssc/snapshot_epoch_ssc.sv:136$7.left_sequence_id[31:0]$371
  1842/1885: $1\key_less$func$rtl/ssc/snapshot_epoch_ssc.sv:136$7.left_enterprise_type[31:0]$370
  1843/1885: $1\key_less$func$rtl/ssc/snapshot_epoch_ssc.sv:136$7.left_structural_dim[31:0]$369
  1844/1885: $1\key_less$func$rtl/ssc/snapshot_epoch_ssc.sv:136$7.$result[0:0]$368
  1845/1885: $1\key_less$func$rtl/ssc/snapshot_epoch_ssc.sv:136$6.right_source_chiplet_id[31:0]$367
  1846/1885: $1\key_less$func$rtl/ssc/snapshot_epoch_ssc.sv:136$6.right_sequence_id[31:0]$366
  1847/1885: $1\key_less$func$rtl/ssc/snapshot_epoch_ssc.sv:136$6.right_enterprise_type[31:0]$365
  1848/1885: $1\key_less$func$rtl/ssc/snapshot_epoch_ssc.sv:136$6.right_structural_dim[31:0]$364
  1849/1885: $1\key_less$func$rtl/ssc/snapshot_epoch_ssc.sv:136$6.left_source_chiplet_id[31:0]$363
  1850/1885: $1\key_less$func$rtl/ssc/snapshot_epoch_ssc.sv:136$6.left_sequence_id[31:0]$362
  1851/1885: $1\key_less$func$rtl/ssc/snapshot_epoch_ssc.sv:136$6.left_enterprise_type[31:0]$361
  1852/1885: $1\key_less$func$rtl/ssc/snapshot_epoch_ssc.sv:136$6.left_structural_dim[31:0]$360
  1853/1885: $1\key_less$func$rtl/ssc/snapshot_epoch_ssc.sv:136$6.$result[0:0]$359
  1854/1885: $1\key_less$func$rtl/ssc/snapshot_epoch_ssc.sv:136$5.right_source_chiplet_id[31:0]$358
  1855/1885: $1\key_less$func$rtl/ssc/snapshot_epoch_ssc.sv:136$5.right_sequence_id[31:0]$357
  1856/1885: $1\key_less$func$rtl/ssc/snapshot_epoch_ssc.sv:136$5.right_enterprise_type[31:0]$356
  1857/1885: $1\key_less$func$rtl/ssc/snapshot_epoch_ssc.sv:136$5.right_structural_dim[31:0]$355
  1858/1885: $1\key_less$func$rtl/ssc/snapshot_epoch_ssc.sv:136$5.left_source_chiplet_id[31:0]$354
  1859/1885: $1\key_less$func$rtl/ssc/snapshot_epoch_ssc.sv:136$5.left_sequence_id[31:0]$353
  1860/1885: $1\key_less$func$rtl/ssc/snapshot_epoch_ssc.sv:136$5.left_enterprise_type[31:0]$352
  1861/1885: $1\key_less$func$rtl/ssc/snapshot_epoch_ssc.sv:136$5.left_structural_dim[31:0]$351
  1862/1885: $1\key_less$func$rtl/ssc/snapshot_epoch_ssc.sv:136$5.$result[0:0]$350
  1863/1885: $1\key_less$func$rtl/ssc/snapshot_epoch_ssc.sv:136$4.right_source_chiplet_id[31:0]$349
  1864/1885: $1\key_less$func$rtl/ssc/snapshot_epoch_ssc.sv:136$4.right_sequence_id[31:0]$348
  1865/1885: $1\key_less$func$rtl/ssc/snapshot_epoch_ssc.sv:136$4.right_enterprise_type[31:0]$347
  1866/1885: $1\key_less$func$rtl/ssc/snapshot_epoch_ssc.sv:136$4.right_structural_dim[31:0]$346
  1867/1885: $1\key_less$func$rtl/ssc/snapshot_epoch_ssc.sv:136$4.left_source_chiplet_id[31:0]$345
  1868/1885: $1\key_less$func$rtl/ssc/snapshot_epoch_ssc.sv:136$4.left_sequence_id[31:0]$344
  1869/1885: $1\key_less$func$rtl/ssc/snapshot_epoch_ssc.sv:136$4.left_enterprise_type[31:0]$343
  1870/1885: $1\key_less$func$rtl/ssc/snapshot_epoch_ssc.sv:136$4.left_structural_dim[31:0]$342
  1871/1885: $1\key_less$func$rtl/ssc/snapshot_epoch_ssc.sv:136$4.$result[0:0]$341
  1872/1885: $1\swap_node_id[31:0]
  1873/1885: $1\swap_payload_q32[63:0]
  1874/1885: $1\swap_source_chiplet_id[31:0]
  1875/1885: $1\swap_sequence_id[31:0]
  1876/1885: $1\swap_enterprise_type[31:0]
  1877/1885: $1\swap_structural_dim[31:0]
  1878/1885: $1\duplicate_found[0:0]
  1879/1885: $1\j[31:0]
  1880/1885: $1\i[31:0]
  1881/1885: $0\output_active[0:0]
  1882/1885: $0\output_index[31:0]
  1883/1885: $0\packet_count[31:0]
  1884/1885: $0\snapshot_rejected[0:0]
  1885/1885: $0\snapshot_active[0:0]
Creating decoders for process `\snapshot_epoch_ssc.$proc$rtl/ssc/snapshot_epoch_ssc.sv:0$44'.
     1/24: $2$mem2reg_rd$\stored_node_id$rtl/ssc/snapshot_epoch_ssc.sv:88$37_DATA[31:0]$74
     2/24: $2$mem2reg_rd$\stored_payload_q32$rtl/ssc/snapshot_epoch_ssc.sv:87$36_DATA[63:0]$73
     3/24: $2$mem2reg_rd$\stored_source_chiplet_id$rtl/ssc/snapshot_epoch_ssc.sv:86$35_DATA[31:0]$72
     4/24: $2$mem2reg_rd$\stored_sequence_id$rtl/ssc/snapshot_epoch_ssc.sv:85$34_DATA[31:0]$71
     5/24: $2$mem2reg_rd$\stored_enterprise_type$rtl/ssc/snapshot_epoch_ssc.sv:84$33_DATA[31:0]$70
     6/24: $2$mem2reg_rd$\stored_structural_dim$rtl/ssc/snapshot_epoch_ssc.sv:83$32_DATA[31:0]$69
     7/24: $1\out_node_id[31:0]
     8/24: $1$mem2reg_rd$\stored_node_id$rtl/ssc/snapshot_epoch_ssc.sv:88$37_DATA[31:0]$68
     9/24: $1$mem2reg_rd$\stored_node_id$rtl/ssc/snapshot_epoch_ssc.sv:88$37_ADDR[2:0]$67
    10/24: $1\out_payload_q32[63:0]
    11/24: $1$mem2reg_rd$\stored_payload_q32$rtl/ssc/snapshot_epoch_ssc.sv:87$36_DATA[63:0]$66
    12/24: $1$mem2reg_rd$\stored_payload_q32$rtl/ssc/snapshot_epoch_ssc.sv:87$36_ADDR[2:0]$65
    13/24: $1\out_source_chiplet_id[31:0]
    14/24: $1$mem2reg_rd$\stored_source_chiplet_id$rtl/ssc/snapshot_epoch_ssc.sv:86$35_DATA[31:0]$64
    15/24: $1$mem2reg_rd$\stored_source_chiplet_id$rtl/ssc/snapshot_epoch_ssc.sv:86$35_ADDR[2:0]$63
    16/24: $1\out_sequence_id[31:0]
    17/24: $1$mem2reg_rd$\stored_sequence_id$rtl/ssc/snapshot_epoch_ssc.sv:85$34_DATA[31:0]$62
    18/24: $1$mem2reg_rd$\stored_sequence_id$rtl/ssc/snapshot_epoch_ssc.sv:85$34_ADDR[2:0]$61
    19/24: $1\out_enterprise_type[31:0]
    20/24: $1$mem2reg_rd$\stored_enterprise_type$rtl/ssc/snapshot_epoch_ssc.sv:84$33_DATA[31:0]$60
    21/24: $1$mem2reg_rd$\stored_enterprise_type$rtl/ssc/snapshot_epoch_ssc.sv:84$33_ADDR[2:0]$59
    22/24: $1\out_structural_dim[31:0]
    23/24: $1$mem2reg_rd$\stored_structural_dim$rtl/ssc/snapshot_epoch_ssc.sv:83$32_DATA[31:0]$58
    24/24: $1$mem2reg_rd$\stored_structural_dim$rtl/ssc/snapshot_epoch_ssc.sv:83$32_ADDR[2:0]$57

2.2.8. Executing PROC_DLATCH pass (convert process syncs to latches).
No latch inferred for signal `\snapshot_epoch_ssc.\out_valid' from process `\snapshot_epoch_ssc.$proc$rtl/ssc/snapshot_epoch_ssc.sv:0$44'.
No latch inferred for signal `\snapshot_epoch_ssc.\out_structural_dim' from process `\snapshot_epoch_ssc.$proc$rtl/ssc/snapshot_epoch_ssc.sv:0$44'.
No latch inferred for signal `\snapshot_epoch_ssc.\out_enterprise_type' from process `\snapshot_epoch_ssc.$proc$rtl/ssc/snapshot_epoch_ssc.sv:0$44'.
No latch inferred for signal `\snapshot_epoch_ssc.\out_sequence_id' from process `\snapshot_epoch_ssc.$proc$rtl/ssc/snapshot_epoch_ssc.sv:0$44'.
No latch inferred for signal `\snapshot_epoch_ssc.\out_source_chiplet_id' from process `\snapshot_epoch_ssc.$proc$rtl/ssc/snapshot_epoch_ssc.sv:0$44'.
No latch inferred for signal `\snapshot_epoch_ssc.\out_payload_q32' from process `\snapshot_epoch_ssc.$proc$rtl/ssc/snapshot_epoch_ssc.sv:0$44'.
No latch inferred for signal `\snapshot_epoch_ssc.\out_node_id' from process `\snapshot_epoch_ssc.$proc$rtl/ssc/snapshot_epoch_ssc.sv:0$44'.
No latch inferred for signal `\snapshot_epoch_ssc.$mem2reg_rd$\stored_structural_dim$rtl/ssc/snapshot_epoch_ssc.sv:83$32_ADDR' from process `\snapshot_epoch_ssc.$proc$rtl/ssc/snapshot_epoch_ssc.sv:0$44'.
No latch inferred for signal `\snapshot_epoch_ssc.$mem2reg_rd$\stored_structural_dim$rtl/ssc/snapshot_epoch_ssc.sv:83$32_DATA' from process `\snapshot_epoch_ssc.$proc$rtl/ssc/snapshot_epoch_ssc.sv:0$44'.
No latch inferred for signal `\snapshot_epoch_ssc.$mem2reg_rd$\stored_enterprise_type$rtl/ssc/snapshot_epoch_ssc.sv:84$33_ADDR' from process `\snapshot_epoch_ssc.$proc$rtl/ssc/snapshot_epoch_ssc.sv:0$44'.
No latch inferred for signal `\snapshot_epoch_ssc.$mem2reg_rd$\stored_enterprise_type$rtl/ssc/snapshot_epoch_ssc.sv:84$33_DATA' from process `\snapshot_epoch_ssc.$proc$rtl/ssc/snapshot_epoch_ssc.sv:0$44'.
No latch inferred for signal `\snapshot_epoch_ssc.$mem2reg_rd$\stored_sequence_id$rtl/ssc/snapshot_epoch_ssc.sv:85$34_ADDR' from process `\snapshot_epoch_ssc.$proc$rtl/ssc/snapshot_epoch_ssc.sv:0$44'.
No latch inferred for signal `\snapshot_epoch_ssc.$mem2reg_rd$\stored_sequence_id$rtl/ssc/snapshot_epoch_ssc.sv:85$34_DATA' from process `\snapshot_epoch_ssc.$proc$rtl/ssc/snapshot_epoch_ssc.sv:0$44'.
No latch inferred for signal `\snapshot_epoch_ssc.$mem2reg_rd$\stored_source_chiplet_id$rtl/ssc/snapshot_epoch_ssc.sv:86$35_ADDR' from process `\snapshot_epoch_ssc.$proc$rtl/ssc/snapshot_epoch_ssc.sv:0$44'.
No latch inferred for signal `\snapshot_epoch_ssc.$mem2reg_rd$\stored_source_chiplet_id$rtl/ssc/snapshot_epoch_ssc.sv:86$35_DATA' from process `\snapshot_epoch_ssc.$proc$rtl/ssc/snapshot_epoch_ssc.sv:0$44'.
No latch inferred for signal `\snapshot_epoch_ssc.$mem2reg_rd$\stored_payload_q32$rtl/ssc/snapshot_epoch_ssc.sv:87$36_ADDR' from process `\snapshot_epoch_ssc.$proc$rtl/ssc/snapshot_epoch_ssc.sv:0$44'.
No latch inferred for signal `\snapshot_epoch_ssc.$mem2reg_rd$\stored_payload_q32$rtl/ssc/snapshot_epoch_ssc.sv:87$36_DATA' from process `\snapshot_epoch_ssc.$proc$rtl/ssc/snapshot_epoch_ssc.sv:0$44'.
No latch inferred for signal `\snapshot_epoch_ssc.$mem2reg_rd$\stored_node_id$rtl/ssc/snapshot_epoch_ssc.sv:88$37_ADDR' from process `\snapshot_epoch_ssc.$proc$rtl/ssc/snapshot_epoch_ssc.sv:0$44'.
No latch inferred for signal `\snapshot_epoch_ssc.$mem2reg_rd$\stored_node_id$rtl/ssc/snapshot_epoch_ssc.sv:88$37_DATA' from process `\snapshot_epoch_ssc.$proc$rtl/ssc/snapshot_epoch_ssc.sv:0$44'.

2.2.9. Executing PROC_DFF pass (convert process syncs to FFs).
Creating register for signal `\snapshot_epoch_ssc.\snapshot_active' using process `\snapshot_epoch_ssc.$proc$rtl/ssc/snapshot_epoch_ssc.sv:92$75'.
  created $adff cell `$procdff$15151' with positive edge clock and negative level reset.
Creating register for signal `\snapshot_epoch_ssc.\snapshot_rejected' using process `\snapshot_epoch_ssc.$proc$rtl/ssc/snapshot_epoch_ssc.sv:92$75'.
  created $adff cell `$procdff$15152' with positive edge clock and negative level reset.
Creating register for signal `\snapshot_epoch_ssc.\packet_count' using process `\snapshot_epoch_ssc.$proc$rtl/ssc/snapshot_epoch_ssc.sv:92$75'.
  created $adff cell `$procdff$15153' with positive edge clock and negative level reset.
Creating register for signal `\snapshot_epoch_ssc.\output_index' using process `\snapshot_epoch_ssc.$proc$rtl/ssc/snapshot_epoch_ssc.sv:92$75'.
  created $adff cell `$procdff$15154' with positive edge clock and negative level reset.
Creating register for signal `\snapshot_epoch_ssc.\output_active' using process `\snapshot_epoch_ssc.$proc$rtl/ssc/snapshot_epoch_ssc.sv:92$75'.
  created $adff cell `$procdff$15155' with positive edge clock and negative level reset.
Creating register for signal `\snapshot_epoch_ssc.\i' using process `\snapshot_epoch_ssc.$proc$rtl/ssc/snapshot_epoch_ssc.sv:92$75'.
  created $dff cell `$procdff$15158' with positive edge clock.
Creating register for signal `\snapshot_epoch_ssc.\j' using process `\snapshot_epoch_ssc.$proc$rtl/ssc/snapshot_epoch_ssc.sv:92$75'.
  created $dff cell `$procdff$15161' with positive edge clock.
Creating register for signal `\snapshot_epoch_ssc.\duplicate_found' using process `\snapshot_epoch_ssc.$proc$rtl/ssc/snapshot_epoch_ssc.sv:92$75'.
  created $dff cell `$procdff$15164' with positive edge clock.
Creating register for signal `\snapshot_epoch_ssc.\swap_structural_dim' using process `\snapshot_epoch_ssc.$proc$rtl/ssc/snapshot_epoch_ssc.sv:92$75'.
  created $dff cell `$procdff$15167' with positive edge clock.
Creating register for signal `\snapshot_epoch_ssc.\swap_enterprise_type' using process `\snapshot_epoch_ssc.$proc$rtl/ssc/snapshot_epoch_ssc.sv:92$75'.
  created $dff cell `$procdff$15170' with positive edge clock.
Creating register for signal `\snapshot_epoch_ssc.\swap_sequence_id' using process `\snapshot_epoch_ssc.$proc$rtl/ssc/snapshot_epoch_ssc.sv:92$75'.
  created $dff cell `$procdff$15173' with positive edge clock.
Creating register for signal `\snapshot_epoch_ssc.\swap_source_chiplet_id' using process `\snapshot_epoch_ssc.$proc$rtl/ssc/snapshot_epoch_ssc.sv:92$75'.
  created $dff cell `$procdff$15176' with positive edge clock.
Creating register for signal `\snapshot_epoch_ssc.\swap_payload_q32' using process `\snapshot_epoch_ssc.$proc$rtl/ssc/snapshot_epoch_ssc.sv:92$75'.
  created $dff cell `$procdff$15179' with positive edge clock.
Creating register for signal `\snapshot_epoch_ssc.\swap_node_id' using process `\snapshot_epoch_ssc.$proc$rtl/ssc/snapshot_epoch_ssc.sv:92$75'.
  created $dff cell `$procdff$15182' with positive edge clock.
Creating register for signal `\snapshot_epoch_ssc.\key_less$func$rtl/ssc/snapshot_epoch_ssc.sv:136$4.$result' using process `\snapshot_epoch_ssc.$proc$rtl/ssc/snapshot_epoch_ssc.sv:92$75'.
  created $adff cell `$procdff$15183' with positive edge clock and negative level reset.
Creating register for signal `\snapshot_epoch_ssc.\key_less$func$rtl/ssc/snapshot_epoch_ssc.sv:136$4.left_structural_dim' using process `\snapshot_epoch_ssc.$proc$rtl/ssc/snapshot_epoch_ssc.sv:92$75'.
  created $adff cell `$procdff$15184' with positive edge clock and negative level reset.
Creating register for signal `\snapshot_epoch_ssc.\key_less$func$rtl/ssc/snapshot_epoch_ssc.sv:136$4.left_enterprise_type' using process `\snapshot_epoch_ssc.$proc$rtl/ssc/snapshot_epoch_ssc.sv:92$75'.
  created $adff cell `$procdff$15185' with positive edge clock and negative level reset.
Creating register for signal `\snapshot_epoch_ssc.\key_less$func$rtl/ssc/snapshot_epoch_ssc.sv:136$4.left_sequence_id' using process `\snapshot_epoch_ssc.$proc$rtl/ssc/snapshot_epoch_ssc.sv:92$75'.
  created $adff cell `$procdff$15186' with positive edge clock and negative level reset.
Creating register for signal `\snapshot_epoch_ssc.\key_less$func$rtl/ssc/snapshot_epoch_ssc.sv:136$4.left_source_chiplet_id' using process `\snapshot_epoch_ssc.$proc$rtl/ssc/snapshot_epoch_ssc.sv:92$75'.
  created $adff cell `$procdff$15187' with positive edge clock and negative level reset.
Creating register for signal `\snapshot_epoch_ssc.\key_less$func$rtl/ssc/snapshot_epoch_ssc.sv:136$4.right_structural_dim' using process `\snapshot_epoch_ssc.$proc$rtl/ssc/snapshot_epoch_ssc.sv:92$75'.
  created $adff cell `$procdff$15188' with positive edge clock and negative level reset.
Creating register for signal `\snapshot_epoch_ssc.\key_less$func$rtl/ssc/snapshot_epoch_ssc.sv:136$4.right_enterprise_type' using process `\snapshot_epoch_ssc.$proc$rtl/ssc/snapshot_epoch_ssc.sv:92$75'.
  created $adff cell `$procdff$15189' with positive edge clock and negative level reset.
Creating register for signal `\snapshot_epoch_ssc.\key_less$func$rtl/ssc/snapshot_epoch_ssc.sv:136$4.right_sequence_id' using process `\snapshot_epoch_ssc.$proc$rtl/ssc/snapshot_epoch_ssc.sv:92$75'.
  created $adff cell `$procdff$15190' with positive edge clock and negative level reset.
Creating register for signal `\snapshot_epoch_ssc.\key_less$func$rtl/ssc/snapshot_epoch_ssc.sv:136$4.right_source_chiplet_id' using process `\snapshot_epoch_ssc.$proc$rtl/ssc/snapshot_epoch_ssc.sv:92$75'.
  created $adff cell `$procdff$15191' with positive edge clock and negative level reset.
Creating register for signal `\snapshot_epoch_ssc.\key_less$func$rtl/ssc/snapshot_epoch_ssc.sv:136$5.$result' using process `\snapshot_epoch_ssc.$proc$rtl/ssc/snapshot_epoch_ssc.sv:92$75'.
  created $adff cell `$procdff$15192' with positive edge clock and negative level reset.
Creating register for signal `\snapshot_epoch_ssc.\key_less$func$rtl/ssc/snapshot_epoch_ssc.sv:136$5.left_structural_dim' using process `\snapshot_epoch_ssc.$proc$rtl/ssc/snapshot_epoch_ssc.sv:92$75'.
  created $adff cell `$procdff$15193' with positive edge clock and negative level reset.
Creating register for signal `\snapshot_epoch_ssc.\key_less$func$rtl/ssc/snapshot_epoch_ssc.sv:136$5.left_enterprise_type' using process `\snapshot_epoch_ssc.$proc$rtl/ssc/snapshot_epoch_ssc.sv:92$75'.
  created $adff cell `$procdff$15194' with positive edge clock and negative level reset.
Creating register for signal `\snapshot_epoch_ssc.\key_less$func$rtl/ssc/snapshot_epoch_ssc.sv:136$5.left_sequence_id' using process `\snapshot_epoch_ssc.$proc$rtl/ssc/snapshot_epoch_ssc.sv:92$75'.
  created $adff cell `$procdff$15195' with positive edge clock and negative level reset.
Creating register for signal `\snapshot_epoch_ssc.\key_less$func$rtl/ssc/snapshot_epoch_ssc.sv:136$5.left_source_chiplet_id' using process `\snapshot_epoch_ssc.$proc$rtl/ssc/snapshot_epoch_ssc.sv:92$75'.
  created $adff cell `$procdff$15196' with positive edge clock and negative level reset.
Creating register for signal `\snapshot_epoch_ssc.\key_less$func$rtl/ssc/snapshot_epoch_ssc.sv:136$5.right_structural_dim' using process `\snapshot_epoch_ssc.$proc$rtl/ssc/snapshot_epoch_ssc.sv:92$75'.
  created $adff cell `$procdff$15197' with positive edge clock and negative level reset.
Creating register for signal `\snapshot_epoch_ssc.\key_less$func$rtl/ssc/snapshot_epoch_ssc.sv:136$5.right_enterprise_type' using process `\snapshot_epoch_ssc.$proc$rtl/ssc/snapshot_epoch_ssc.sv:92$75'.
  created $adff cell `$procdff$15198' with positive edge clock and negative level reset.
Creating register for signal `\snapshot_epoch_ssc.\key_less$func$rtl/ssc/snapshot_epoch_ssc.sv:136$5.right_sequence_id' using process `\snapshot_epoch_ssc.$proc$rtl/ssc/snapshot_epoch_ssc.sv:92$75'.
  created $adff cell `$procdff$15199' with positive edge clock and negative level reset.
Creating register for signal `\snapshot_epoch_ssc.\key_less$func$rtl/ssc/snapshot_epoch_ssc.sv:136$5.right_source_chiplet_id' using process `\snapshot_epoch_ssc.$proc$rtl/ssc/snapshot_epoch_ssc.sv:92$75'.
  created $adff cell `$procdff$15200' with positive edge clock and negative level reset.
Creating register for signal `\snapshot_epoch_ssc.\key_less$func$rtl/ssc/snapshot_epoch_ssc.sv:136$6.$result' using process `\snapshot_epoch_ssc.$proc$rtl/ssc/snapshot_epoch_ssc.sv:92$75'.
  created $adff cell `$procdff$15201' with positive edge clock and negative level reset.
Creating register for signal `\snapshot_epoch_ssc.\key_less$func$rtl/ssc/snapshot_epoch_ssc.sv:136$6.left_structural_dim' using process `\snapshot_epoch_ssc.$proc$rtl/ssc/snapshot_epoch_ssc.sv:92$75'.
  created $adff cell `$procdff$15202' with positive edge clock and negative level reset.
Creating register for signal `\snapshot_epoch_ssc.\key_less$func$rtl/ssc/snapshot_epoch_ssc.sv:136$6.left_enterprise_type' using process `\snapshot_epoch_ssc.$proc$rtl/ssc/snapshot_epoch_ssc.sv:92$75'.
  created $adff cell `$procdff$15203' with positive edge clock and negative level reset.
Creating register for signal `\snapshot_epoch_ssc.\key_less$func$rtl/ssc/snapshot_epoch_ssc.sv:136$6.left_sequence_id' using process `\snapshot_epoch_ssc.$proc$rtl/ssc/snapshot_epoch_ssc.sv:92$75'.
  created $adff cell `$procdff$15204' with positive edge clock and negative level reset.
Creating register for signal `\snapshot_epoch_ssc.\key_less$func$rtl/ssc/snapshot_epoch_ssc.sv:136$6.left_source_chiplet_id' using process `\snapshot_epoch_ssc.$proc$rtl/ssc/snapshot_epoch_ssc.sv:92$75'.
  created $adff cell `$procdff$15205' with positive edge clock and negative level reset.
Creating register for signal `\snapshot_epoch_ssc.\key_less$func$rtl/ssc/snapshot_epoch_ssc.sv:136$6.right_structural_dim' using process `\snapshot_epoch_ssc.$proc$rtl/ssc/snapshot_epoch_ssc.sv:92$75'.
  created $adff cell `$procdff$15206' with positive edge clock and negative level reset.
Creating register for signal `\snapshot_epoch_ssc.\key_less$func$rtl/ssc/snapshot_epoch_ssc.sv:136$6.right_enterprise_type' using process `\snapshot_epoch_ssc.$proc$rtl/ssc/snapshot_epoch_ssc.sv:92$75'.
  created $adff cell `$procdff$15207' with positive edge clock and negative level reset.
Creating register for signal `\snapshot_epoch_ssc.\key_less$func$rtl/ssc/snapshot_epoch_ssc.sv:136$6.right_sequence_id' using process `\snapshot_epoch_ssc.$proc$rtl/ssc/snapshot_epoch_ssc.sv:92$75'.
  created $adff cell `$procdff$15208' with positive edge clock and negative level reset.
Creating register for signal `\snapshot_epoch_ssc.\key_less$func$rtl/ssc/snapshot_epoch_ssc.sv:136$6.right_source_chiplet_id' using process `\snapshot_epoch_ssc.$proc$rtl/ssc/snapshot_epoch_ssc.sv:92$75'.
  created $adff cell `$procdff$15209' with positive edge clock and negative level reset.
Creating register for signal `\snapshot_epoch_ssc.\key_less$func$rtl/ssc/snapshot_epoch_ssc.sv:136$7.$result' using process `\snapshot_epoch_ssc.$proc$rtl/ssc/snapshot_epoch_ssc.sv:92$75'.
  created $adff cell `$procdff$15210' with positive edge clock and negative level reset.
Creating register for signal `\snapshot_epoch_ssc.\key_less$func$rtl/ssc/snapshot_epoch_ssc.sv:136$7.left_structural_dim' using process `\snapshot_epoch_ssc.$proc$rtl/ssc/snapshot_epoch_ssc.sv:92$75'.
  created $adff cell `$procdff$15211' with positive edge clock and negative level reset.
Creating register for signal `\snapshot_epoch_ssc.\key_less$func$rtl/ssc/snapshot_epoch_ssc.sv:136$7.left_enterprise_type' using process `\snapshot_epoch_ssc.$proc$rtl/ssc/snapshot_epoch_ssc.sv:92$75'.
  created $adff cell `$procdff$15212' with positive edge clock and negative level reset.
Creating register for signal `\snapshot_epoch_ssc.\key_less$func$rtl/ssc/snapshot_epoch_ssc.sv:136$7.left_sequence_id' using process `\snapshot_epoch_ssc.$proc$rtl/ssc/snapshot_epoch_ssc.sv:92$75'.
  created $adff cell `$procdff$15213' with positive edge clock and negative level reset.
Creating register for signal `\snapshot_epoch_ssc.\key_less$func$rtl/ssc/snapshot_epoch_ssc.sv:136$7.left_source_chiplet_id' using process `\snapshot_epoch_ssc.$proc$rtl/ssc/snapshot_epoch_ssc.sv:92$75'.
  created $adff cell `$procdff$15214' with positive edge clock and negative level reset.
Creating register for signal `\snapshot_epoch_ssc.\key_less$func$rtl/ssc/snapshot_epoch_ssc.sv:136$7.right_structural_dim' using process `\snapshot_epoch_ssc.$proc$rtl/ssc/snapshot_epoch_ssc.sv:92$75'.
  created $adff cell `$procdff$15215' with positive edge clock and negative level reset.
Creating register for signal `\snapshot_epoch_ssc.\key_less$func$rtl/ssc/snapshot_epoch_ssc.sv:136$7.right_enterprise_type' using process `\snapshot_epoch_ssc.$proc$rtl/ssc/snapshot_epoch_ssc.sv:92$75'.
  created $adff cell `$procdff$15216' with positive edge clock and negative level reset.
Creating register for signal `\snapshot_epoch_ssc.\key_less$func$rtl/ssc/snapshot_epoch_ssc.sv:136$7.right_sequence_id' using process `\snapshot_epoch_ssc.$proc$rtl/ssc/snapshot_epoch_ssc.sv:92$75'.
  created $adff cell `$procdff$15217' with positive edge clock and negative level reset.
Creating register for signal `\snapshot_epoch_ssc.\key_less$func$rtl/ssc/snapshot_epoch_ssc.sv:136$7.right_source_chiplet_id' using process `\snapshot_epoch_ssc.$proc$rtl/ssc/snapshot_epoch_ssc.sv:92$75'.
  created $adff cell `$procdff$15218' with positive edge clock and negative level reset.
Creating register for signal `\snapshot_epoch_ssc.\key_less$func$rtl/ssc/snapshot_epoch_ssc.sv:136$8.$result' using process `\snapshot_epoch_ssc.$proc$rtl/ssc/snapshot_epoch_ssc.sv:92$75'.
  created $adff cell `$procdff$15219' with positive edge clock and negative level reset.
Creating register for signal `\snapshot_epoch_ssc.\key_less$func$rtl/ssc/snapshot_epoch_ssc.sv:136$8.left_structural_dim' using process `\snapshot_epoch_ssc.$proc$rtl/ssc/snapshot_epoch_ssc.sv:92$75'.
  created $adff cell `$procdff$15220' with positive edge clock and negative level reset.
Creating register for signal `\snapshot_epoch_ssc.\key_less$func$rtl/ssc/snapshot_epoch_ssc.sv:136$8.left_enterprise_type' using process `\snapshot_epoch_ssc.$proc$rtl/ssc/snapshot_epoch_ssc.sv:92$75'.
  created $adff cell `$procdff$15221' with positive edge clock and negative level reset.
Creating register for signal `\snapshot_epoch_ssc.\key_less$func$rtl/ssc/snapshot_epoch_ssc.sv:136$8.left_sequence_id' using process `\snapshot_epoch_ssc.$proc$rtl/ssc/snapshot_epoch_ssc.sv:92$75'.
  created $adff cell `$procdff$15222' with positive edge clock and negative level reset.
Creating register for signal `\snapshot_epoch_ssc.\key_less$func$rtl/ssc/snapshot_epoch_ssc.sv:136$8.left_source_chiplet_id' using process `\snapshot_epoch_ssc.$proc$rtl/ssc/snapshot_epoch_ssc.sv:92$75'.
  created $adff cell `$procdff$15223' with positive edge clock and negative level reset.
Creating register for signal `\snapshot_epoch_ssc.\key_less$func$rtl/ssc/snapshot_epoch_ssc.sv:136$8.right_structural_dim' using process `\snapshot_epoch_ssc.$proc$rtl/ssc/snapshot_epoch_ssc.sv:92$75'.
  created $adff cell `$procdff$15224' with positive edge clock and negative level reset.
Creating register for signal `\snapshot_epoch_ssc.\key_less$func$rtl/ssc/snapshot_epoch_ssc.sv:136$8.right_enterprise_type' using process `\snapshot_epoch_ssc.$proc$rtl/ssc/snapshot_epoch_ssc.sv:92$75'.
  created $adff cell `$procdff$15225' with positive edge clock and negative level reset.
Creating register for signal `\snapshot_epoch_ssc.\key_less$func$rtl/ssc/snapshot_epoch_ssc.sv:136$8.right_sequence_id' using process `\snapshot_epoch_ssc.$proc$rtl/ssc/snapshot_epoch_ssc.sv:92$75'.
  created $adff cell `$procdff$15226' with positive edge clock and negative level reset.
Creating register for signal `\snapshot_epoch_ssc.\key_less$func$rtl/ssc/snapshot_epoch_ssc.sv:136$8.right_source_chiplet_id' using process `\snapshot_epoch_ssc.$proc$rtl/ssc/snapshot_epoch_ssc.sv:92$75'.
  created $adff cell `$procdff$15227' with positive edge clock and negative level reset.
Creating register for signal `\snapshot_epoch_ssc.\key_less$func$rtl/ssc/snapshot_epoch_ssc.sv:136$9.$result' using process `\snapshot_epoch_ssc.$proc$rtl/ssc/snapshot_epoch_ssc.sv:92$75'.
  created $adff cell `$procdff$15228' with positive edge clock and negative level reset.
Creating register for signal `\snapshot_epoch_ssc.\key_less$func$rtl/ssc/snapshot_epoch_ssc.sv:136$9.left_structural_dim' using process `\snapshot_epoch_ssc.$proc$rtl/ssc/snapshot_epoch_ssc.sv:92$75'.
  created $adff cell `$procdff$15229' with positive edge clock and negative level reset.
Creating register for signal `\snapshot_epoch_ssc.\key_less$func$rtl/ssc/snapshot_epoch_ssc.sv:136$9.left_enterprise_type' using process `\snapshot_epoch_ssc.$proc$rtl/ssc/snapshot_epoch_ssc.sv:92$75'.
  created $adff cell `$procdff$15230' with positive edge clock and negative level reset.
Creating register for signal `\snapshot_epoch_ssc.\key_less$func$rtl/ssc/snapshot_epoch_ssc.sv:136$9.left_sequence_id' using process `\snapshot_epoch_ssc.$proc$rtl/ssc/snapshot_epoch_ssc.sv:92$75'.
  created $adff cell `$procdff$15231' with positive edge clock and negative level reset.
Creating register for signal `\snapshot_epoch_ssc.\key_less$func$rtl/ssc/snapshot_epoch_ssc.sv:136$9.left_source_chiplet_id' using process `\snapshot_epoch_ssc.$proc$rtl/ssc/snapshot_epoch_ssc.sv:92$75'.
  created $adff cell `$procdff$15232' with positive edge clock and negative level reset.
Creating register for signal `\snapshot_epoch_ssc.\key_less$func$rtl/ssc/snapshot_epoch_ssc.sv:136$9.right_structural_dim' using process `\snapshot_epoch_ssc.$proc$rtl/ssc/snapshot_epoch_ssc.sv:92$75'.
  created $adff cell `$procdff$15233' with positive edge clock and negative level reset.
Creating register for signal `\snapshot_epoch_ssc.\key_less$func$rtl/ssc/snapshot_epoch_ssc.sv:136$9.right_enterprise_type' using process `\snapshot_epoch_ssc.$proc$rtl/ssc/snapshot_epoch_ssc.sv:92$75'.
  created $adff cell `$procdff$15234' with positive edge clock and negative level reset.
Creating register for signal `\snapshot_epoch_ssc.\key_less$func$rtl/ssc/snapshot_epoch_ssc.sv:136$9.right_sequence_id' using process `\snapshot_epoch_ssc.$proc$rtl/ssc/snapshot_epoch_ssc.sv:92$75'.
  created $adff cell `$procdff$15235' with positive edge clock and negative level reset.
Creating register for signal `\snapshot_epoch_ssc.\key_less$func$rtl/ssc/snapshot_epoch_ssc.sv:136$9.right_source_chiplet_id' using process `\snapshot_epoch_ssc.$proc$rtl/ssc/snapshot_epoch_ssc.sv:92$75'.
  created $adff cell `$procdff$15236' with positive edge clock and negative level reset.
Creating register for signal `\snapshot_epoch_ssc.\key_less$func$rtl/ssc/snapshot_epoch_ssc.sv:136$10.$result' using process `\snapshot_epoch_ssc.$proc$rtl/ssc/snapshot_epoch_ssc.sv:92$75'.
  created $adff cell `$procdff$15237' with positive edge clock and negative level reset.
Creating register for signal `\snapshot_epoch_ssc.\key_less$func$rtl/ssc/snapshot_epoch_ssc.sv:136$10.left_structural_dim' using process `\snapshot_epoch_ssc.$proc$rtl/ssc/snapshot_epoch_ssc.sv:92$75'.
  created $adff cell `$procdff$15238' with positive edge clock and negative level reset.
Creating register for signal `\snapshot_epoch_ssc.\key_less$func$rtl/ssc/snapshot_epoch_ssc.sv:136$10.left_enterprise_type' using process `\snapshot_epoch_ssc.$proc$rtl/ssc/snapshot_epoch_ssc.sv:92$75'.
  created $adff cell `$procdff$15239' with positive edge clock and negative level reset.
Creating register for signal `\snapshot_epoch_ssc.\key_less$func$rtl/ssc/snapshot_epoch_ssc.sv:136$10.left_sequence_id' using process `\snapshot_epoch_ssc.$proc$rtl/ssc/snapshot_epoch_ssc.sv:92$75'.
  created $adff cell `$procdff$15240' with positive edge clock and negative level reset.
Creating register for signal `\snapshot_epoch_ssc.\key_less$func$rtl/ssc/snapshot_epoch_ssc.sv:136$10.left_source_chiplet_id' using process `\snapshot_epoch_ssc.$proc$rtl/ssc/snapshot_epoch_ssc.sv:92$75'.
  created $adff cell `$procdff$15241' with positive edge clock and negative level reset.
Creating register for signal `\snapshot_epoch_ssc.\key_less$func$rtl/ssc/snapshot_epoch_ssc.sv:136$10.right_structural_dim' using process `\snapshot_epoch_ssc.$proc$rtl/ssc/snapshot_epoch_ssc.sv:92$75'.
  created $adff cell `$procdff$15242' with positive edge clock and negative level reset.
Creating register for signal `\snapshot_epoch_ssc.\key_less$func$rtl/ssc/snapshot_epoch_ssc.sv:136$10.right_enterprise_type' using process `\snapshot_epoch_ssc.$proc$rtl/ssc/snapshot_epoch_ssc.sv:92$75'.
  created $adff cell `$procdff$15243' with positive edge clock and negative level reset.
Creating register for signal `\snapshot_epoch_ssc.\key_less$func$rtl/ssc/snapshot_epoch_ssc.sv:136$10.right_sequence_id' using process `\snapshot_epoch_ssc.$proc$rtl/ssc/snapshot_epoch_ssc.sv:92$75'.
  created $adff cell `$procdff$15244' with positive edge clock and negative level reset.
Creating register for signal `\snapshot_epoch_ssc.\key_less$func$rtl/ssc/snapshot_epoch_ssc.sv:136$10.right_source_chiplet_id' using process `\snapshot_epoch_ssc.$proc$rtl/ssc/snapshot_epoch_ssc.sv:92$75'.
  created $adff cell `$procdff$15245' with positive edge clock and negative level reset.
Creating register for signal `\snapshot_epoch_ssc.\key_less$func$rtl/ssc/snapshot_epoch_ssc.sv:136$11.$result' using process `\snapshot_epoch_ssc.$proc$rtl/ssc/snapshot_epoch_ssc.sv:92$75'.
  created $adff cell `$procdff$15246' with positive edge clock and negative level reset.
Creating register for signal `\snapshot_epoch_ssc.\key_less$func$rtl/ssc/snapshot_epoch_ssc.sv:136$11.left_structural_dim' using process `\snapshot_epoch_ssc.$proc$rtl/ssc/snapshot_epoch_ssc.sv:92$75'.
  created $adff cell `$procdff$15247' with positive edge clock and negative level reset.
Creating register for signal `\snapshot_epoch_ssc.\key_less$func$rtl/ssc/snapshot_epoch_ssc.sv:136$11.left_enterprise_type' using process `\snapshot_epoch_ssc.$proc$rtl/ssc/snapshot_epoch_ssc.sv:92$75'.
  created $adff cell `$procdff$15248' with positive edge clock and negative level reset.
Creating register for signal `\snapshot_epoch_ssc.\key_less$func$rtl/ssc/snapshot_epoch_ssc.sv:136$11.left_sequence_id' using process `\snapshot_epoch_ssc.$proc$rtl/ssc/snapshot_epoch_ssc.sv:92$75'.
  created $adff cell `$procdff$15249' with positive edge clock and negative level reset.
Creating register for signal `\snapshot_epoch_ssc.\key_less$func$rtl/ssc/snapshot_epoch_ssc.sv:136$11.left_source_chiplet_id' using process `\snapshot_epoch_ssc.$proc$rtl/ssc/snapshot_epoch_ssc.sv:92$75'.
  created $adff cell `$procdff$15250' with positive edge clock and negative level reset.
Creating register for signal `\snapshot_epoch_ssc.\key_less$func$rtl/ssc/snapshot_epoch_ssc.sv:136$11.right_structural_dim' using process `\snapshot_epoch_ssc.$proc$rtl/ssc/snapshot_epoch_ssc.sv:92$75'.
  created $adff cell `$procdff$15251' with positive edge clock and negative level reset.
Creating register for signal `\snapshot_epoch_ssc.\key_less$func$rtl/ssc/snapshot_epoch_ssc.sv:136$11.right_enterprise_type' using process `\snapshot_epoch_ssc.$proc$rtl/ssc/snapshot_epoch_ssc.sv:92$75'.
  created $adff cell `$procdff$15252' with positive edge clock and negative level reset.
Creating register for signal `\snapshot_epoch_ssc.\key_less$func$rtl/ssc/snapshot_epoch_ssc.sv:136$11.right_sequence_id' using process `\snapshot_epoch_ssc.$proc$rtl/ssc/snapshot_epoch_ssc.sv:92$75'.
  created $adff cell `$procdff$15253' with positive edge clock and negative level reset.
Creating register for signal `\snapshot_epoch_ssc.\key_less$func$rtl/ssc/snapshot_epoch_ssc.sv:136$11.right_source_chiplet_id' using process `\snapshot_epoch_ssc.$proc$rtl/ssc/snapshot_epoch_ssc.sv:92$75'.
  created $adff cell `$procdff$15254' with positive edge clock and negative level reset.
Creating register for signal `\snapshot_epoch_ssc.\key_less$func$rtl/ssc/snapshot_epoch_ssc.sv:136$12.$result' using process `\snapshot_epoch_ssc.$proc$rtl/ssc/snapshot_epoch_ssc.sv:92$75'.
  created $adff cell `$procdff$15255' with positive edge clock and negative level reset.
Creating register for signal `\snapshot_epoch_ssc.\key_less$func$rtl/ssc/snapshot_epoch_ssc.sv:136$12.left_structural_dim' using process `\snapshot_epoch_ssc.$proc$rtl/ssc/snapshot_epoch_ssc.sv:92$75'.
  created $adff cell `$procdff$15256' with positive edge clock and negative level reset.
Creating register for signal `\snapshot_epoch_ssc.\key_less$func$rtl/ssc/snapshot_epoch_ssc.sv:136$12.left_enterprise_type' using process `\snapshot_epoch_ssc.$proc$rtl/ssc/snapshot_epoch_ssc.sv:92$75'.
  created $adff cell `$procdff$15257' with positive edge clock and negative level reset.
Creating register for signal `\snapshot_epoch_ssc.\key_less$func$rtl/ssc/snapshot_epoch_ssc.sv:136$12.left_sequence_id' using process `\snapshot_epoch_ssc.$proc$rtl/ssc/snapshot_epoch_ssc.sv:92$75'.
  created $adff cell `$procdff$15258' with positive edge clock and negative level reset.
Creating register for signal `\snapshot_epoch_ssc.\key_less$func$rtl/ssc/snapshot_epoch_ssc.sv:136$12.left_source_chiplet_id' using process `\snapshot_epoch_ssc.$proc$rtl/ssc/snapshot_epoch_ssc.sv:92$75'.
  created $adff cell `$procdff$15259' with positive edge clock and negative level reset.
Creating register for signal `\snapshot_epoch_ssc.\key_less$func$rtl/ssc/snapshot_epoch_ssc.sv:136$12.right_structural_dim' using process `\snapshot_epoch_ssc.$proc$rtl/ssc/snapshot_epoch_ssc.sv:92$75'.
  created $adff cell `$procdff$15260' with positive edge clock and negative level reset.
Creating register for signal `\snapshot_epoch_ssc.\key_less$func$rtl/ssc/snapshot_epoch_ssc.sv:136$12.right_enterprise_type' using process `\snapshot_epoch_ssc.$proc$rtl/ssc/snapshot_epoch_ssc.sv:92$75'.
  created $adff cell `$procdff$15261' with positive edge clock and negative level reset.
Creating register for signal `\snapshot_epoch_ssc.\key_less$func$rtl/ssc/snapshot_epoch_ssc.sv:136$12.right_sequence_id' using process `\snapshot_epoch_ssc.$proc$rtl/ssc/snapshot_epoch_ssc.sv:92$75'.
  created $adff cell `$procdff$15262' with positive edge clock and negative level reset.
Creating register for signal `\snapshot_epoch_ssc.\key_less$func$rtl/ssc/snapshot_epoch_ssc.sv:136$12.right_source_chiplet_id' using process `\snapshot_epoch_ssc.$proc$rtl/ssc/snapshot_epoch_ssc.sv:92$75'.
  created $adff cell `$procdff$15263' with positive edge clock and negative level reset.
Creating register for signal `\snapshot_epoch_ssc.\key_less$func$rtl/ssc/snapshot_epoch_ssc.sv:136$13.$result' using process `\snapshot_epoch_ssc.$proc$rtl/ssc/snapshot_epoch_ssc.sv:92$75'.
  created $adff cell `$procdff$15264' with positive edge clock and negative level reset.
Creating register for signal `\snapshot_epoch_ssc.\key_less$func$rtl/ssc/snapshot_epoch_ssc.sv:136$13.left_structural_dim' using process `\snapshot_epoch_ssc.$proc$rtl/ssc/snapshot_epoch_ssc.sv:92$75'.
  created $adff cell `$procdff$15265' with positive edge clock and negative level reset.
Creating register for signal `\snapshot_epoch_ssc.\key_less$func$rtl/ssc/snapshot_epoch_ssc.sv:136$13.left_enterprise_type' using process `\snapshot_epoch_ssc.$proc$rtl/ssc/snapshot_epoch_ssc.sv:92$75'.
  created $adff cell `$procdff$15266' with positive edge clock and negative level reset.
Creating register for signal `\snapshot_epoch_ssc.\key_less$func$rtl/ssc/snapshot_epoch_ssc.sv:136$13.left_sequence_id' using process `\snapshot_epoch_ssc.$proc$rtl/ssc/snapshot_epoch_ssc.sv:92$75'.
  created $adff cell `$procdff$15267' with positive edge clock and negative level reset.
Creating register for signal `\snapshot_epoch_ssc.\key_less$func$rtl/ssc/snapshot_epoch_ssc.sv:136$13.left_source_chiplet_id' using process `\snapshot_epoch_ssc.$proc$rtl/ssc/snapshot_epoch_ssc.sv:92$75'.
  created $adff cell `$procdff$15268' with positive edge clock and negative level reset.
Creating register for signal `\snapshot_epoch_ssc.\key_less$func$rtl/ssc/snapshot_epoch_ssc.sv:136$13.right_structural_dim' using process `\snapshot_epoch_ssc.$proc$rtl/ssc/snapshot_epoch_ssc.sv:92$75'.
  created $adff cell `$procdff$15269' with positive edge clock and negative level reset.
Creating register for signal `\snapshot_epoch_ssc.\key_less$func$rtl/ssc/snapshot_epoch_ssc.sv:136$13.right_enterprise_type' using process `\snapshot_epoch_ssc.$proc$rtl/ssc/snapshot_epoch_ssc.sv:92$75'.
  created $adff cell `$procdff$15270' with positive edge clock and negative level reset.
Creating register for signal `\snapshot_epoch_ssc.\key_less$func$rtl/ssc/snapshot_epoch_ssc.sv:136$13.right_sequence_id' using process `\snapshot_epoch_ssc.$proc$rtl/ssc/snapshot_epoch_ssc.sv:92$75'.
  created $adff cell `$procdff$15271' with positive edge clock and negative level reset.
Creating register for signal `\snapshot_epoch_ssc.\key_less$func$rtl/ssc/snapshot_epoch_ssc.sv:136$13.right_source_chiplet_id' using process `\snapshot_epoch_ssc.$proc$rtl/ssc/snapshot_epoch_ssc.sv:92$75'.
  created $adff cell `$procdff$15272' with positive edge clock and negative level reset.
Creating register for signal `\snapshot_epoch_ssc.\key_less$func$rtl/ssc/snapshot_epoch_ssc.sv:136$14.$result' using process `\snapshot_epoch_ssc.$proc$rtl/ssc/snapshot_epoch_ssc.sv:92$75'.
  created $adff cell `$procdff$15273' with positive edge clock and negative level reset.
Creating register for signal `\snapshot_epoch_ssc.\key_less$func$rtl/ssc/snapshot_epoch_ssc.sv:136$14.left_structural_dim' using process `\snapshot_epoch_ssc.$proc$rtl/ssc/snapshot_epoch_ssc.sv:92$75'.
  created $adff cell `$procdff$15274' with positive edge clock and negative level reset.
Creating register for signal `\snapshot_epoch_ssc.\key_less$func$rtl/ssc/snapshot_epoch_ssc.sv:136$14.left_enterprise_type' using process `\snapshot_epoch_ssc.$proc$rtl/ssc/snapshot_epoch_ssc.sv:92$75'.
  created $adff cell `$procdff$15275' with positive edge clock and negative level reset.
Creating register for signal `\snapshot_epoch_ssc.\key_less$func$rtl/ssc/snapshot_epoch_ssc.sv:136$14.left_sequence_id' using process `\snapshot_epoch_ssc.$proc$rtl/ssc/snapshot_epoch_ssc.sv:92$75'.
  created $adff cell `$procdff$15276' with positive edge clock and negative level reset.
Creating register for signal `\snapshot_epoch_ssc.\key_less$func$rtl/ssc/snapshot_epoch_ssc.sv:136$14.left_source_chiplet_id' using process `\snapshot_epoch_ssc.$proc$rtl/ssc/snapshot_epoch_ssc.sv:92$75'.
  created $adff cell `$procdff$15277' with positive edge clock and negative level reset.
Creating register for signal `\snapshot_epoch_ssc.\key_less$func$rtl/ssc/snapshot_epoch_ssc.sv:136$14.right_structural_dim' using process `\snapshot_epoch_ssc.$proc$rtl/ssc/snapshot_epoch_ssc.sv:92$75'.
  created $adff cell `$procdff$15278' with positive edge clock and negative level reset.
Creating register for signal `\snapshot_epoch_ssc.\key_less$func$rtl/ssc/snapshot_epoch_ssc.sv:136$14.right_enterprise_type' using process `\snapshot_epoch_ssc.$proc$rtl/ssc/snapshot_epoch_ssc.sv:92$75'.
  created $adff cell `$procdff$15279' with positive edge clock and negative level reset.
Creating register for signal `\snapshot_epoch_ssc.\key_less$func$rtl/ssc/snapshot_epoch_ssc.sv:136$14.right_sequence_id' using process `\snapshot_epoch_ssc.$proc$rtl/ssc/snapshot_epoch_ssc.sv:92$75'.
  created $adff cell `$procdff$15280' with positive edge clock and negative level reset.
Creating register for signal `\snapshot_epoch_ssc.\key_less$func$rtl/ssc/snapshot_epoch_ssc.sv:136$14.right_source_chiplet_id' using process `\snapshot_epoch_ssc.$proc$rtl/ssc/snapshot_epoch_ssc.sv:92$75'.
  created $adff cell `$procdff$15281' with positive edge clock and negative level reset.
Creating register for signal `\snapshot_epoch_ssc.\key_less$func$rtl/ssc/snapshot_epoch_ssc.sv:136$15.$result' using process `\snapshot_epoch_ssc.$proc$rtl/ssc/snapshot_epoch_ssc.sv:92$75'.
  created $adff cell `$procdff$15282' with positive edge clock and negative level reset.
Creating register for signal `\snapshot_epoch_ssc.\key_less$func$rtl/ssc/snapshot_epoch_ssc.sv:136$15.left_structural_dim' using process `\snapshot_epoch_ssc.$proc$rtl/ssc/snapshot_epoch_ssc.sv:92$75'.
  created $adff cell `$procdff$15283' with positive edge clock and negative level reset.
Creating register for signal `\snapshot_epoch_ssc.\key_less$func$rtl/ssc/snapshot_epoch_ssc.sv:136$15.left_enterprise_type' using process `\snapshot_epoch_ssc.$proc$rtl/ssc/snapshot_epoch_ssc.sv:92$75'.
  created $adff cell `$procdff$15284' with positive edge clock and negative level reset.
Creating register for signal `\snapshot_epoch_ssc.\key_less$func$rtl/ssc/snapshot_epoch_ssc.sv:136$15.left_sequence_id' using process `\snapshot_epoch_ssc.$proc$rtl/ssc/snapshot_epoch_ssc.sv:92$75'.
  created $adff cell `$procdff$15285' with positive edge clock and negative level reset.
Creating register for signal `\snapshot_epoch_ssc.\key_less$func$rtl/ssc/snapshot_epoch_ssc.sv:136$15.left_source_chiplet_id' using process `\snapshot_epoch_ssc.$proc$rtl/ssc/snapshot_epoch_ssc.sv:92$75'.
  created $adff cell `$procdff$15286' with positive edge clock and negative level reset.
Creating register for signal `\snapshot_epoch_ssc.\key_less$func$rtl/ssc/snapshot_epoch_ssc.sv:136$15.right_structural_dim' using process `\snapshot_epoch_ssc.$proc$rtl/ssc/snapshot_epoch_ssc.sv:92$75'.
  created $adff cell `$procdff$15287' with positive edge clock and negative level reset.
Creating register for signal `\snapshot_epoch_ssc.\key_less$func$rtl/ssc/snapshot_epoch_ssc.sv:136$15.right_enterprise_type' using process `\snapshot_epoch_ssc.$proc$rtl/ssc/snapshot_epoch_ssc.sv:92$75'.
  created $adff cell `$procdff$15288' with positive edge clock and negative level reset.
Creating register for signal `\snapshot_epoch_ssc.\key_less$func$rtl/ssc/snapshot_epoch_ssc.sv:136$15.right_sequence_id' using process `\snapshot_epoch_ssc.$proc$rtl/ssc/snapshot_epoch_ssc.sv:92$75'.
  created $adff cell `$procdff$15289' with positive edge clock and negative level reset.
Creating register for signal `\snapshot_epoch_ssc.\key_less$func$rtl/ssc/snapshot_epoch_ssc.sv:136$15.right_source_chiplet_id' using process `\snapshot_epoch_ssc.$proc$rtl/ssc/snapshot_epoch_ssc.sv:92$75'.
  created $adff cell `$procdff$15290' with positive edge clock and negative level reset.
Creating register for signal `\snapshot_epoch_ssc.\key_less$func$rtl/ssc/snapshot_epoch_ssc.sv:136$16.$result' using process `\snapshot_epoch_ssc.$proc$rtl/ssc/snapshot_epoch_ssc.sv:92$75'.
  created $adff cell `$procdff$15291' with positive edge clock and negative level reset.
Creating register for signal `\snapshot_epoch_ssc.\key_less$func$rtl/ssc/snapshot_epoch_ssc.sv:136$16.left_structural_dim' using process `\snapshot_epoch_ssc.$proc$rtl/ssc/snapshot_epoch_ssc.sv:92$75'.
  created $adff cell `$procdff$15292' with positive edge clock and negative level reset.
Creating register for signal `\snapshot_epoch_ssc.\key_less$func$rtl/ssc/snapshot_epoch_ssc.sv:136$16.left_enterprise_type' using process `\snapshot_epoch_ssc.$proc$rtl/ssc/snapshot_epoch_ssc.sv:92$75'.
  created $adff cell `$procdff$15293' with positive edge clock and negative level reset.
Creating register for signal `\snapshot_epoch_ssc.\key_less$func$rtl/ssc/snapshot_epoch_ssc.sv:136$16.left_sequence_id' using process `\snapshot_epoch_ssc.$proc$rtl/ssc/snapshot_epoch_ssc.sv:92$75'.
  created $adff cell `$procdff$15294' with positive edge clock and negative level reset.
Creating register for signal `\snapshot_epoch_ssc.\key_less$func$rtl/ssc/snapshot_epoch_ssc.sv:136$16.left_source_chiplet_id' using process `\snapshot_epoch_ssc.$proc$rtl/ssc/snapshot_epoch_ssc.sv:92$75'.
  created $adff cell `$procdff$15295' with positive edge clock and negative level reset.
Creating register for signal `\snapshot_epoch_ssc.\key_less$func$rtl/ssc/snapshot_epoch_ssc.sv:136$16.right_structural_dim' using process `\snapshot_epoch_ssc.$proc$rtl/ssc/snapshot_epoch_ssc.sv:92$75'.
  created $adff cell `$procdff$15296' with positive edge clock and negative level reset.
Creating register for signal `\snapshot_epoch_ssc.\key_less$func$rtl/ssc/snapshot_epoch_ssc.sv:136$16.right_enterprise_type' using process `\snapshot_epoch_ssc.$proc$rtl/ssc/snapshot_epoch_ssc.sv:92$75'.
  created $adff cell `$procdff$15297' with positive edge clock and negative level reset.
Creating register for signal `\snapshot_epoch_ssc.\key_less$func$rtl/ssc/snapshot_epoch_ssc.sv:136$16.right_sequence_id' using process `\snapshot_epoch_ssc.$proc$rtl/ssc/snapshot_epoch_ssc.sv:92$75'.
  created $adff cell `$procdff$15298' with positive edge clock and negative level reset.
Creating register for signal `\snapshot_epoch_ssc.\key_less$func$rtl/ssc/snapshot_epoch_ssc.sv:136$16.right_source_chiplet_id' using process `\snapshot_epoch_ssc.$proc$rtl/ssc/snapshot_epoch_ssc.sv:92$75'.
  created $adff cell `$procdff$15299' with positive edge clock and negative level reset.
Creating register for signal `\snapshot_epoch_ssc.\key_less$func$rtl/ssc/snapshot_epoch_ssc.sv:136$17.$result' using process `\snapshot_epoch_ssc.$proc$rtl/ssc/snapshot_epoch_ssc.sv:92$75'.
  created $adff cell `$procdff$15300' with positive edge clock and negative level reset.
Creating register for signal `\snapshot_epoch_ssc.\key_less$func$rtl/ssc/snapshot_epoch_ssc.sv:136$17.left_structural_dim' using process `\snapshot_epoch_ssc.$proc$rtl/ssc/snapshot_epoch_ssc.sv:92$75'.
  created $adff cell `$procdff$15301' with positive edge clock and negative level reset.
Creating register for signal `\snapshot_epoch_ssc.\key_less$func$rtl/ssc/snapshot_epoch_ssc.sv:136$17.left_enterprise_type' using process `\snapshot_epoch_ssc.$proc$rtl/ssc/snapshot_epoch_ssc.sv:92$75'.
  created $adff cell `$procdff$15302' with positive edge clock and negative level reset.
Creating register for signal `\snapshot_epoch_ssc.\key_less$func$rtl/ssc/snapshot_epoch_ssc.sv:136$17.left_sequence_id' using process `\snapshot_epoch_ssc.$proc$rtl/ssc/snapshot_epoch_ssc.sv:92$75'.
  created $adff cell `$procdff$15303' with positive edge clock and negative level reset.
Creating register for signal `\snapshot_epoch_ssc.\key_less$func$rtl/ssc/snapshot_epoch_ssc.sv:136$17.left_source_chiplet_id' using process `\snapshot_epoch_ssc.$proc$rtl/ssc/snapshot_epoch_ssc.sv:92$75'.
  created $adff cell `$procdff$15304' with positive edge clock and negative level reset.
Creating register for signal `\snapshot_epoch_ssc.\key_less$func$rtl/ssc/snapshot_epoch_ssc.sv:136$17.right_structural_dim' using process `\snapshot_epoch_ssc.$proc$rtl/ssc/snapshot_epoch_ssc.sv:92$75'.
  created $adff cell `$procdff$15305' with positive edge clock and negative level reset.
Creating register for signal `\snapshot_epoch_ssc.\key_less$func$rtl/ssc/snapshot_epoch_ssc.sv:136$17.right_enterprise_type' using process `\snapshot_epoch_ssc.$proc$rtl/ssc/snapshot_epoch_ssc.sv:92$75'.
  created $adff cell `$procdff$15306' with positive edge clock and negative level reset.
Creating register for signal `\snapshot_epoch_ssc.\key_less$func$rtl/ssc/snapshot_epoch_ssc.sv:136$17.right_sequence_id' using process `\snapshot_epoch_ssc.$proc$rtl/ssc/snapshot_epoch_ssc.sv:92$75'.
  created $adff cell `$procdff$15307' with positive edge clock and negative level reset.
Creating register for signal `\snapshot_epoch_ssc.\key_less$func$rtl/ssc/snapshot_epoch_ssc.sv:136$17.right_source_chiplet_id' using process `\snapshot_epoch_ssc.$proc$rtl/ssc/snapshot_epoch_ssc.sv:92$75'.
  created $adff cell `$procdff$15308' with positive edge clock and negative level reset.
Creating register for signal `\snapshot_epoch_ssc.\key_less$func$rtl/ssc/snapshot_epoch_ssc.sv:136$18.$result' using process `\snapshot_epoch_ssc.$proc$rtl/ssc/snapshot_epoch_ssc.sv:92$75'.
  created $adff cell `$procdff$15309' with positive edge clock and negative level reset.
Creating register for signal `\snapshot_epoch_ssc.\key_less$func$rtl/ssc/snapshot_epoch_ssc.sv:136$18.left_structural_dim' using process `\snapshot_epoch_ssc.$proc$rtl/ssc/snapshot_epoch_ssc.sv:92$75'.
  created $adff cell `$procdff$15310' with positive edge clock and negative level reset.
Creating register for signal `\snapshot_epoch_ssc.\key_less$func$rtl/ssc/snapshot_epoch_ssc.sv:136$18.left_enterprise_type' using process `\snapshot_epoch_ssc.$proc$rtl/ssc/snapshot_epoch_ssc.sv:92$75'.
  created $adff cell `$procdff$15311' with positive edge clock and negative level reset.
Creating register for signal `\snapshot_epoch_ssc.\key_less$func$rtl/ssc/snapshot_epoch_ssc.sv:136$18.left_sequence_id' using process `\snapshot_epoch_ssc.$proc$rtl/ssc/snapshot_epoch_ssc.sv:92$75'.
  created $adff cell `$procdff$15312' with positive edge clock and negative level reset.
Creating register for signal `\snapshot_epoch_ssc.\key_less$func$rtl/ssc/snapshot_epoch_ssc.sv:136$18.left_source_chiplet_id' using process `\snapshot_epoch_ssc.$proc$rtl/ssc/snapshot_epoch_ssc.sv:92$75'.
  created $adff cell `$procdff$15313' with positive edge clock and negative level reset.
Creating register for signal `\snapshot_epoch_ssc.\key_less$func$rtl/ssc/snapshot_epoch_ssc.sv:136$18.right_structural_dim' using process `\snapshot_epoch_ssc.$proc$rtl/ssc/snapshot_epoch_ssc.sv:92$75'.
  created $adff cell `$procdff$15314' with positive edge clock and negative level reset.
Creating register for signal `\snapshot_epoch_ssc.\key_less$func$rtl/ssc/snapshot_epoch_ssc.sv:136$18.right_enterprise_type' using process `\snapshot_epoch_ssc.$proc$rtl/ssc/snapshot_epoch_ssc.sv:92$75'.
  created $adff cell `$procdff$15315' with positive edge clock and negative level reset.
Creating register for signal `\snapshot_epoch_ssc.\key_less$func$rtl/ssc/snapshot_epoch_ssc.sv:136$18.right_sequence_id' using process `\snapshot_epoch_ssc.$proc$rtl/ssc/snapshot_epoch_ssc.sv:92$75'.
  created $adff cell `$procdff$15316' with positive edge clock and negative level reset.
Creating register for signal `\snapshot_epoch_ssc.\key_less$func$rtl/ssc/snapshot_epoch_ssc.sv:136$18.right_source_chiplet_id' using process `\snapshot_epoch_ssc.$proc$rtl/ssc/snapshot_epoch_ssc.sv:92$75'.
  created $adff cell `$procdff$15317' with positive edge clock and negative level reset.
Creating register for signal `\snapshot_epoch_ssc.\key_less$func$rtl/ssc/snapshot_epoch_ssc.sv:136$19.$result' using process `\snapshot_epoch_ssc.$proc$rtl/ssc/snapshot_epoch_ssc.sv:92$75'.
  created $adff cell `$procdff$15318' with positive edge clock and negative level reset.
Creating register for signal `\snapshot_epoch_ssc.\key_less$func$rtl/ssc/snapshot_epoch_ssc.sv:136$19.left_structural_dim' using process `\snapshot_epoch_ssc.$proc$rtl/ssc/snapshot_epoch_ssc.sv:92$75'.
  created $adff cell `$procdff$15319' with positive edge clock and negative level reset.
Creating register for signal `\snapshot_epoch_ssc.\key_less$func$rtl/ssc/snapshot_epoch_ssc.sv:136$19.left_enterprise_type' using process `\snapshot_epoch_ssc.$proc$rtl/ssc/snapshot_epoch_ssc.sv:92$75'.
  created $adff cell `$procdff$15320' with positive edge clock and negative level reset.
Creating register for signal `\snapshot_epoch_ssc.\key_less$func$rtl/ssc/snapshot_epoch_ssc.sv:136$19.left_sequence_id' using process `\snapshot_epoch_ssc.$proc$rtl/ssc/snapshot_epoch_ssc.sv:92$75'.
  created $adff cell `$procdff$15321' with positive edge clock and negative level reset.
Creating register for signal `\snapshot_epoch_ssc.\key_less$func$rtl/ssc/snapshot_epoch_ssc.sv:136$19.left_source_chiplet_id' using process `\snapshot_epoch_ssc.$proc$rtl/ssc/snapshot_epoch_ssc.sv:92$75'.
  created $adff cell `$procdff$15322' with positive edge clock and negative level reset.
Creating register for signal `\snapshot_epoch_ssc.\key_less$func$rtl/ssc/snapshot_epoch_ssc.sv:136$19.right_structural_dim' using process `\snapshot_epoch_ssc.$proc$rtl/ssc/snapshot_epoch_ssc.sv:92$75'.
  created $adff cell `$procdff$15323' with positive edge clock and negative level reset.
Creating register for signal `\snapshot_epoch_ssc.\key_less$func$rtl/ssc/snapshot_epoch_ssc.sv:136$19.right_enterprise_type' using process `\snapshot_epoch_ssc.$proc$rtl/ssc/snapshot_epoch_ssc.sv:92$75'.
  created $adff cell `$procdff$15324' with positive edge clock and negative level reset.
Creating register for signal `\snapshot_epoch_ssc.\key_less$func$rtl/ssc/snapshot_epoch_ssc.sv:136$19.right_sequence_id' using process `\snapshot_epoch_ssc.$proc$rtl/ssc/snapshot_epoch_ssc.sv:92$75'.
  created $adff cell `$procdff$15325' with positive edge clock and negative level reset.
Creating register for signal `\snapshot_epoch_ssc.\key_less$func$rtl/ssc/snapshot_epoch_ssc.sv:136$19.right_source_chiplet_id' using process `\snapshot_epoch_ssc.$proc$rtl/ssc/snapshot_epoch_ssc.sv:92$75'.
  created $adff cell `$procdff$15326' with positive edge clock and negative level reset.
Creating register for signal `\snapshot_epoch_ssc.\key_less$func$rtl/ssc/snapshot_epoch_ssc.sv:136$20.$result' using process `\snapshot_epoch_ssc.$proc$rtl/ssc/snapshot_epoch_ssc.sv:92$75'.
  created $adff cell `$procdff$15327' with positive edge clock and negative level reset.
Creating register for signal `\snapshot_epoch_ssc.\key_less$func$rtl/ssc/snapshot_epoch_ssc.sv:136$20.left_structural_dim' using process `\snapshot_epoch_ssc.$proc$rtl/ssc/snapshot_epoch_ssc.sv:92$75'.
  created $adff cell `$procdff$15328' with positive edge clock and negative level reset.
Creating register for signal `\snapshot_epoch_ssc.\key_less$func$rtl/ssc/snapshot_epoch_ssc.sv:136$20.left_enterprise_type' using process `\snapshot_epoch_ssc.$proc$rtl/ssc/snapshot_epoch_ssc.sv:92$75'.
  created $adff cell `$procdff$15329' with positive edge clock and negative level reset.
Creating register for signal `\snapshot_epoch_ssc.\key_less$func$rtl/ssc/snapshot_epoch_ssc.sv:136$20.left_sequence_id' using process `\snapshot_epoch_ssc.$proc$rtl/ssc/snapshot_epoch_ssc.sv:92$75'.
  created $adff cell `$procdff$15330' with positive edge clock and negative level reset.
Creating register for signal `\snapshot_epoch_ssc.\key_less$func$rtl/ssc/snapshot_epoch_ssc.sv:136$20.left_source_chiplet_id' using process `\snapshot_epoch_ssc.$proc$rtl/ssc/snapshot_epoch_ssc.sv:92$75'.
  created $adff cell `$procdff$15331' with positive edge clock and negative level reset.
Creating register for signal `\snapshot_epoch_ssc.\key_less$func$rtl/ssc/snapshot_epoch_ssc.sv:136$20.right_structural_dim' using process `\snapshot_epoch_ssc.$proc$rtl/ssc/snapshot_epoch_ssc.sv:92$75'.
  created $adff cell `$procdff$15332' with positive edge clock and negative level reset.
Creating register for signal `\snapshot_epoch_ssc.\key_less$func$rtl/ssc/snapshot_epoch_ssc.sv:136$20.right_enterprise_type' using process `\snapshot_epoch_ssc.$proc$rtl/ssc/snapshot_epoch_ssc.sv:92$75'.
  created $adff cell `$procdff$15333' with positive edge clock and negative level reset.
Creating register for signal `\snapshot_epoch_ssc.\key_less$func$rtl/ssc/snapshot_epoch_ssc.sv:136$20.right_sequence_id' using process `\snapshot_epoch_ssc.$proc$rtl/ssc/snapshot_epoch_ssc.sv:92$75'.
  created $adff cell `$procdff$15334' with positive edge clock and negative level reset.
Creating register for signal `\snapshot_epoch_ssc.\key_less$func$rtl/ssc/snapshot_epoch_ssc.sv:136$20.right_source_chiplet_id' using process `\snapshot_epoch_ssc.$proc$rtl/ssc/snapshot_epoch_ssc.sv:92$75'.
  created $adff cell `$procdff$15335' with positive edge clock and negative level reset.
Creating register for signal `\snapshot_epoch_ssc.\key_less$func$rtl/ssc/snapshot_epoch_ssc.sv:136$21.$result' using process `\snapshot_epoch_ssc.$proc$rtl/ssc/snapshot_epoch_ssc.sv:92$75'.
  created $adff cell `$procdff$15336' with positive edge clock and negative level reset.
Creating register for signal `\snapshot_epoch_ssc.\key_less$func$rtl/ssc/snapshot_epoch_ssc.sv:136$21.left_structural_dim' using process `\snapshot_epoch_ssc.$proc$rtl/ssc/snapshot_epoch_ssc.sv:92$75'.
  created $adff cell `$procdff$15337' with positive edge clock and negative level reset.
Creating register for signal `\snapshot_epoch_ssc.\key_less$func$rtl/ssc/snapshot_epoch_ssc.sv:136$21.left_enterprise_type' using process `\snapshot_epoch_ssc.$proc$rtl/ssc/snapshot_epoch_ssc.sv:92$75'.
  created $adff cell `$procdff$15338' with positive edge clock and negative level reset.
Creating register for signal `\snapshot_epoch_ssc.\key_less$func$rtl/ssc/snapshot_epoch_ssc.sv:136$21.left_sequence_id' using process `\snapshot_epoch_ssc.$proc$rtl/ssc/snapshot_epoch_ssc.sv:92$75'.
  created $adff cell `$procdff$15339' with positive edge clock and negative level reset.
Creating register for signal `\snapshot_epoch_ssc.\key_less$func$rtl/ssc/snapshot_epoch_ssc.sv:136$21.left_source_chiplet_id' using process `\snapshot_epoch_ssc.$proc$rtl/ssc/snapshot_epoch_ssc.sv:92$75'.
  created $adff cell `$procdff$15340' with positive edge clock and negative level reset.
Creating register for signal `\snapshot_epoch_ssc.\key_less$func$rtl/ssc/snapshot_epoch_ssc.sv:136$21.right_structural_dim' using process `\snapshot_epoch_ssc.$proc$rtl/ssc/snapshot_epoch_ssc.sv:92$75'.
  created $adff cell `$procdff$15341' with positive edge clock and negative level reset.
Creating register for signal `\snapshot_epoch_ssc.\key_less$func$rtl/ssc/snapshot_epoch_ssc.sv:136$21.right_enterprise_type' using process `\snapshot_epoch_ssc.$proc$rtl/ssc/snapshot_epoch_ssc.sv:92$75'.
  created $adff cell `$procdff$15342' with positive edge clock and negative level reset.
Creating register for signal `\snapshot_epoch_ssc.\key_less$func$rtl/ssc/snapshot_epoch_ssc.sv:136$21.right_sequence_id' using process `\snapshot_epoch_ssc.$proc$rtl/ssc/snapshot_epoch_ssc.sv:92$75'.
  created $adff cell `$procdff$15343' with positive edge clock and negative level reset.
Creating register for signal `\snapshot_epoch_ssc.\key_less$func$rtl/ssc/snapshot_epoch_ssc.sv:136$21.right_source_chiplet_id' using process `\snapshot_epoch_ssc.$proc$rtl/ssc/snapshot_epoch_ssc.sv:92$75'.
  created $adff cell `$procdff$15344' with positive edge clock and negative level reset.
Creating register for signal `\snapshot_epoch_ssc.\key_less$func$rtl/ssc/snapshot_epoch_ssc.sv:136$22.$result' using process `\snapshot_epoch_ssc.$proc$rtl/ssc/snapshot_epoch_ssc.sv:92$75'.
  created $adff cell `$procdff$15345' with positive edge clock and negative level reset.
Creating register for signal `\snapshot_epoch_ssc.\key_less$func$rtl/ssc/snapshot_epoch_ssc.sv:136$22.left_structural_dim' using process `\snapshot_epoch_ssc.$proc$rtl/ssc/snapshot_epoch_ssc.sv:92$75'.
  created $adff cell `$procdff$15346' with positive edge clock and negative level reset.
Creating register for signal `\snapshot_epoch_ssc.\key_less$func$rtl/ssc/snapshot_epoch_ssc.sv:136$22.left_enterprise_type' using process `\snapshot_epoch_ssc.$proc$rtl/ssc/snapshot_epoch_ssc.sv:92$75'.
  created $adff cell `$procdff$15347' with positive edge clock and negative level reset.
Creating register for signal `\snapshot_epoch_ssc.\key_less$func$rtl/ssc/snapshot_epoch_ssc.sv:136$22.left_sequence_id' using process `\snapshot_epoch_ssc.$proc$rtl/ssc/snapshot_epoch_ssc.sv:92$75'.
  created $adff cell `$procdff$15348' with positive edge clock and negative level reset.
Creating register for signal `\snapshot_epoch_ssc.\key_less$func$rtl/ssc/snapshot_epoch_ssc.sv:136$22.left_source_chiplet_id' using process `\snapshot_epoch_ssc.$proc$rtl/ssc/snapshot_epoch_ssc.sv:92$75'.
  created $adff cell `$procdff$15349' with positive edge clock and negative level reset.
Creating register for signal `\snapshot_epoch_ssc.\key_less$func$rtl/ssc/snapshot_epoch_ssc.sv:136$22.right_structural_dim' using process `\snapshot_epoch_ssc.$proc$rtl/ssc/snapshot_epoch_ssc.sv:92$75'.
  created $adff cell `$procdff$15350' with positive edge clock and negative level reset.
Creating register for signal `\snapshot_epoch_ssc.\key_less$func$rtl/ssc/snapshot_epoch_ssc.sv:136$22.right_enterprise_type' using process `\snapshot_epoch_ssc.$proc$rtl/ssc/snapshot_epoch_ssc.sv:92$75'.
  created $adff cell `$procdff$15351' with positive edge clock and negative level reset.
Creating register for signal `\snapshot_epoch_ssc.\key_less$func$rtl/ssc/snapshot_epoch_ssc.sv:136$22.right_sequence_id' using process `\snapshot_epoch_ssc.$proc$rtl/ssc/snapshot_epoch_ssc.sv:92$75'.
  created $adff cell `$procdff$15352' with positive edge clock and negative level reset.
Creating register for signal `\snapshot_epoch_ssc.\key_less$func$rtl/ssc/snapshot_epoch_ssc.sv:136$22.right_source_chiplet_id' using process `\snapshot_epoch_ssc.$proc$rtl/ssc/snapshot_epoch_ssc.sv:92$75'.
  created $adff cell `$procdff$15353' with positive edge clock and negative level reset.
Creating register for signal `\snapshot_epoch_ssc.\key_less$func$rtl/ssc/snapshot_epoch_ssc.sv:136$23.$result' using process `\snapshot_epoch_ssc.$proc$rtl/ssc/snapshot_epoch_ssc.sv:92$75'.
  created $adff cell `$procdff$15354' with positive edge clock and negative level reset.
Creating register for signal `\snapshot_epoch_ssc.\key_less$func$rtl/ssc/snapshot_epoch_ssc.sv:136$23.left_structural_dim' using process `\snapshot_epoch_ssc.$proc$rtl/ssc/snapshot_epoch_ssc.sv:92$75'.
  created $adff cell `$procdff$15355' with positive edge clock and negative level reset.
Creating register for signal `\snapshot_epoch_ssc.\key_less$func$rtl/ssc/snapshot_epoch_ssc.sv:136$23.left_enterprise_type' using process `\snapshot_epoch_ssc.$proc$rtl/ssc/snapshot_epoch_ssc.sv:92$75'.
  created $adff cell `$procdff$15356' with positive edge clock and negative level reset.
Creating register for signal `\snapshot_epoch_ssc.\key_less$func$rtl/ssc/snapshot_epoch_ssc.sv:136$23.left_sequence_id' using process `\snapshot_epoch_ssc.$proc$rtl/ssc/snapshot_epoch_ssc.sv:92$75'.
  created $adff cell `$procdff$15357' with positive edge clock and negative level reset.
Creating register for signal `\snapshot_epoch_ssc.\key_less$func$rtl/ssc/snapshot_epoch_ssc.sv:136$23.left_source_chiplet_id' using process `\snapshot_epoch_ssc.$proc$rtl/ssc/snapshot_epoch_ssc.sv:92$75'.
  created $adff cell `$procdff$15358' with positive edge clock and negative level reset.
Creating register for signal `\snapshot_epoch_ssc.\key_less$func$rtl/ssc/snapshot_epoch_ssc.sv:136$23.right_structural_dim' using process `\snapshot_epoch_ssc.$proc$rtl/ssc/snapshot_epoch_ssc.sv:92$75'.
  created $adff cell `$procdff$15359' with positive edge clock and negative level reset.
Creating register for signal `\snapshot_epoch_ssc.\key_less$func$rtl/ssc/snapshot_epoch_ssc.sv:136$23.right_enterprise_type' using process `\snapshot_epoch_ssc.$proc$rtl/ssc/snapshot_epoch_ssc.sv:92$75'.
  created $adff cell `$procdff$15360' with positive edge clock and negative level reset.
Creating register for signal `\snapshot_epoch_ssc.\key_less$func$rtl/ssc/snapshot_epoch_ssc.sv:136$23.right_sequence_id' using process `\snapshot_epoch_ssc.$proc$rtl/ssc/snapshot_epoch_ssc.sv:92$75'.
  created $adff cell `$procdff$15361' with positive edge clock and negative level reset.
Creating register for signal `\snapshot_epoch_ssc.\key_less$func$rtl/ssc/snapshot_epoch_ssc.sv:136$23.right_source_chiplet_id' using process `\snapshot_epoch_ssc.$proc$rtl/ssc/snapshot_epoch_ssc.sv:92$75'.
  created $adff cell `$procdff$15362' with positive edge clock and negative level reset.
Creating register for signal `\snapshot_epoch_ssc.\key_less$func$rtl/ssc/snapshot_epoch_ssc.sv:136$24.$result' using process `\snapshot_epoch_ssc.$proc$rtl/ssc/snapshot_epoch_ssc.sv:92$75'.
  created $adff cell `$procdff$15363' with positive edge clock and negative level reset.
Creating register for signal `\snapshot_epoch_ssc.\key_less$func$rtl/ssc/snapshot_epoch_ssc.sv:136$24.left_structural_dim' using process `\snapshot_epoch_ssc.$proc$rtl/ssc/snapshot_epoch_ssc.sv:92$75'.
  created $adff cell `$procdff$15364' with positive edge clock and negative level reset.
Creating register for signal `\snapshot_epoch_ssc.\key_less$func$rtl/ssc/snapshot_epoch_ssc.sv:136$24.left_enterprise_type' using process `\snapshot_epoch_ssc.$proc$rtl/ssc/snapshot_epoch_ssc.sv:92$75'.
  created $adff cell `$procdff$15365' with positive edge clock and negative level reset.
Creating register for signal `\snapshot_epoch_ssc.\key_less$func$rtl/ssc/snapshot_epoch_ssc.sv:136$24.left_sequence_id' using process `\snapshot_epoch_ssc.$proc$rtl/ssc/snapshot_epoch_ssc.sv:92$75'.
  created $adff cell `$procdff$15366' with positive edge clock and negative level reset.
Creating register for signal `\snapshot_epoch_ssc.\key_less$func$rtl/ssc/snapshot_epoch_ssc.sv:136$24.left_source_chiplet_id' using process `\snapshot_epoch_ssc.$proc$rtl/ssc/snapshot_epoch_ssc.sv:92$75'.
  created $adff cell `$procdff$15367' with positive edge clock and negative level reset.
Creating register for signal `\snapshot_epoch_ssc.\key_less$func$rtl/ssc/snapshot_epoch_ssc.sv:136$24.right_structural_dim' using process `\snapshot_epoch_ssc.$proc$rtl/ssc/snapshot_epoch_ssc.sv:92$75'.
  created $adff cell `$procdff$15368' with positive edge clock and negative level reset.
Creating register for signal `\snapshot_epoch_ssc.\key_less$func$rtl/ssc/snapshot_epoch_ssc.sv:136$24.right_enterprise_type' using process `\snapshot_epoch_ssc.$proc$rtl/ssc/snapshot_epoch_ssc.sv:92$75'.
  created $adff cell `$procdff$15369' with positive edge clock and negative level reset.
Creating register for signal `\snapshot_epoch_ssc.\key_less$func$rtl/ssc/snapshot_epoch_ssc.sv:136$24.right_sequence_id' using process `\snapshot_epoch_ssc.$proc$rtl/ssc/snapshot_epoch_ssc.sv:92$75'.
  created $adff cell `$procdff$15370' with positive edge clock and negative level reset.
Creating register for signal `\snapshot_epoch_ssc.\key_less$func$rtl/ssc/snapshot_epoch_ssc.sv:136$24.right_source_chiplet_id' using process `\snapshot_epoch_ssc.$proc$rtl/ssc/snapshot_epoch_ssc.sv:92$75'.
  created $adff cell `$procdff$15371' with positive edge clock and negative level reset.
Creating register for signal `\snapshot_epoch_ssc.\key_less$func$rtl/ssc/snapshot_epoch_ssc.sv:136$25.$result' using process `\snapshot_epoch_ssc.$proc$rtl/ssc/snapshot_epoch_ssc.sv:92$75'.
  created $adff cell `$procdff$15372' with positive edge clock and negative level reset.
Creating register for signal `\snapshot_epoch_ssc.\key_less$func$rtl/ssc/snapshot_epoch_ssc.sv:136$25.left_structural_dim' using process `\snapshot_epoch_ssc.$proc$rtl/ssc/snapshot_epoch_ssc.sv:92$75'.
  created $adff cell `$procdff$15373' with positive edge clock and negative level reset.
Creating register for signal `\snapshot_epoch_ssc.\key_less$func$rtl/ssc/snapshot_epoch_ssc.sv:136$25.left_enterprise_type' using process `\snapshot_epoch_ssc.$proc$rtl/ssc/snapshot_epoch_ssc.sv:92$75'.
  created $adff cell `$procdff$15374' with positive edge clock and negative level reset.
Creating register for signal `\snapshot_epoch_ssc.\key_less$func$rtl/ssc/snapshot_epoch_ssc.sv:136$25.left_sequence_id' using process `\snapshot_epoch_ssc.$proc$rtl/ssc/snapshot_epoch_ssc.sv:92$75'.
  created $adff cell `$procdff$15375' with positive edge clock and negative level reset.
Creating register for signal `\snapshot_epoch_ssc.\key_less$func$rtl/ssc/snapshot_epoch_ssc.sv:136$25.left_source_chiplet_id' using process `\snapshot_epoch_ssc.$proc$rtl/ssc/snapshot_epoch_ssc.sv:92$75'.
  created $adff cell `$procdff$15376' with positive edge clock and negative level reset.
Creating register for signal `\snapshot_epoch_ssc.\key_less$func$rtl/ssc/snapshot_epoch_ssc.sv:136$25.right_structural_dim' using process `\snapshot_epoch_ssc.$proc$rtl/ssc/snapshot_epoch_ssc.sv:92$75'.
  created $adff cell `$procdff$15377' with positive edge clock and negative level reset.
Creating register for signal `\snapshot_epoch_ssc.\key_less$func$rtl/ssc/snapshot_epoch_ssc.sv:136$25.right_enterprise_type' using process `\snapshot_epoch_ssc.$proc$rtl/ssc/snapshot_epoch_ssc.sv:92$75'.
  created $adff cell `$procdff$15378' with positive edge clock and negative level reset.
Creating register for signal `\snapshot_epoch_ssc.\key_less$func$rtl/ssc/snapshot_epoch_ssc.sv:136$25.right_sequence_id' using process `\snapshot_epoch_ssc.$proc$rtl/ssc/snapshot_epoch_ssc.sv:92$75'.
  created $adff cell `$procdff$15379' with positive edge clock and negative level reset.
Creating register for signal `\snapshot_epoch_ssc.\key_less$func$rtl/ssc/snapshot_epoch_ssc.sv:136$25.right_source_chiplet_id' using process `\snapshot_epoch_ssc.$proc$rtl/ssc/snapshot_epoch_ssc.sv:92$75'.
  created $adff cell `$procdff$15380' with positive edge clock and negative level reset.
Creating register for signal `\snapshot_epoch_ssc.\key_less$func$rtl/ssc/snapshot_epoch_ssc.sv:136$26.$result' using process `\snapshot_epoch_ssc.$proc$rtl/ssc/snapshot_epoch_ssc.sv:92$75'.
  created $adff cell `$procdff$15381' with positive edge clock and negative level reset.
Creating register for signal `\snapshot_epoch_ssc.\key_less$func$rtl/ssc/snapshot_epoch_ssc.sv:136$26.left_structural_dim' using process `\snapshot_epoch_ssc.$proc$rtl/ssc/snapshot_epoch_ssc.sv:92$75'.
  created $adff cell `$procdff$15382' with positive edge clock and negative level reset.
Creating register for signal `\snapshot_epoch_ssc.\key_less$func$rtl/ssc/snapshot_epoch_ssc.sv:136$26.left_enterprise_type' using process `\snapshot_epoch_ssc.$proc$rtl/ssc/snapshot_epoch_ssc.sv:92$75'.
  created $adff cell `$procdff$15383' with positive edge clock and negative level reset.
Creating register for signal `\snapshot_epoch_ssc.\key_less$func$rtl/ssc/snapshot_epoch_ssc.sv:136$26.left_sequence_id' using process `\snapshot_epoch_ssc.$proc$rtl/ssc/snapshot_epoch_ssc.sv:92$75'.
  created $adff cell `$procdff$15384' with positive edge clock and negative level reset.
Creating register for signal `\snapshot_epoch_ssc.\key_less$func$rtl/ssc/snapshot_epoch_ssc.sv:136$26.left_source_chiplet_id' using process `\snapshot_epoch_ssc.$proc$rtl/ssc/snapshot_epoch_ssc.sv:92$75'.
  created $adff cell `$procdff$15385' with positive edge clock and negative level reset.
Creating register for signal `\snapshot_epoch_ssc.\key_less$func$rtl/ssc/snapshot_epoch_ssc.sv:136$26.right_structural_dim' using process `\snapshot_epoch_ssc.$proc$rtl/ssc/snapshot_epoch_ssc.sv:92$75'.
  created $adff cell `$procdff$15386' with positive edge clock and negative level reset.
Creating register for signal `\snapshot_epoch_ssc.\key_less$func$rtl/ssc/snapshot_epoch_ssc.sv:136$26.right_enterprise_type' using process `\snapshot_epoch_ssc.$proc$rtl/ssc/snapshot_epoch_ssc.sv:92$75'.
  created $adff cell `$procdff$15387' with positive edge clock and negative level reset.
Creating register for signal `\snapshot_epoch_ssc.\key_less$func$rtl/ssc/snapshot_epoch_ssc.sv:136$26.right_sequence_id' using process `\snapshot_epoch_ssc.$proc$rtl/ssc/snapshot_epoch_ssc.sv:92$75'.
  created $adff cell `$procdff$15388' with positive edge clock and negative level reset.
Creating register for signal `\snapshot_epoch_ssc.\key_less$func$rtl/ssc/snapshot_epoch_ssc.sv:136$26.right_source_chiplet_id' using process `\snapshot_epoch_ssc.$proc$rtl/ssc/snapshot_epoch_ssc.sv:92$75'.
  created $adff cell `$procdff$15389' with positive edge clock and negative level reset.
Creating register for signal `\snapshot_epoch_ssc.\key_less$func$rtl/ssc/snapshot_epoch_ssc.sv:136$27.$result' using process `\snapshot_epoch_ssc.$proc$rtl/ssc/snapshot_epoch_ssc.sv:92$75'.
  created $adff cell `$procdff$15390' with positive edge clock and negative level reset.
Creating register for signal `\snapshot_epoch_ssc.\key_less$func$rtl/ssc/snapshot_epoch_ssc.sv:136$27.left_structural_dim' using process `\snapshot_epoch_ssc.$proc$rtl/ssc/snapshot_epoch_ssc.sv:92$75'.
  created $adff cell `$procdff$15391' with positive edge clock and negative level reset.
Creating register for signal `\snapshot_epoch_ssc.\key_less$func$rtl/ssc/snapshot_epoch_ssc.sv:136$27.left_enterprise_type' using process `\snapshot_epoch_ssc.$proc$rtl/ssc/snapshot_epoch_ssc.sv:92$75'.
  created $adff cell `$procdff$15392' with positive edge clock and negative level reset.
Creating register for signal `\snapshot_epoch_ssc.\key_less$func$rtl/ssc/snapshot_epoch_ssc.sv:136$27.left_sequence_id' using process `\snapshot_epoch_ssc.$proc$rtl/ssc/snapshot_epoch_ssc.sv:92$75'.
  created $adff cell `$procdff$15393' with positive edge clock and negative level reset.
Creating register for signal `\snapshot_epoch_ssc.\key_less$func$rtl/ssc/snapshot_epoch_ssc.sv:136$27.left_source_chiplet_id' using process `\snapshot_epoch_ssc.$proc$rtl/ssc/snapshot_epoch_ssc.sv:92$75'.
  created $adff cell `$procdff$15394' with positive edge clock and negative level reset.
Creating register for signal `\snapshot_epoch_ssc.\key_less$func$rtl/ssc/snapshot_epoch_ssc.sv:136$27.right_structural_dim' using process `\snapshot_epoch_ssc.$proc$rtl/ssc/snapshot_epoch_ssc.sv:92$75'.
  created $adff cell `$procdff$15395' with positive edge clock and negative level reset.
Creating register for signal `\snapshot_epoch_ssc.\key_less$func$rtl/ssc/snapshot_epoch_ssc.sv:136$27.right_enterprise_type' using process `\snapshot_epoch_ssc.$proc$rtl/ssc/snapshot_epoch_ssc.sv:92$75'.
  created $adff cell `$procdff$15396' with positive edge clock and negative level reset.
Creating register for signal `\snapshot_epoch_ssc.\key_less$func$rtl/ssc/snapshot_epoch_ssc.sv:136$27.right_sequence_id' using process `\snapshot_epoch_ssc.$proc$rtl/ssc/snapshot_epoch_ssc.sv:92$75'.
  created $adff cell `$procdff$15397' with positive edge clock and negative level reset.
Creating register for signal `\snapshot_epoch_ssc.\key_less$func$rtl/ssc/snapshot_epoch_ssc.sv:136$27.right_source_chiplet_id' using process `\snapshot_epoch_ssc.$proc$rtl/ssc/snapshot_epoch_ssc.sv:92$75'.
  created $adff cell `$procdff$15398' with positive edge clock and negative level reset.
Creating register for signal `\snapshot_epoch_ssc.\key_less$func$rtl/ssc/snapshot_epoch_ssc.sv:136$28.$result' using process `\snapshot_epoch_ssc.$proc$rtl/ssc/snapshot_epoch_ssc.sv:92$75'.
  created $adff cell `$procdff$15399' with positive edge clock and negative level reset.
Creating register for signal `\snapshot_epoch_ssc.\key_less$func$rtl/ssc/snapshot_epoch_ssc.sv:136$28.left_structural_dim' using process `\snapshot_epoch_ssc.$proc$rtl/ssc/snapshot_epoch_ssc.sv:92$75'.
  created $adff cell `$procdff$15400' with positive edge clock and negative level reset.
Creating register for signal `\snapshot_epoch_ssc.\key_less$func$rtl/ssc/snapshot_epoch_ssc.sv:136$28.left_enterprise_type' using process `\snapshot_epoch_ssc.$proc$rtl/ssc/snapshot_epoch_ssc.sv:92$75'.
  created $adff cell `$procdff$15401' with positive edge clock and negative level reset.
Creating register for signal `\snapshot_epoch_ssc.\key_less$func$rtl/ssc/snapshot_epoch_ssc.sv:136$28.left_sequence_id' using process `\snapshot_epoch_ssc.$proc$rtl/ssc/snapshot_epoch_ssc.sv:92$75'.
  created $adff cell `$procdff$15402' with positive edge clock and negative level reset.
Creating register for signal `\snapshot_epoch_ssc.\key_less$func$rtl/ssc/snapshot_epoch_ssc.sv:136$28.left_source_chiplet_id' using process `\snapshot_epoch_ssc.$proc$rtl/ssc/snapshot_epoch_ssc.sv:92$75'.
  created $adff cell `$procdff$15403' with positive edge clock and negative level reset.
Creating register for signal `\snapshot_epoch_ssc.\key_less$func$rtl/ssc/snapshot_epoch_ssc.sv:136$28.right_structural_dim' using process `\snapshot_epoch_ssc.$proc$rtl/ssc/snapshot_epoch_ssc.sv:92$75'.
  created $adff cell `$procdff$15404' with positive edge clock and negative level reset.
Creating register for signal `\snapshot_epoch_ssc.\key_less$func$rtl/ssc/snapshot_epoch_ssc.sv:136$28.right_enterprise_type' using process `\snapshot_epoch_ssc.$proc$rtl/ssc/snapshot_epoch_ssc.sv:92$75'.
  created $adff cell `$procdff$15405' with positive edge clock and negative level reset.
Creating register for signal `\snapshot_epoch_ssc.\key_less$func$rtl/ssc/snapshot_epoch_ssc.sv:136$28.right_sequence_id' using process `\snapshot_epoch_ssc.$proc$rtl/ssc/snapshot_epoch_ssc.sv:92$75'.
  created $adff cell `$procdff$15406' with positive edge clock and negative level reset.
Creating register for signal `\snapshot_epoch_ssc.\key_less$func$rtl/ssc/snapshot_epoch_ssc.sv:136$28.right_source_chiplet_id' using process `\snapshot_epoch_ssc.$proc$rtl/ssc/snapshot_epoch_ssc.sv:92$75'.
  created $adff cell `$procdff$15407' with positive edge clock and negative level reset.
Creating register for signal `\snapshot_epoch_ssc.\key_less$func$rtl/ssc/snapshot_epoch_ssc.sv:136$29.$result' using process `\snapshot_epoch_ssc.$proc$rtl/ssc/snapshot_epoch_ssc.sv:92$75'.
  created $adff cell `$procdff$15408' with positive edge clock and negative level reset.
Creating register for signal `\snapshot_epoch_ssc.\key_less$func$rtl/ssc/snapshot_epoch_ssc.sv:136$29.left_structural_dim' using process `\snapshot_epoch_ssc.$proc$rtl/ssc/snapshot_epoch_ssc.sv:92$75'.
  created $adff cell `$procdff$15409' with positive edge clock and negative level reset.
Creating register for signal `\snapshot_epoch_ssc.\key_less$func$rtl/ssc/snapshot_epoch_ssc.sv:136$29.left_enterprise_type' using process `\snapshot_epoch_ssc.$proc$rtl/ssc/snapshot_epoch_ssc.sv:92$75'.
  created $adff cell `$procdff$15410' with positive edge clock and negative level reset.
Creating register for signal `\snapshot_epoch_ssc.\key_less$func$rtl/ssc/snapshot_epoch_ssc.sv:136$29.left_sequence_id' using process `\snapshot_epoch_ssc.$proc$rtl/ssc/snapshot_epoch_ssc.sv:92$75'.
  created $adff cell `$procdff$15411' with positive edge clock and negative level reset.
Creating register for signal `\snapshot_epoch_ssc.\key_less$func$rtl/ssc/snapshot_epoch_ssc.sv:136$29.left_source_chiplet_id' using process `\snapshot_epoch_ssc.$proc$rtl/ssc/snapshot_epoch_ssc.sv:92$75'.
  created $adff cell `$procdff$15412' with positive edge clock and negative level reset.
Creating register for signal `\snapshot_epoch_ssc.\key_less$func$rtl/ssc/snapshot_epoch_ssc.sv:136$29.right_structural_dim' using process `\snapshot_epoch_ssc.$proc$rtl/ssc/snapshot_epoch_ssc.sv:92$75'.
  created $adff cell `$procdff$15413' with positive edge clock and negative level reset.
Creating register for signal `\snapshot_epoch_ssc.\key_less$func$rtl/ssc/snapshot_epoch_ssc.sv:136$29.right_enterprise_type' using process `\snapshot_epoch_ssc.$proc$rtl/ssc/snapshot_epoch_ssc.sv:92$75'.
  created $adff cell `$procdff$15414' with positive edge clock and negative level reset.
Creating register for signal `\snapshot_epoch_ssc.\key_less$func$rtl/ssc/snapshot_epoch_ssc.sv:136$29.right_sequence_id' using process `\snapshot_epoch_ssc.$proc$rtl/ssc/snapshot_epoch_ssc.sv:92$75'.
  created $adff cell `$procdff$15415' with positive edge clock and negative level reset.
Creating register for signal `\snapshot_epoch_ssc.\key_less$func$rtl/ssc/snapshot_epoch_ssc.sv:136$29.right_source_chiplet_id' using process `\snapshot_epoch_ssc.$proc$rtl/ssc/snapshot_epoch_ssc.sv:92$75'.
  created $adff cell `$procdff$15416' with positive edge clock and negative level reset.
Creating register for signal `\snapshot_epoch_ssc.\key_less$func$rtl/ssc/snapshot_epoch_ssc.sv:136$30.$result' using process `\snapshot_epoch_ssc.$proc$rtl/ssc/snapshot_epoch_ssc.sv:92$75'.
  created $adff cell `$procdff$15417' with positive edge clock and negative level reset.
Creating register for signal `\snapshot_epoch_ssc.\key_less$func$rtl/ssc/snapshot_epoch_ssc.sv:136$30.left_structural_dim' using process `\snapshot_epoch_ssc.$proc$rtl/ssc/snapshot_epoch_ssc.sv:92$75'.
  created $adff cell `$procdff$15418' with positive edge clock and negative level reset.
Creating register for signal `\snapshot_epoch_ssc.\key_less$func$rtl/ssc/snapshot_epoch_ssc.sv:136$30.left_enterprise_type' using process `\snapshot_epoch_ssc.$proc$rtl/ssc/snapshot_epoch_ssc.sv:92$75'.
  created $adff cell `$procdff$15419' with positive edge clock and negative level reset.
Creating register for signal `\snapshot_epoch_ssc.\key_less$func$rtl/ssc/snapshot_epoch_ssc.sv:136$30.left_sequence_id' using process `\snapshot_epoch_ssc.$proc$rtl/ssc/snapshot_epoch_ssc.sv:92$75'.
  created $adff cell `$procdff$15420' with positive edge clock and negative level reset.
Creating register for signal `\snapshot_epoch_ssc.\key_less$func$rtl/ssc/snapshot_epoch_ssc.sv:136$30.left_source_chiplet_id' using process `\snapshot_epoch_ssc.$proc$rtl/ssc/snapshot_epoch_ssc.sv:92$75'.
  created $adff cell `$procdff$15421' with positive edge clock and negative level reset.
Creating register for signal `\snapshot_epoch_ssc.\key_less$func$rtl/ssc/snapshot_epoch_ssc.sv:136$30.right_structural_dim' using process `\snapshot_epoch_ssc.$proc$rtl/ssc/snapshot_epoch_ssc.sv:92$75'.
  created $adff cell `$procdff$15422' with positive edge clock and negative level reset.
Creating register for signal `\snapshot_epoch_ssc.\key_less$func$rtl/ssc/snapshot_epoch_ssc.sv:136$30.right_enterprise_type' using process `\snapshot_epoch_ssc.$proc$rtl/ssc/snapshot_epoch_ssc.sv:92$75'.
  created $adff cell `$procdff$15423' with positive edge clock and negative level reset.
Creating register for signal `\snapshot_epoch_ssc.\key_less$func$rtl/ssc/snapshot_epoch_ssc.sv:136$30.right_sequence_id' using process `\snapshot_epoch_ssc.$proc$rtl/ssc/snapshot_epoch_ssc.sv:92$75'.
  created $adff cell `$procdff$15424' with positive edge clock and negative level reset.
Creating register for signal `\snapshot_epoch_ssc.\key_less$func$rtl/ssc/snapshot_epoch_ssc.sv:136$30.right_source_chiplet_id' using process `\snapshot_epoch_ssc.$proc$rtl/ssc/snapshot_epoch_ssc.sv:92$75'.
  created $adff cell `$procdff$15425' with positive edge clock and negative level reset.
Creating register for signal `\snapshot_epoch_ssc.\key_less$func$rtl/ssc/snapshot_epoch_ssc.sv:136$31.$result' using process `\snapshot_epoch_ssc.$proc$rtl/ssc/snapshot_epoch_ssc.sv:92$75'.
  created $adff cell `$procdff$15426' with positive edge clock and negative level reset.
Creating register for signal `\snapshot_epoch_ssc.\key_less$func$rtl/ssc/snapshot_epoch_ssc.sv:136$31.left_structural_dim' using process `\snapshot_epoch_ssc.$proc$rtl/ssc/snapshot_epoch_ssc.sv:92$75'.
  created $adff cell `$procdff$15427' with positive edge clock and negative level reset.
Creating register for signal `\snapshot_epoch_ssc.\key_less$func$rtl/ssc/snapshot_epoch_ssc.sv:136$31.left_enterprise_type' using process `\snapshot_epoch_ssc.$proc$rtl/ssc/snapshot_epoch_ssc.sv:92$75'.
  created $adff cell `$procdff$15428' with positive edge clock and negative level reset.
Creating register for signal `\snapshot_epoch_ssc.\key_less$func$rtl/ssc/snapshot_epoch_ssc.sv:136$31.left_sequence_id' using process `\snapshot_epoch_ssc.$proc$rtl/ssc/snapshot_epoch_ssc.sv:92$75'.
  created $adff cell `$procdff$15429' with positive edge clock and negative level reset.
Creating register for signal `\snapshot_epoch_ssc.\key_less$func$rtl/ssc/snapshot_epoch_ssc.sv:136$31.left_source_chiplet_id' using process `\snapshot_epoch_ssc.$proc$rtl/ssc/snapshot_epoch_ssc.sv:92$75'.
  created $adff cell `$procdff$15430' with positive edge clock and negative level reset.
Creating register for signal `\snapshot_epoch_ssc.\key_less$func$rtl/ssc/snapshot_epoch_ssc.sv:136$31.right_structural_dim' using process `\snapshot_epoch_ssc.$proc$rtl/ssc/snapshot_epoch_ssc.sv:92$75'.
  created $adff cell `$procdff$15431' with positive edge clock and negative level reset.
Creating register for signal `\snapshot_epoch_ssc.\key_less$func$rtl/ssc/snapshot_epoch_ssc.sv:136$31.right_enterprise_type' using process `\snapshot_epoch_ssc.$proc$rtl/ssc/snapshot_epoch_ssc.sv:92$75'.
  created $adff cell `$procdff$15432' with positive edge clock and negative level reset.
Creating register for signal `\snapshot_epoch_ssc.\key_less$func$rtl/ssc/snapshot_epoch_ssc.sv:136$31.right_sequence_id' using process `\snapshot_epoch_ssc.$proc$rtl/ssc/snapshot_epoch_ssc.sv:92$75'.
  created $adff cell `$procdff$15433' with positive edge clock and negative level reset.
Creating register for signal `\snapshot_epoch_ssc.\key_less$func$rtl/ssc/snapshot_epoch_ssc.sv:136$31.right_source_chiplet_id' using process `\snapshot_epoch_ssc.$proc$rtl/ssc/snapshot_epoch_ssc.sv:92$75'.
  created $adff cell `$procdff$15434' with positive edge clock and negative level reset.
Creating register for signal `\snapshot_epoch_ssc.\stored_structural_dim[0]' using process `\snapshot_epoch_ssc.$proc$rtl/ssc/snapshot_epoch_ssc.sv:92$75'.
  created $dff cell `$procdff$15437' with positive edge clock.
Creating register for signal `\snapshot_epoch_ssc.\stored_structural_dim[1]' using process `\snapshot_epoch_ssc.$proc$rtl/ssc/snapshot_epoch_ssc.sv:92$75'.
  created $dff cell `$procdff$15440' with positive edge clock.
Creating register for signal `\snapshot_epoch_ssc.\stored_structural_dim[2]' using process `\snapshot_epoch_ssc.$proc$rtl/ssc/snapshot_epoch_ssc.sv:92$75'.
  created $dff cell `$procdff$15443' with positive edge clock.
Creating register for signal `\snapshot_epoch_ssc.\stored_structural_dim[3]' using process `\snapshot_epoch_ssc.$proc$rtl/ssc/snapshot_epoch_ssc.sv:92$75'.
  created $dff cell `$procdff$15446' with positive edge clock.
Creating register for signal `\snapshot_epoch_ssc.\stored_structural_dim[4]' using process `\snapshot_epoch_ssc.$proc$rtl/ssc/snapshot_epoch_ssc.sv:92$75'.
  created $dff cell `$procdff$15449' with positive edge clock.
Creating register for signal `\snapshot_epoch_ssc.\stored_structural_dim[5]' using process `\snapshot_epoch_ssc.$proc$rtl/ssc/snapshot_epoch_ssc.sv:92$75'.
  created $dff cell `$procdff$15452' with positive edge clock.
Creating register for signal `\snapshot_epoch_ssc.\stored_structural_dim[6]' using process `\snapshot_epoch_ssc.$proc$rtl/ssc/snapshot_epoch_ssc.sv:92$75'.
  created $dff cell `$procdff$15455' with positive edge clock.
Creating register for signal `\snapshot_epoch_ssc.\stored_structural_dim[7]' using process `\snapshot_epoch_ssc.$proc$rtl/ssc/snapshot_epoch_ssc.sv:92$75'.
  created $dff cell `$procdff$15458' with positive edge clock.
Creating register for signal `\snapshot_epoch_ssc.\stored_enterprise_type[0]' using process `\snapshot_epoch_ssc.$proc$rtl/ssc/snapshot_epoch_ssc.sv:92$75'.
  created $dff cell `$procdff$15461' with positive edge clock.
Creating register for signal `\snapshot_epoch_ssc.\stored_enterprise_type[1]' using process `\snapshot_epoch_ssc.$proc$rtl/ssc/snapshot_epoch_ssc.sv:92$75'.
  created $dff cell `$procdff$15464' with positive edge clock.
Creating register for signal `\snapshot_epoch_ssc.\stored_enterprise_type[2]' using process `\snapshot_epoch_ssc.$proc$rtl/ssc/snapshot_epoch_ssc.sv:92$75'.
  created $dff cell `$procdff$15467' with positive edge clock.
Creating register for signal `\snapshot_epoch_ssc.\stored_enterprise_type[3]' using process `\snapshot_epoch_ssc.$proc$rtl/ssc/snapshot_epoch_ssc.sv:92$75'.
  created $dff cell `$procdff$15470' with positive edge clock.
Creating register for signal `\snapshot_epoch_ssc.\stored_enterprise_type[4]' using process `\snapshot_epoch_ssc.$proc$rtl/ssc/snapshot_epoch_ssc.sv:92$75'.
  created $dff cell `$procdff$15473' with positive edge clock.
Creating register for signal `\snapshot_epoch_ssc.\stored_enterprise_type[5]' using process `\snapshot_epoch_ssc.$proc$rtl/ssc/snapshot_epoch_ssc.sv:92$75'.
  created $dff cell `$procdff$15476' with positive edge clock.
Creating register for signal `\snapshot_epoch_ssc.\stored_enterprise_type[6]' using process `\snapshot_epoch_ssc.$proc$rtl/ssc/snapshot_epoch_ssc.sv:92$75'.
  created $dff cell `$procdff$15479' with positive edge clock.
Creating register for signal `\snapshot_epoch_ssc.\stored_enterprise_type[7]' using process `\snapshot_epoch_ssc.$proc$rtl/ssc/snapshot_epoch_ssc.sv:92$75'.
  created $dff cell `$procdff$15482' with positive edge clock.
Creating register for signal `\snapshot_epoch_ssc.\stored_sequence_id[0]' using process `\snapshot_epoch_ssc.$proc$rtl/ssc/snapshot_epoch_ssc.sv:92$75'.
  created $dff cell `$procdff$15485' with positive edge clock.
Creating register for signal `\snapshot_epoch_ssc.\stored_sequence_id[1]' using process `\snapshot_epoch_ssc.$proc$rtl/ssc/snapshot_epoch_ssc.sv:92$75'.
  created $dff cell `$procdff$15488' with positive edge clock.
Creating register for signal `\snapshot_epoch_ssc.\stored_sequence_id[2]' using process `\snapshot_epoch_ssc.$proc$rtl/ssc/snapshot_epoch_ssc.sv:92$75'.
  created $dff cell `$procdff$15491' with positive edge clock.
Creating register for signal `\snapshot_epoch_ssc.\stored_sequence_id[3]' using process `\snapshot_epoch_ssc.$proc$rtl/ssc/snapshot_epoch_ssc.sv:92$75'.
  created $dff cell `$procdff$15494' with positive edge clock.
Creating register for signal `\snapshot_epoch_ssc.\stored_sequence_id[4]' using process `\snapshot_epoch_ssc.$proc$rtl/ssc/snapshot_epoch_ssc.sv:92$75'.
  created $dff cell `$procdff$15497' with positive edge clock.
Creating register for signal `\snapshot_epoch_ssc.\stored_sequence_id[5]' using process `\snapshot_epoch_ssc.$proc$rtl/ssc/snapshot_epoch_ssc.sv:92$75'.
  created $dff cell `$procdff$15500' with positive edge clock.
Creating register for signal `\snapshot_epoch_ssc.\stored_sequence_id[6]' using process `\snapshot_epoch_ssc.$proc$rtl/ssc/snapshot_epoch_ssc.sv:92$75'.
  created $dff cell `$procdff$15503' with positive edge clock.
Creating register for signal `\snapshot_epoch_ssc.\stored_sequence_id[7]' using process `\snapshot_epoch_ssc.$proc$rtl/ssc/snapshot_epoch_ssc.sv:92$75'.
  created $dff cell `$procdff$15506' with positive edge clock.
Creating register for signal `\snapshot_epoch_ssc.\stored_source_chiplet_id[0]' using process `\snapshot_epoch_ssc.$proc$rtl/ssc/snapshot_epoch_ssc.sv:92$75'.
  created $dff cell `$procdff$15509' with positive edge clock.
Creating register for signal `\snapshot_epoch_ssc.\stored_source_chiplet_id[1]' using process `\snapshot_epoch_ssc.$proc$rtl/ssc/snapshot_epoch_ssc.sv:92$75'.
  created $dff cell `$procdff$15512' with positive edge clock.
Creating register for signal `\snapshot_epoch_ssc.\stored_source_chiplet_id[2]' using process `\snapshot_epoch_ssc.$proc$rtl/ssc/snapshot_epoch_ssc.sv:92$75'.
  created $dff cell `$procdff$15515' with positive edge clock.
Creating register for signal `\snapshot_epoch_ssc.\stored_source_chiplet_id[3]' using process `\snapshot_epoch_ssc.$proc$rtl/ssc/snapshot_epoch_ssc.sv:92$75'.
  created $dff cell `$procdff$15518' with positive edge clock.
Creating register for signal `\snapshot_epoch_ssc.\stored_source_chiplet_id[4]' using process `\snapshot_epoch_ssc.$proc$rtl/ssc/snapshot_epoch_ssc.sv:92$75'.
  created $dff cell `$procdff$15521' with positive edge clock.
Creating register for signal `\snapshot_epoch_ssc.\stored_source_chiplet_id[5]' using process `\snapshot_epoch_ssc.$proc$rtl/ssc/snapshot_epoch_ssc.sv:92$75'.
  created $dff cell `$procdff$15524' with positive edge clock.
Creating register for signal `\snapshot_epoch_ssc.\stored_source_chiplet_id[6]' using process `\snapshot_epoch_ssc.$proc$rtl/ssc/snapshot_epoch_ssc.sv:92$75'.
  created $dff cell `$procdff$15527' with positive edge clock.
Creating register for signal `\snapshot_epoch_ssc.\stored_source_chiplet_id[7]' using process `\snapshot_epoch_ssc.$proc$rtl/ssc/snapshot_epoch_ssc.sv:92$75'.
  created $dff cell `$procdff$15530' with positive edge clock.
Creating register for signal `\snapshot_epoch_ssc.\stored_payload_q32[0]' using process `\snapshot_epoch_ssc.$proc$rtl/ssc/snapshot_epoch_ssc.sv:92$75'.
  created $dff cell `$procdff$15533' with positive edge clock.
Creating register for signal `\snapshot_epoch_ssc.\stored_payload_q32[1]' using process `\snapshot_epoch_ssc.$proc$rtl/ssc/snapshot_epoch_ssc.sv:92$75'.
  created $dff cell `$procdff$15536' with positive edge clock.
Creating register for signal `\snapshot_epoch_ssc.\stored_payload_q32[2]' using process `\snapshot_epoch_ssc.$proc$rtl/ssc/snapshot_epoch_ssc.sv:92$75'.
  created $dff cell `$procdff$15539' with positive edge clock.
Creating register for signal `\snapshot_epoch_ssc.\stored_payload_q32[3]' using process `\snapshot_epoch_ssc.$proc$rtl/ssc/snapshot_epoch_ssc.sv:92$75'.
  created $dff cell `$procdff$15542' with positive edge clock.
Creating register for signal `\snapshot_epoch_ssc.\stored_payload_q32[4]' using process `\snapshot_epoch_ssc.$proc$rtl/ssc/snapshot_epoch_ssc.sv:92$75'.
  created $dff cell `$procdff$15545' with positive edge clock.
Creating register for signal `\snapshot_epoch_ssc.\stored_payload_q32[5]' using process `\snapshot_epoch_ssc.$proc$rtl/ssc/snapshot_epoch_ssc.sv:92$75'.
  created $dff cell `$procdff$15548' with positive edge clock.
Creating register for signal `\snapshot_epoch_ssc.\stored_payload_q32[6]' using process `\snapshot_epoch_ssc.$proc$rtl/ssc/snapshot_epoch_ssc.sv:92$75'.
  created $dff cell `$procdff$15551' with positive edge clock.
Creating register for signal `\snapshot_epoch_ssc.\stored_payload_q32[7]' using process `\snapshot_epoch_ssc.$proc$rtl/ssc/snapshot_epoch_ssc.sv:92$75'.
  created $dff cell `$procdff$15554' with positive edge clock.
Creating register for signal `\snapshot_epoch_ssc.\stored_node_id[0]' using process `\snapshot_epoch_ssc.$proc$rtl/ssc/snapshot_epoch_ssc.sv:92$75'.
  created $dff cell `$procdff$15557' with positive edge clock.
Creating register for signal `\snapshot_epoch_ssc.\stored_node_id[1]' using process `\snapshot_epoch_ssc.$proc$rtl/ssc/snapshot_epoch_ssc.sv:92$75'.
  created $dff cell `$procdff$15560' with positive edge clock.
Creating register for signal `\snapshot_epoch_ssc.\stored_node_id[2]' using process `\snapshot_epoch_ssc.$proc$rtl/ssc/snapshot_epoch_ssc.sv:92$75'.
  created $dff cell `$procdff$15563' with positive edge clock.
Creating register for signal `\snapshot_epoch_ssc.\stored_node_id[3]' using process `\snapshot_epoch_ssc.$proc$rtl/ssc/snapshot_epoch_ssc.sv:92$75'.
  created $dff cell `$procdff$15566' with positive edge clock.
Creating register for signal `\snapshot_epoch_ssc.\stored_node_id[4]' using process `\snapshot_epoch_ssc.$proc$rtl/ssc/snapshot_epoch_ssc.sv:92$75'.
  created $dff cell `$procdff$15569' with positive edge clock.
Creating register for signal `\snapshot_epoch_ssc.\stored_node_id[5]' using process `\snapshot_epoch_ssc.$proc$rtl/ssc/snapshot_epoch_ssc.sv:92$75'.
  created $dff cell `$procdff$15572' with positive edge clock.
Creating register for signal `\snapshot_epoch_ssc.\stored_node_id[6]' using process `\snapshot_epoch_ssc.$proc$rtl/ssc/snapshot_epoch_ssc.sv:92$75'.
  created $dff cell `$procdff$15575' with positive edge clock.
Creating register for signal `\snapshot_epoch_ssc.\stored_node_id[7]' using process `\snapshot_epoch_ssc.$proc$rtl/ssc/snapshot_epoch_ssc.sv:92$75'.
  created $dff cell `$procdff$15578' with positive edge clock.
Creating register for signal `\snapshot_epoch_ssc.$mem2reg_wr$\stored_structural_dim$rtl/ssc/snapshot_epoch_ssc.sv:120$38_ADDR' using process `\snapshot_epoch_ssc.$proc$rtl/ssc/snapshot_epoch_ssc.sv:92$75'.
  created $adff cell `$procdff$15579' with positive edge clock and negative level reset.
Creating register for signal `\snapshot_epoch_ssc.$mem2reg_wr$\stored_structural_dim$rtl/ssc/snapshot_epoch_ssc.sv:120$38_DATA' using process `\snapshot_epoch_ssc.$proc$rtl/ssc/snapshot_epoch_ssc.sv:92$75'.
  created $adff cell `$procdff$15580' with positive edge clock and negative level reset.
Creating register for signal `\snapshot_epoch_ssc.$mem2reg_wr$\stored_enterprise_type$rtl/ssc/snapshot_epoch_ssc.sv:121$39_ADDR' using process `\snapshot_epoch_ssc.$proc$rtl/ssc/snapshot_epoch_ssc.sv:92$75'.
  created $adff cell `$procdff$15581' with positive edge clock and negative level reset.
Creating register for signal `\snapshot_epoch_ssc.$mem2reg_wr$\stored_enterprise_type$rtl/ssc/snapshot_epoch_ssc.sv:121$39_DATA' using process `\snapshot_epoch_ssc.$proc$rtl/ssc/snapshot_epoch_ssc.sv:92$75'.
  created $adff cell `$procdff$15582' with positive edge clock and negative level reset.
Creating register for signal `\snapshot_epoch_ssc.$mem2reg_wr$\stored_sequence_id$rtl/ssc/snapshot_epoch_ssc.sv:122$40_ADDR' using process `\snapshot_epoch_ssc.$proc$rtl/ssc/snapshot_epoch_ssc.sv:92$75'.
  created $adff cell `$procdff$15583' with positive edge clock and negative level reset.
Creating register for signal `\snapshot_epoch_ssc.$mem2reg_wr$\stored_sequence_id$rtl/ssc/snapshot_epoch_ssc.sv:122$40_DATA' using process `\snapshot_epoch_ssc.$proc$rtl/ssc/snapshot_epoch_ssc.sv:92$75'.
  created $adff cell `$procdff$15584' with positive edge clock and negative level reset.
Creating register for signal `\snapshot_epoch_ssc.$mem2reg_wr$\stored_source_chiplet_id$rtl/ssc/snapshot_epoch_ssc.sv:123$41_ADDR' using process `\snapshot_epoch_ssc.$proc$rtl/ssc/snapshot_epoch_ssc.sv:92$75'.
  created $adff cell `$procdff$15585' with positive edge clock and negative level reset.
Creating register for signal `\snapshot_epoch_ssc.$mem2reg_wr$\stored_source_chiplet_id$rtl/ssc/snapshot_epoch_ssc.sv:123$41_DATA' using process `\snapshot_epoch_ssc.$proc$rtl/ssc/snapshot_epoch_ssc.sv:92$75'.
  created $adff cell `$procdff$15586' with positive edge clock and negative level reset.
Creating register for signal `\snapshot_epoch_ssc.$mem2reg_wr$\stored_payload_q32$rtl/ssc/snapshot_epoch_ssc.sv:124$42_ADDR' using process `\snapshot_epoch_ssc.$proc$rtl/ssc/snapshot_epoch_ssc.sv:92$75'.
  created $adff cell `$procdff$15587' with positive edge clock and negative level reset.
Creating register for signal `\snapshot_epoch_ssc.$mem2reg_wr$\stored_payload_q32$rtl/ssc/snapshot_epoch_ssc.sv:124$42_DATA' using process `\snapshot_epoch_ssc.$proc$rtl/ssc/snapshot_epoch_ssc.sv:92$75'.
  created $adff cell `$procdff$15588' with positive edge clock and negative level reset.
Creating register for signal `\snapshot_epoch_ssc.$mem2reg_wr$\stored_node_id$rtl/ssc/snapshot_epoch_ssc.sv:125$43_ADDR' using process `\snapshot_epoch_ssc.$proc$rtl/ssc/snapshot_epoch_ssc.sv:92$75'.
  created $adff cell `$procdff$15589' with positive edge clock and negative level reset.
Creating register for signal `\snapshot_epoch_ssc.$mem2reg_wr$\stored_node_id$rtl/ssc/snapshot_epoch_ssc.sv:125$43_DATA' using process `\snapshot_epoch_ssc.$proc$rtl/ssc/snapshot_epoch_ssc.sv:92$75'.
  created $adff cell `$procdff$15590' with positive edge clock and negative level reset.

2.2.10. Executing PROC_MEMWR pass (convert process memory writes to cells).

2.2.11. Executing PROC_CLEAN pass (remove empty switches from decision trees).
Found and cleaned up 127 empty switches in `\snapshot_epoch_ssc.$proc$rtl/ssc/snapshot_epoch_ssc.sv:92$75'.
Removing empty process `snapshot_epoch_ssc.$proc$rtl/ssc/snapshot_epoch_ssc.sv:92$75'.
Found and cleaned up 7 empty switches in `\snapshot_epoch_ssc.$proc$rtl/ssc/snapshot_epoch_ssc.sv:0$44'.
Removing empty process `snapshot_epoch_ssc.$proc$rtl/ssc/snapshot_epoch_ssc.sv:0$44'.
Cleaned up 134 empty switches.

2.2.12. Executing OPT_EXPR pass (perform const folding).
Optimizing module snapshot_epoch_ssc.
<suppressed ~905 debug messages>

2.3. Executing OPT_EXPR pass (perform const folding).
Optimizing module snapshot_epoch_ssc.

2.4. Executing OPT_CLEAN pass (remove unused cells and wires).
Finding unused cells or wires in module \snapshot_epoch_ssc..
Removed 2605 unused cells and 9299 unused wires.
<suppressed ~2839 debug messages>

2.5. Executing CHECK pass (checking for obvious problems).
Checking module snapshot_epoch_ssc...
Found and reported 0 problems.

2.6. Executing OPT pass (performing simple optimizations).

2.6.1. Executing OPT_EXPR pass (perform const folding).
Optimizing module snapshot_epoch_ssc.

2.6.2. Executing OPT_MERGE pass (detect identical cells).
Finding identical cells in module `\snapshot_epoch_ssc'.
<suppressed ~207 debug messages>
Removed a total of 69 cells.

2.6.3. Executing OPT_MUXTREE pass (detect dead branches in mux trees).
Running muxtree optimizer on module \snapshot_epoch_ssc..
  Creating internal representation of mux trees.
  Evaluating internal representation of mux trees.
  Analyzing evaluation results.
    dead port 2/2 on $mux $procmux$10282.
    dead port 1/2 on $mux $procmux$10285.
    dead port 2/2 on $mux $procmux$10291.
    dead port 1/2 on $mux $procmux$10294.
    dead port 2/2 on $mux $procmux$10300.
    dead port 1/2 on $mux $procmux$10303.
    dead port 2/2 on $mux $procmux$10309.
    dead port 1/2 on $mux $procmux$10312.
    dead port 2/2 on $mux $procmux$10318.
    dead port 1/2 on $mux $procmux$10321.
    dead port 2/2 on $mux $procmux$10327.
    dead port 1/2 on $mux $procmux$10330.
    dead port 2/2 on $mux $procmux$10741.
    dead port 1/2 on $mux $procmux$10744.
    dead port 2/2 on $mux $procmux$10750.
    dead port 1/2 on $mux $procmux$10753.
    dead port 2/2 on $mux $procmux$10759.
    dead port 1/2 on $mux $procmux$10762.
    dead port 2/2 on $mux $procmux$10768.
    dead port 1/2 on $mux $procmux$10771.
    dead port 2/2 on $mux $procmux$10777.
    dead port 1/2 on $mux $procmux$10780.
    dead port 2/2 on $mux $procmux$10786.
    dead port 1/2 on $mux $procmux$10789.
    dead port 2/2 on $mux $procmux$11281.
    dead port 1/2 on $mux $procmux$11284.
    dead port 2/2 on $mux $procmux$11290.
    dead port 1/2 on $mux $procmux$11293.
    dead port 2/2 on $mux $procmux$11299.
    dead port 1/2 on $mux $procmux$11302.
    dead port 2/2 on $mux $procmux$11308.
    dead port 1/2 on $mux $procmux$11311.
    dead port 2/2 on $mux $procmux$11317.
    dead port 1/2 on $mux $procmux$11320.
    dead port 2/2 on $mux $procmux$11326.
    dead port 1/2 on $mux $procmux$11329.
    dead port 1/2 on $mux $procmux$11902.
    dead port 1/2 on $mux $procmux$11908.
    dead port 1/2 on $mux $procmux$11914.
    dead port 1/2 on $mux $procmux$11920.
    dead port 1/2 on $mux $procmux$11926.
    dead port 1/2 on $mux $procmux$11932.
    dead port 1/2 on $mux $procmux$11938.
    dead port 1/2 on $mux $procmux$11944.
    dead port 1/2 on $mux $procmux$11950.
    dead port 1/2 on $mux $procmux$11956.
    dead port 1/2 on $mux $procmux$11962.
    dead port 1/2 on $mux $procmux$11968.
    dead port 1/2 on $mux $procmux$11974.
    dead port 1/2 on $mux $procmux$11980.
    dead port 1/2 on $mux $procmux$11986.
    dead port 1/2 on $mux $procmux$11992.
    dead port 1/2 on $mux $procmux$11998.
    dead port 1/2 on $mux $procmux$12004.
    dead port 1/2 on $mux $procmux$12010.
    dead port 1/2 on $mux $procmux$12016.
    dead port 1/2 on $mux $procmux$12022.
    dead port 1/2 on $mux $procmux$12028.
    dead port 1/2 on $mux $procmux$12034.
    dead port 1/2 on $mux $procmux$12040.
    dead port 1/2 on $mux $procmux$12046.
    dead port 1/2 on $mux $procmux$12052.
    dead port 1/2 on $mux $procmux$12058.
    dead port 1/2 on $mux $procmux$12064.
    dead port 1/2 on $mux $procmux$12070.
    dead port 1/2 on $mux $procmux$12076.
    dead port 1/2 on $mux $procmux$12082.
    dead port 1/2 on $mux $procmux$12088.
    dead port 1/2 on $mux $procmux$12094.
    dead port 1/2 on $mux $procmux$12100.
    dead port 1/2 on $mux $procmux$12106.
    dead port 1/2 on $mux $procmux$12112.
    dead port 1/2 on $mux $procmux$12118.
    dead port 1/2 on $mux $procmux$12124.
    dead port 1/2 on $mux $procmux$12130.
    dead port 1/2 on $mux $procmux$12136.
    dead port 1/2 on $mux $procmux$12142.
    dead port 1/2 on $mux $procmux$12148.
    dead port 1/2 on $mux $procmux$12154.
    dead port 1/2 on $mux $procmux$12160.
    dead port 1/2 on $mux $procmux$12166.
    dead port 1/2 on $mux $procmux$12172.
    dead port 1/2 on $mux $procmux$12178.
    dead port 1/2 on $mux $procmux$12184.
    dead port 2/2 on $mux $procmux$13867.
    dead port 1/2 on $mux $procmux$13870.
    dead port 2/2 on $mux $procmux$13876.
    dead port 1/2 on $mux $procmux$13879.
    dead port 2/2 on $mux $procmux$13885.
    dead port 1/2 on $mux $procmux$13888.
    dead port 2/2 on $mux $procmux$13894.
    dead port 1/2 on $mux $procmux$13897.
    dead port 2/2 on $mux $procmux$13903.
    dead port 1/2 on $mux $procmux$13906.
    dead port 2/2 on $mux $procmux$13912.
    dead port 1/2 on $mux $procmux$13915.
    dead port 2/2 on $mux $procmux$13921.
    dead port 1/2 on $mux $procmux$13924.
    dead port 2/2 on $mux $procmux$15035.
    dead port 2/2 on $mux $procmux$15047.
    dead port 2/2 on $mux $procmux$15059.
    dead port 2/2 on $mux $procmux$15071.
    dead port 2/2 on $mux $procmux$15083.
    dead port 2/2 on $mux $procmux$15095.
    dead port 1/2 on $mux $procmux$1823.
    dead port 2/2 on $mux $procmux$1825.
    dead port 1/2 on $mux $procmux$1828.
    dead port 1/2 on $mux $procmux$1835.
    dead port 2/2 on $mux $procmux$1837.
    dead port 1/2 on $mux $procmux$1840.
    dead port 1/2 on $mux $procmux$1847.
    dead port 2/2 on $mux $procmux$1849.
    dead port 1/2 on $mux $procmux$1852.
    dead port 1/2 on $mux $procmux$1859.
    dead port 2/2 on $mux $procmux$1861.
    dead port 1/2 on $mux $procmux$1864.
    dead port 1/2 on $mux $procmux$1871.
    dead port 2/2 on $mux $procmux$1873.
    dead port 1/2 on $mux $procmux$1876.
    dead port 1/2 on $mux $procmux$1883.
    dead port 2/2 on $mux $procmux$1885.
    dead port 1/2 on $mux $procmux$1888.
    dead port 1/2 on $mux $procmux$1895.
    dead port 2/2 on $mux $procmux$1897.
    dead port 1/2 on $mux $procmux$1900.
    dead port 1/2 on $mux $procmux$1907.
    dead port 2/2 on $mux $procmux$1909.
    dead port 1/2 on $mux $procmux$1912.
    dead port 1/2 on $mux $procmux$1919.
    dead port 2/2 on $mux $procmux$1921.
    dead port 1/2 on $mux $procmux$1924.
    dead port 1/2 on $mux $procmux$1931.
    dead port 2/2 on $mux $procmux$1933.
    dead port 1/2 on $mux $procmux$1936.
    dead port 1/2 on $mux $procmux$1943.
    dead port 2/2 on $mux $procmux$1945.
    dead port 1/2 on $mux $procmux$1948.
    dead port 1/2 on $mux $procmux$1955.
    dead port 2/2 on $mux $procmux$1957.
    dead port 1/2 on $mux $procmux$1960.
    dead port 1/2 on $mux $procmux$2040.
    dead port 1/2 on $mux $procmux$2043.
    dead port 1/2 on $mux $procmux$2045.
    dead port 2/2 on $mux $procmux$2047.
    dead port 1/2 on $mux $procmux$2050.
    dead port 1/2 on $mux $procmux$2058.
    dead port 1/2 on $mux $procmux$2060.
    dead port 2/2 on $mux $procmux$2062.
    dead port 1/2 on $mux $procmux$2065.
    dead port 1/2 on $mux $procmux$2084.
    dead port 2/2 on $mux $procmux$2086.
    dead port 1/2 on $mux $procmux$2089.
    dead port 1/2 on $mux $procmux$2096.
    dead port 2/2 on $mux $procmux$2098.
    dead port 1/2 on $mux $procmux$2101.
    dead port 1/2 on $mux $procmux$2108.
    dead port 2/2 on $mux $procmux$2110.
    dead port 1/2 on $mux $procmux$2113.
    dead port 1/2 on $mux $procmux$2120.
    dead port 2/2 on $mux $procmux$2122.
    dead port 1/2 on $mux $procmux$2125.
    dead port 1/2 on $mux $procmux$2132.
    dead port 2/2 on $mux $procmux$2134.
    dead port 1/2 on $mux $procmux$2137.
    dead port 1/2 on $mux $procmux$2144.
    dead port 2/2 on $mux $procmux$2146.
    dead port 1/2 on $mux $procmux$2149.
    dead port 1/2 on $mux $procmux$2156.
    dead port 2/2 on $mux $procmux$2158.
    dead port 1/2 on $mux $procmux$2161.
    dead port 1/2 on $mux $procmux$2168.
    dead port 2/2 on $mux $procmux$2170.
    dead port 1/2 on $mux $procmux$2173.
    dead port 1/2 on $mux $procmux$2301.
    dead port 1/2 on $mux $procmux$2304.
    dead port 1/2 on $mux $procmux$2306.
    dead port 2/2 on $mux $procmux$2308.
    dead port 1/2 on $mux $procmux$2311.
    dead port 1/2 on $mux $procmux$2319.
    dead port 1/2 on $mux $procmux$2321.
    dead port 2/2 on $mux $procmux$2323.
    dead port 1/2 on $mux $procmux$2326.
    dead port 1/2 on $mux $procmux$2345.
    dead port 2/2 on $mux $procmux$2347.
    dead port 1/2 on $mux $procmux$2350.
    dead port 1/2 on $mux $procmux$2357.
    dead port 2/2 on $mux $procmux$2359.
    dead port 1/2 on $mux $procmux$2362.
    dead port 1/2 on $mux $procmux$2417.
    dead port 2/2 on $mux $procmux$2419.
    dead port 1/2 on $mux $procmux$2422.
    dead port 1/2 on $mux $procmux$2429.
    dead port 2/2 on $mux $procmux$2431.
    dead port 1/2 on $mux $procmux$2434.
    dead port 1/2 on $mux $procmux$2562.
    dead port 1/2 on $mux $procmux$2565.
    dead port 1/2 on $mux $procmux$2567.
    dead port 2/2 on $mux $procmux$2569.
    dead port 1/2 on $mux $procmux$2572.
    dead port 1/2 on $mux $procmux$2580.
    dead port 1/2 on $mux $procmux$2582.
    dead port 2/2 on $mux $procmux$2584.
    dead port 1/2 on $mux $procmux$2587.
    dead port 1/2 on $mux $procmux$2606.
    dead port 2/2 on $mux $procmux$2608.
    dead port 1/2 on $mux $procmux$2611.
    dead port 1/2 on $mux $procmux$2618.
    dead port 2/2 on $mux $procmux$2620.
    dead port 1/2 on $mux $procmux$2623.
    dead port 1/2 on $mux $procmux$2630.
    dead port 2/2 on $mux $procmux$2632.
    dead port 1/2 on $mux $procmux$2635.
    dead port 1/2 on $mux $procmux$2642.
    dead port 2/2 on $mux $procmux$2644.
    dead port 1/2 on $mux $procmux$2647.
    dead port 1/2 on $mux $procmux$2654.
    dead port 2/2 on $mux $procmux$2656.
    dead port 1/2 on $mux $procmux$2659.
    dead port 1/2 on $mux $procmux$2666.
    dead port 2/2 on $mux $procmux$2668.
    dead port 1/2 on $mux $procmux$2671.
    dead port 1/2 on $mux $procmux$2678.
    dead port 2/2 on $mux $procmux$2680.
    dead port 1/2 on $mux $procmux$2683.
    dead port 1/2 on $mux $procmux$2690.
    dead port 2/2 on $mux $procmux$2692.
    dead port 1/2 on $mux $procmux$2695.
    dead port 1/2 on $mux $procmux$2823.
    dead port 1/2 on $mux $procmux$2826.
    dead port 1/2 on $mux $procmux$2828.
    dead port 2/2 on $mux $procmux$2830.
    dead port 1/2 on $mux $procmux$2833.
    dead port 1/2 on $mux $procmux$2841.
    dead port 1/2 on $mux $procmux$2843.
    dead port 2/2 on $mux $procmux$2845.
    dead port 1/2 on $mux $procmux$2848.
    dead port 1/2 on $mux $procmux$2867.
    dead port 2/2 on $mux $procmux$2869.
    dead port 1/2 on $mux $procmux$2872.
    dead port 1/2 on $mux $procmux$2879.
    dead port 2/2 on $mux $procmux$2881.
    dead port 1/2 on $mux $procmux$2884.
    dead port 1/2 on $mux $procmux$2939.
    dead port 2/2 on $mux $procmux$2941.
    dead port 1/2 on $mux $procmux$2944.
    dead port 1/2 on $mux $procmux$2951.
    dead port 2/2 on $mux $procmux$2953.
    dead port 1/2 on $mux $procmux$2956.
    dead port 1/2 on $mux $procmux$3084.
    dead port 1/2 on $mux $procmux$3087.
    dead port 1/2 on $mux $procmux$3089.
    dead port 2/2 on $mux $procmux$3091.
    dead port 1/2 on $mux $procmux$3094.
    dead port 1/2 on $mux $procmux$3102.
    dead port 1/2 on $mux $procmux$3104.
    dead port 2/2 on $mux $procmux$3106.
    dead port 1/2 on $mux $procmux$3109.
    dead port 1/2 on $mux $procmux$3200.
    dead port 2/2 on $mux $procmux$3202.
    dead port 1/2 on $mux $procmux$3205.
    dead port 1/2 on $mux $procmux$3212.
    dead port 2/2 on $mux $procmux$3214.
    dead port 1/2 on $mux $procmux$3217.
    dead port 1/2 on $mux $procmux$3345.
    dead port 1/2 on $mux $procmux$3348.
    dead port 1/2 on $mux $procmux$3350.
    dead port 2/2 on $mux $procmux$3352.
    dead port 1/2 on $mux $procmux$3355.
    dead port 1/2 on $mux $procmux$3363.
    dead port 1/2 on $mux $procmux$3365.
    dead port 2/2 on $mux $procmux$3367.
    dead port 1/2 on $mux $procmux$3370.
    dead port 1/2 on $mux $procmux$3389.
    dead port 2/2 on $mux $procmux$3391.
    dead port 1/2 on $mux $procmux$3394.
    dead port 1/2 on $mux $procmux$3401.
    dead port 2/2 on $mux $procmux$3403.
    dead port 1/2 on $mux $procmux$3406.
    dead port 1/2 on $mux $procmux$3413.
    dead port 2/2 on $mux $procmux$3415.
    dead port 1/2 on $mux $procmux$3418.
    dead port 1/2 on $mux $procmux$3425.
    dead port 2/2 on $mux $procmux$3427.
    dead port 1/2 on $mux $procmux$3430.
    dead port 1/2 on $mux $procmux$3437.
    dead port 2/2 on $mux $procmux$3439.
    dead port 1/2 on $mux $procmux$3442.
    dead port 1/2 on $mux $procmux$3449.
    dead port 2/2 on $mux $procmux$3451.
    dead port 1/2 on $mux $procmux$3454.
    dead port 1/2 on $mux $procmux$3461.
    dead port 2/2 on $mux $procmux$3463.
    dead port 1/2 on $mux $procmux$3466.
    dead port 1/2 on $mux $procmux$3473.
    dead port 2/2 on $mux $procmux$3475.
    dead port 1/2 on $mux $procmux$3478.
    dead port 1/2 on $mux $procmux$3606.
    dead port 1/2 on $mux $procmux$3609.
    dead port 1/2 on $mux $procmux$3611.
    dead port 2/2 on $mux $procmux$3613.
    dead port 1/2 on $mux $procmux$3616.
    dead port 1/2 on $mux $procmux$3624.
    dead port 1/2 on $mux $procmux$3626.
    dead port 2/2 on $mux $procmux$3628.
    dead port 1/2 on $mux $procmux$3631.
    dead port 1/2 on $mux $procmux$3867.
    dead port 1/2 on $mux $procmux$3870.
    dead port 1/2 on $mux $procmux$3872.
    dead port 2/2 on $mux $procmux$3874.
    dead port 1/2 on $mux $procmux$3877.
    dead port 1/2 on $mux $procmux$3885.
    dead port 1/2 on $mux $procmux$3887.
    dead port 2/2 on $mux $procmux$3889.
    dead port 1/2 on $mux $procmux$3892.
    dead port 1/2 on $mux $procmux$3911.
    dead port 2/2 on $mux $procmux$3913.
    dead port 1/2 on $mux $procmux$3916.
    dead port 1/2 on $mux $procmux$3923.
    dead port 2/2 on $mux $procmux$3925.
    dead port 1/2 on $mux $procmux$3928.
    dead port 1/2 on $mux $procmux$4128.
    dead port 1/2 on $mux $procmux$4131.
    dead port 1/2 on $mux $procmux$4133.
    dead port 2/2 on $mux $procmux$4135.
    dead port 1/2 on $mux $procmux$4138.
    dead port 1/2 on $mux $procmux$4146.
    dead port 1/2 on $mux $procmux$4148.
    dead port 2/2 on $mux $procmux$4150.
    dead port 1/2 on $mux $procmux$4153.
    dead port 1/2 on $mux $procmux$4172.
    dead port 2/2 on $mux $procmux$4174.
    dead port 1/2 on $mux $procmux$4177.
    dead port 1/2 on $mux $procmux$4184.
    dead port 2/2 on $mux $procmux$4186.
    dead port 1/2 on $mux $procmux$4189.
    dead port 1/2 on $mux $procmux$4389.
    dead port 1/2 on $mux $procmux$4392.
    dead port 1/2 on $mux $procmux$4394.
    dead port 2/2 on $mux $procmux$4396.
    dead port 1/2 on $mux $procmux$4399.
    dead port 1/2 on $mux $procmux$4407.
    dead port 1/2 on $mux $procmux$4409.
    dead port 2/2 on $mux $procmux$4411.
    dead port 1/2 on $mux $procmux$4414.
    dead port 1/2 on $mux $procmux$4433.
    dead port 2/2 on $mux $procmux$4435.
    dead port 1/2 on $mux $procmux$4438.
    dead port 1/2 on $mux $procmux$4445.
    dead port 2/2 on $mux $procmux$4447.
    dead port 1/2 on $mux $procmux$4450.
    dead port 1/2 on $mux $procmux$4457.
    dead port 2/2 on $mux $procmux$4459.
    dead port 1/2 on $mux $procmux$4462.
    dead port 1/2 on $mux $procmux$4469.
    dead port 2/2 on $mux $procmux$4471.
    dead port 1/2 on $mux $procmux$4474.
    dead port 1/2 on $mux $procmux$4481.
    dead port 2/2 on $mux $procmux$4483.
    dead port 1/2 on $mux $procmux$4486.
    dead port 1/2 on $mux $procmux$4493.
    dead port 2/2 on $mux $procmux$4495.
    dead port 1/2 on $mux $procmux$4498.
    dead port 1/2 on $mux $procmux$4650.
    dead port 1/2 on $mux $procmux$4653.
    dead port 1/2 on $mux $procmux$4655.
    dead port 2/2 on $mux $procmux$4657.
    dead port 1/2 on $mux $procmux$4660.
    dead port 1/2 on $mux $procmux$4668.
    dead port 1/2 on $mux $procmux$4670.
    dead port 2/2 on $mux $procmux$4672.
    dead port 1/2 on $mux $procmux$4675.
    dead port 1/2 on $mux $procmux$4694.
    dead port 2/2 on $mux $procmux$4696.
    dead port 1/2 on $mux $procmux$4699.
    dead port 1/2 on $mux $procmux$4706.
    dead port 2/2 on $mux $procmux$4708.
    dead port 1/2 on $mux $procmux$4711.
    dead port 1/2 on $mux $procmux$4766.
    dead port 2/2 on $mux $procmux$4768.
    dead port 1/2 on $mux $procmux$4771.
    dead port 1/2 on $mux $procmux$4778.
    dead port 2/2 on $mux $procmux$4780.
    dead port 1/2 on $mux $procmux$4783.
    dead port 1/2 on $mux $procmux$4911.
    dead port 1/2 on $mux $procmux$4914.
    dead port 1/2 on $mux $procmux$4916.
    dead port 2/2 on $mux $procmux$4918.
    dead port 1/2 on $mux $procmux$4921.
    dead port 1/2 on $mux $procmux$4929.
    dead port 1/2 on $mux $procmux$4931.
    dead port 2/2 on $mux $procmux$4933.
    dead port 1/2 on $mux $procmux$4936.
    dead port 1/2 on $mux $procmux$4955.
    dead port 2/2 on $mux $procmux$4957.
    dead port 1/2 on $mux $procmux$4960.
    dead port 1/2 on $mux $procmux$4967.
    dead port 2/2 on $mux $procmux$4969.
    dead port 1/2 on $mux $procmux$4972.
    dead port 1/2 on $mux $procmux$5027.
    dead port 2/2 on $mux $procmux$5029.
    dead port 1/2 on $mux $procmux$5032.
    dead port 1/2 on $mux $procmux$5039.
    dead port 2/2 on $mux $procmux$5041.
    dead port 1/2 on $mux $procmux$5044.
    dead port 1/2 on $mux $procmux$5172.
    dead port 1/2 on $mux $procmux$5175.
    dead port 1/2 on $mux $procmux$5177.
    dead port 2/2 on $mux $procmux$5179.
    dead port 1/2 on $mux $procmux$5182.
    dead port 1/2 on $mux $procmux$5190.
    dead port 1/2 on $mux $procmux$5192.
    dead port 2/2 on $mux $procmux$5194.
    dead port 1/2 on $mux $procmux$5197.
    dead port 1/2 on $mux $procmux$5216.
    dead port 2/2 on $mux $procmux$5218.
    dead port 1/2 on $mux $procmux$5221.
    dead port 1/2 on $mux $procmux$5228.
    dead port 2/2 on $mux $procmux$5230.
    dead port 1/2 on $mux $procmux$5233.
    dead port 1/2 on $mux $procmux$5288.
    dead port 2/2 on $mux $procmux$5290.
    dead port 1/2 on $mux $procmux$5293.
    dead port 1/2 on $mux $procmux$5300.
    dead port 2/2 on $mux $procmux$5302.
    dead port 1/2 on $mux $procmux$5305.
    dead port 1/2 on $mux $procmux$5433.
    dead port 1/2 on $mux $procmux$5436.
    dead port 1/2 on $mux $procmux$5438.
    dead port 2/2 on $mux $procmux$5440.
    dead port 1/2 on $mux $procmux$5443.
    dead port 1/2 on $mux $procmux$5451.
    dead port 1/2 on $mux $procmux$5453.
    dead port 2/2 on $mux $procmux$5455.
    dead port 1/2 on $mux $procmux$5458.
    dead port 1/2 on $mux $procmux$5549.
    dead port 2/2 on $mux $procmux$5551.
    dead port 1/2 on $mux $procmux$5554.
    dead port 1/2 on $mux $procmux$5561.
    dead port 2/2 on $mux $procmux$5563.
    dead port 1/2 on $mux $procmux$5566.
    dead port 1/2 on $mux $procmux$5694.
    dead port 1/2 on $mux $procmux$5697.
    dead port 1/2 on $mux $procmux$5699.
    dead port 2/2 on $mux $procmux$5701.
    dead port 1/2 on $mux $procmux$5704.
    dead port 1/2 on $mux $procmux$5712.
    dead port 1/2 on $mux $procmux$5714.
    dead port 2/2 on $mux $procmux$5716.
    dead port 1/2 on $mux $procmux$5719.
    dead port 1/2 on $mux $procmux$5738.
    dead port 2/2 on $mux $procmux$5740.
    dead port 1/2 on $mux $procmux$5743.
    dead port 1/2 on $mux $procmux$5750.
    dead port 2/2 on $mux $procmux$5752.
    dead port 1/2 on $mux $procmux$5755.
    dead port 1/2 on $mux $procmux$5762.
    dead port 2/2 on $mux $procmux$5764.
    dead port 1/2 on $mux $procmux$5767.
    dead port 1/2 on $mux $procmux$5774.
    dead port 2/2 on $mux $procmux$5776.
    dead port 1/2 on $mux $procmux$5779.
    dead port 1/2 on $mux $procmux$5786.
    dead port 2/2 on $mux $procmux$5788.
    dead port 1/2 on $mux $procmux$5791.
    dead port 1/2 on $mux $procmux$5798.
    dead port 2/2 on $mux $procmux$5800.
    dead port 1/2 on $mux $procmux$5803.
    dead port 1/2 on $mux $procmux$5810.
    dead port 2/2 on $mux $procmux$5812.
    dead port 1/2 on $mux $procmux$5815.
    dead port 1/2 on $mux $procmux$5822.
    dead port 2/2 on $mux $procmux$5824.
    dead port 1/2 on $mux $procmux$5827.
    dead port 1/2 on $mux $procmux$5955.
    dead port 1/2 on $mux $procmux$5958.
    dead port 1/2 on $mux $procmux$5960.
    dead port 2/2 on $mux $procmux$5962.
    dead port 1/2 on $mux $procmux$5965.
    dead port 1/2 on $mux $procmux$5973.
    dead port 1/2 on $mux $procmux$5975.
    dead port 2/2 on $mux $procmux$5977.
    dead port 1/2 on $mux $procmux$5980.
    dead port 1/2 on $mux $procmux$5999.
    dead port 2/2 on $mux $procmux$6001.
    dead port 1/2 on $mux $procmux$6004.
    dead port 1/2 on $mux $procmux$6011.
    dead port 2/2 on $mux $procmux$6013.
    dead port 1/2 on $mux $procmux$6016.
    dead port 1/2 on $mux $procmux$6071.
    dead port 2/2 on $mux $procmux$6073.
    dead port 1/2 on $mux $procmux$6076.
    dead port 1/2 on $mux $procmux$6083.
    dead port 2/2 on $mux $procmux$6085.
    dead port 1/2 on $mux $procmux$6088.
    dead port 1/2 on $mux $procmux$6216.
    dead port 1/2 on $mux $procmux$6219.
    dead port 1/2 on $mux $procmux$6221.
    dead port 2/2 on $mux $procmux$6223.
    dead port 1/2 on $mux $procmux$6226.
    dead port 1/2 on $mux $procmux$6234.
    dead port 1/2 on $mux $procmux$6236.
    dead port 2/2 on $mux $procmux$6238.
    dead port 1/2 on $mux $procmux$6241.
    dead port 1/2 on $mux $procmux$6260.
    dead port 2/2 on $mux $procmux$6262.
    dead port 1/2 on $mux $procmux$6265.
    dead port 1/2 on $mux $procmux$6272.
    dead port 2/2 on $mux $procmux$6274.
    dead port 1/2 on $mux $procmux$6277.
    dead port 1/2 on $mux $procmux$6332.
    dead port 2/2 on $mux $procmux$6334.
    dead port 1/2 on $mux $procmux$6337.
    dead port 1/2 on $mux $procmux$6344.
    dead port 2/2 on $mux $procmux$6346.
    dead port 1/2 on $mux $procmux$6349.
    dead port 1/2 on $mux $procmux$6477.
    dead port 1/2 on $mux $procmux$6480.
    dead port 1/2 on $mux $procmux$6482.
    dead port 2/2 on $mux $procmux$6484.
    dead port 1/2 on $mux $procmux$6487.
    dead port 1/2 on $mux $procmux$6495.
    dead port 1/2 on $mux $procmux$6497.
    dead port 2/2 on $mux $procmux$6499.
    dead port 1/2 on $mux $procmux$6502.
    dead port 1/2 on $mux $procmux$6738.
    dead port 1/2 on $mux $procmux$6741.
    dead port 1/2 on $mux $procmux$6743.
    dead port 2/2 on $mux $procmux$6745.
    dead port 1/2 on $mux $procmux$6748.
    dead port 1/2 on $mux $procmux$6756.
    dead port 1/2 on $mux $procmux$6758.
    dead port 2/2 on $mux $procmux$6760.
    dead port 1/2 on $mux $procmux$6763.
    dead port 1/2 on $mux $procmux$6782.
    dead port 2/2 on $mux $procmux$6784.
    dead port 1/2 on $mux $procmux$6787.
    dead port 1/2 on $mux $procmux$6794.
    dead port 2/2 on $mux $procmux$6796.
    dead port 1/2 on $mux $procmux$6799.
    dead port 1/2 on $mux $procmux$6999.
    dead port 1/2 on $mux $procmux$7002.
    dead port 1/2 on $mux $procmux$7004.
    dead port 2/2 on $mux $procmux$7006.
    dead port 1/2 on $mux $procmux$7009.
    dead port 1/2 on $mux $procmux$7017.
    dead port 1/2 on $mux $procmux$7019.
    dead port 2/2 on $mux $procmux$7021.
    dead port 1/2 on $mux $procmux$7024.
    dead port 1/2 on $mux $procmux$7043.
    dead port 2/2 on $mux $procmux$7045.
    dead port 1/2 on $mux $procmux$7048.
    dead port 1/2 on $mux $procmux$7055.
    dead port 2/2 on $mux $procmux$7057.
    dead port 1/2 on $mux $procmux$7060.
    dead port 1/2 on $mux $procmux$7260.
    dead port 1/2 on $mux $procmux$7263.
    dead port 1/2 on $mux $procmux$7265.
    dead port 2/2 on $mux $procmux$7267.
    dead port 1/2 on $mux $procmux$7270.
    dead port 1/2 on $mux $procmux$7278.
    dead port 1/2 on $mux $procmux$7280.
    dead port 2/2 on $mux $procmux$7282.
    dead port 1/2 on $mux $procmux$7285.
    dead port 1/2 on $mux $procmux$7304.
    dead port 2/2 on $mux $procmux$7306.
    dead port 1/2 on $mux $procmux$7309.
    dead port 1/2 on $mux $procmux$7316.
    dead port 2/2 on $mux $procmux$7318.
    dead port 1/2 on $mux $procmux$7321.
    dead port 1/2 on $mux $procmux$7328.
    dead port 2/2 on $mux $procmux$7330.
    dead port 1/2 on $mux $procmux$7333.
    dead port 1/2 on $mux $procmux$7340.
    dead port 2/2 on $mux $procmux$7342.
    dead port 1/2 on $mux $procmux$7345.
    dead port 1/2 on $mux $procmux$7352.
    dead port 2/2 on $mux $procmux$7354.
    dead port 1/2 on $mux $procmux$7357.
    dead port 1/2 on $mux $procmux$7364.
    dead port 2/2 on $mux $procmux$7366.
    dead port 1/2 on $mux $procmux$7369.
    dead port 1/2 on $mux $procmux$7376.
    dead port 2/2 on $mux $procmux$7378.
    dead port 1/2 on $mux $procmux$7381.
    dead port 1/2 on $mux $procmux$7388.
    dead port 2/2 on $mux $procmux$7390.
    dead port 1/2 on $mux $procmux$7393.
    dead port 1/2 on $mux $procmux$7521.
    dead port 1/2 on $mux $procmux$7524.
    dead port 1/2 on $mux $procmux$7526.
    dead port 2/2 on $mux $procmux$7528.
    dead port 1/2 on $mux $procmux$7531.
    dead port 1/2 on $mux $procmux$7539.
    dead port 1/2 on $mux $procmux$7541.
    dead port 2/2 on $mux $procmux$7543.
    dead port 1/2 on $mux $procmux$7546.
    dead port 1/2 on $mux $procmux$7565.
    dead port 2/2 on $mux $procmux$7567.
    dead port 1/2 on $mux $procmux$7570.
    dead port 1/2 on $mux $procmux$7577.
    dead port 2/2 on $mux $procmux$7579.
    dead port 1/2 on $mux $procmux$7582.
    dead port 1/2 on $mux $procmux$7637.
    dead port 2/2 on $mux $procmux$7639.
    dead port 1/2 on $mux $procmux$7642.
    dead port 1/2 on $mux $procmux$7649.
    dead port 2/2 on $mux $procmux$7651.
    dead port 1/2 on $mux $procmux$7654.
    dead port 1/2 on $mux $procmux$7782.
    dead port 1/2 on $mux $procmux$7785.
    dead port 1/2 on $mux $procmux$7787.
    dead port 2/2 on $mux $procmux$7789.
    dead port 1/2 on $mux $procmux$7792.
    dead port 1/2 on $mux $procmux$7800.
    dead port 1/2 on $mux $procmux$7802.
    dead port 2/2 on $mux $procmux$7804.
    dead port 1/2 on $mux $procmux$7807.
    dead port 1/2 on $mux $procmux$8043.
    dead port 1/2 on $mux $procmux$8046.
    dead port 1/2 on $mux $procmux$8048.
    dead port 2/2 on $mux $procmux$8050.
    dead port 1/2 on $mux $procmux$8053.
    dead port 1/2 on $mux $procmux$8061.
    dead port 1/2 on $mux $procmux$8063.
    dead port 2/2 on $mux $procmux$8065.
    dead port 1/2 on $mux $procmux$8068.
    dead port 1/2 on $mux $procmux$8087.
    dead port 2/2 on $mux $procmux$8089.
    dead port 1/2 on $mux $procmux$8092.
    dead port 1/2 on $mux $procmux$8099.
    dead port 2/2 on $mux $procmux$8101.
    dead port 1/2 on $mux $procmux$8104.
    dead port 1/2 on $mux $procmux$8159.
    dead port 2/2 on $mux $procmux$8161.
    dead port 1/2 on $mux $procmux$8164.
    dead port 1/2 on $mux $procmux$8171.
    dead port 2/2 on $mux $procmux$8173.
    dead port 1/2 on $mux $procmux$8176.
    dead port 1/2 on $mux $procmux$8304.
    dead port 1/2 on $mux $procmux$8307.
    dead port 1/2 on $mux $procmux$8309.
    dead port 2/2 on $mux $procmux$8311.
    dead port 1/2 on $mux $procmux$8314.
    dead port 1/2 on $mux $procmux$8322.
    dead port 1/2 on $mux $procmux$8324.
    dead port 2/2 on $mux $procmux$8326.
    dead port 1/2 on $mux $procmux$8329.
    dead port 1/2 on $mux $procmux$8348.
    dead port 2/2 on $mux $procmux$8350.
    dead port 1/2 on $mux $procmux$8353.
    dead port 1/2 on $mux $procmux$8360.
    dead port 2/2 on $mux $procmux$8362.
    dead port 1/2 on $mux $procmux$8365.
    dead port 1/2 on $mux $procmux$8420.
    dead port 2/2 on $mux $procmux$8422.
    dead port 1/2 on $mux $procmux$8425.
    dead port 1/2 on $mux $procmux$8432.
    dead port 2/2 on $mux $procmux$8434.
    dead port 1/2 on $mux $procmux$8437.
    dead port 1/2 on $mux $procmux$8565.
    dead port 1/2 on $mux $procmux$8568.
    dead port 1/2 on $mux $procmux$8570.
    dead port 2/2 on $mux $procmux$8572.
    dead port 1/2 on $mux $procmux$8575.
    dead port 1/2 on $mux $procmux$8583.
    dead port 1/2 on $mux $procmux$8585.
    dead port 2/2 on $mux $procmux$8587.
    dead port 1/2 on $mux $procmux$8590.
    dead port 1/2 on $mux $procmux$8609.
    dead port 2/2 on $mux $procmux$8611.
    dead port 1/2 on $mux $procmux$8614.
    dead port 1/2 on $mux $procmux$8621.
    dead port 2/2 on $mux $procmux$8623.
    dead port 1/2 on $mux $procmux$8626.
    dead port 1/2 on $mux $procmux$8681.
    dead port 2/2 on $mux $procmux$8683.
    dead port 1/2 on $mux $procmux$8686.
    dead port 1/2 on $mux $procmux$8693.
    dead port 2/2 on $mux $procmux$8695.
    dead port 1/2 on $mux $procmux$8698.
    dead port 1/2 on $mux $procmux$8826.
    dead port 1/2 on $mux $procmux$8829.
    dead port 1/2 on $mux $procmux$8831.
    dead port 2/2 on $mux $procmux$8833.
    dead port 1/2 on $mux $procmux$8836.
    dead port 1/2 on $mux $procmux$8844.
    dead port 1/2 on $mux $procmux$8846.
    dead port 2/2 on $mux $procmux$8848.
    dead port 1/2 on $mux $procmux$8851.
    dead port 1/2 on $mux $procmux$8942.
    dead port 2/2 on $mux $procmux$8944.
    dead port 1/2 on $mux $procmux$8947.
    dead port 1/2 on $mux $procmux$8954.
    dead port 2/2 on $mux $procmux$8956.
    dead port 1/2 on $mux $procmux$8959.
    dead port 1/2 on $mux $procmux$9087.
    dead port 1/2 on $mux $procmux$9090.
    dead port 1/2 on $mux $procmux$9092.
    dead port 2/2 on $mux $procmux$9094.
    dead port 1/2 on $mux $procmux$9097.
    dead port 1/2 on $mux $procmux$9105.
    dead port 1/2 on $mux $procmux$9107.
    dead port 2/2 on $mux $procmux$9109.
    dead port 1/2 on $mux $procmux$9112.
    dead port 2/2 on $mux $procmux$9148.
    dead port 1/2 on $mux $procmux$9151.
    dead port 2/2 on $mux $procmux$9157.
    dead port 1/2 on $mux $procmux$9160.
    dead port 2/2 on $mux $procmux$9166.
    dead port 1/2 on $mux $procmux$9169.
    dead port 2/2 on $mux $procmux$9175.
    dead port 1/2 on $mux $procmux$9178.
    dead port 2/2 on $mux $procmux$9184.
    dead port 1/2 on $mux $procmux$9187.
    dead port 2/2 on $mux $procmux$9193.
    dead port 1/2 on $mux $procmux$9196.
    dead port 2/2 on $mux $procmux$9202.
    dead port 1/2 on $mux $procmux$9205.
    dead port 2/2 on $mux $procmux$9211.
    dead port 1/2 on $mux $procmux$9214.
    dead port 2/2 on $mux $procmux$9220.
    dead port 1/2 on $mux $procmux$9223.
    dead port 2/2 on $mux $procmux$9229.
    dead port 1/2 on $mux $procmux$9232.
    dead port 2/2 on $mux $procmux$9238.
    dead port 1/2 on $mux $procmux$9241.
    dead port 2/2 on $mux $procmux$9247.
    dead port 1/2 on $mux $procmux$9250.
    dead port 2/2 on $mux $procmux$9391.
    dead port 1/2 on $mux $procmux$9394.
    dead port 2/2 on $mux $procmux$9400.
    dead port 1/2 on $mux $procmux$9403.
    dead port 2/2 on $mux $procmux$9409.
    dead port 1/2 on $mux $procmux$9412.
    dead port 2/2 on $mux $procmux$9418.
    dead port 1/2 on $mux $procmux$9421.
    dead port 2/2 on $mux $procmux$9427.
    dead port 1/2 on $mux $procmux$9430.
    dead port 2/2 on $mux $procmux$9436.
    dead port 1/2 on $mux $procmux$9439.
    dead port 2/2 on $mux $procmux$9607.
    dead port 1/2 on $mux $procmux$9610.
    dead port 2/2 on $mux $procmux$9616.
    dead port 1/2 on $mux $procmux$9619.
    dead port 2/2 on $mux $procmux$9625.
    dead port 1/2 on $mux $procmux$9628.
    dead port 2/2 on $mux $procmux$9634.
    dead port 1/2 on $mux $procmux$9637.
    dead port 2/2 on $mux $procmux$9643.
    dead port 1/2 on $mux $procmux$9646.
    dead port 2/2 on $mux $procmux$9652.
    dead port 1/2 on $mux $procmux$9655.
    dead port 2/2 on $mux $procmux$9904.
    dead port 1/2 on $mux $procmux$9907.
    dead port 2/2 on $mux $procmux$9913.
    dead port 1/2 on $mux $procmux$9916.
    dead port 2/2 on $mux $procmux$9922.
    dead port 1/2 on $mux $procmux$9925.
    dead port 2/2 on $mux $procmux$9931.
    dead port 1/2 on $mux $procmux$9934.
    dead port 2/2 on $mux $procmux$9940.
    dead port 1/2 on $mux $procmux$9943.
    dead port 2/2 on $mux $procmux$9949.
    dead port 1/2 on $mux $procmux$9952.
Removed 764 multiplexer ports.
<suppressed ~405 debug messages>

2.6.4. Executing OPT_REDUCE pass (consolidate $*mux and $reduce_* inputs).
  Optimizing cells in module \snapshot_epoch_ssc.
Performed a total of 0 changes.

2.6.5. Executing OPT_MERGE pass (detect identical cells).
Finding identical cells in module `\snapshot_epoch_ssc'.
Removed a total of 0 cells.

2.6.6. Executing OPT_DFF pass (perform DFF optimizations).

2.6.7. Executing OPT_CLEAN pass (remove unused cells and wires).
Finding unused cells or wires in module \snapshot_epoch_ssc..
Removed 0 unused cells and 833 unused wires.
<suppressed ~1 debug messages>

2.6.8. Executing OPT_EXPR pass (perform const folding).
Optimizing module snapshot_epoch_ssc.

2.6.9. Rerunning OPT passes. (Maybe there is more to do..)

2.6.10. Executing OPT_MUXTREE pass (detect dead branches in mux trees).
Running muxtree optimizer on module \snapshot_epoch_ssc..
  Creating internal representation of mux trees.
  Evaluating internal representation of mux trees.
  Analyzing evaluation results.
Removed 0 multiplexer ports.
<suppressed ~405 debug messages>

2.6.11. Executing OPT_REDUCE pass (consolidate $*mux and $reduce_* inputs).
  Optimizing cells in module \snapshot_epoch_ssc.
Performed a total of 0 changes.

2.6.12. Executing OPT_MERGE pass (detect identical cells).
Finding identical cells in module `\snapshot_epoch_ssc'.
Removed a total of 0 cells.

2.6.13. Executing OPT_DFF pass (perform DFF optimizations).

2.6.14. Executing OPT_CLEAN pass (remove unused cells and wires).
Finding unused cells or wires in module \snapshot_epoch_ssc..

2.6.15. Executing OPT_EXPR pass (perform const folding).
Optimizing module snapshot_epoch_ssc.

2.6.16. Finished OPT passes. (There is nothing left to do.)

2.7. Executing FSM pass (extract and optimize FSM).

2.7.1. Executing FSM_DETECT pass (finding FSMs in design).

2.7.2. Executing FSM_EXTRACT pass (extracting FSM from design).

2.7.3. Executing FSM_OPT pass (simple optimizations of FSMs).

2.7.4. Executing OPT_CLEAN pass (remove unused cells and wires).
Finding unused cells or wires in module \snapshot_epoch_ssc..

2.7.5. Executing FSM_OPT pass (simple optimizations of FSMs).

2.7.6. Executing FSM_RECODE pass (re-assigning FSM state encoding).

2.7.7. Executing FSM_INFO pass (dumping all available information on FSM cells).

2.7.8. Executing FSM_MAP pass (mapping FSMs to basic logic).

2.8. Executing OPT pass (performing simple optimizations).

2.8.1. Executing OPT_EXPR pass (perform const folding).
Optimizing module snapshot_epoch_ssc.

2.8.2. Executing OPT_MERGE pass (detect identical cells).
Finding identical cells in module `\snapshot_epoch_ssc'.
Removed a total of 0 cells.

2.8.3. Executing OPT_MUXTREE pass (detect dead branches in mux trees).
Running muxtree optimizer on module \snapshot_epoch_ssc..
  Creating internal representation of mux trees.
  Evaluating internal representation of mux trees.
  Analyzing evaluation results.
Removed 0 multiplexer ports.
<suppressed ~405 debug messages>

2.8.4. Executing OPT_REDUCE pass (consolidate $*mux and $reduce_* inputs).
  Optimizing cells in module \snapshot_epoch_ssc.
Performed a total of 0 changes.

2.8.5. Executing OPT_MERGE pass (detect identical cells).
Finding identical cells in module `\snapshot_epoch_ssc'.
Removed a total of 0 cells.

2.8.6. Executing OPT_DFF pass (perform DFF optimizations).
Adding EN signal on $procdff$15578 ($dff) from module snapshot_epoch_ssc (D = $5\stored_node_id[6][31:0], Q = \stored_node_id[7]).
Adding EN signal on $procdff$15575 ($dff) from module snapshot_epoch_ssc (D = $7\stored_node_id[6][31:0], Q = \stored_node_id[6]).
Adding EN signal on $procdff$15572 ($dff) from module snapshot_epoch_ssc (D = $9\stored_node_id[5][31:0], Q = \stored_node_id[5]).
Adding EN signal on $procdff$15569 ($dff) from module snapshot_epoch_ssc (D = $11\stored_node_id[4][31:0], Q = \stored_node_id[4]).
Adding EN signal on $procdff$15566 ($dff) from module snapshot_epoch_ssc (D = $13\stored_node_id[3][31:0], Q = \stored_node_id[3]).
Adding EN signal on $procdff$15563 ($dff) from module snapshot_epoch_ssc (D = $15\stored_node_id[2][31:0], Q = \stored_node_id[2]).
Adding EN signal on $procdff$15560 ($dff) from module snapshot_epoch_ssc (D = $17\stored_node_id[1][31:0], Q = \stored_node_id[1]).
Adding EN signal on $procdff$15557 ($dff) from module snapshot_epoch_ssc (D = $11\stored_node_id[0][31:0], Q = \stored_node_id[0]).
Adding EN signal on $procdff$15554 ($dff) from module snapshot_epoch_ssc (D = $5\stored_payload_q32[6][63:0], Q = \stored_payload_q32[7]).
Adding EN signal on $procdff$15551 ($dff) from module snapshot_epoch_ssc (D = $7\stored_payload_q32[6][63:0], Q = \stored_payload_q32[6]).
Adding EN signal on $procdff$15548 ($dff) from module snapshot_epoch_ssc (D = $9\stored_payload_q32[5][63:0], Q = \stored_payload_q32[5]).
Adding EN signal on $procdff$15545 ($dff) from module snapshot_epoch_ssc (D = $11\stored_payload_q32[4][63:0], Q = \stored_payload_q32[4]).
Adding EN signal on $procdff$15542 ($dff) from module snapshot_epoch_ssc (D = $13\stored_payload_q32[3][63:0], Q = \stored_payload_q32[3]).
Adding EN signal on $procdff$15539 ($dff) from module snapshot_epoch_ssc (D = $15\stored_payload_q32[2][63:0], Q = \stored_payload_q32[2]).
Adding EN signal on $procdff$15536 ($dff) from module snapshot_epoch_ssc (D = $17\stored_payload_q32[1][63:0], Q = \stored_payload_q32[1]).
Adding EN signal on $procdff$15533 ($dff) from module snapshot_epoch_ssc (D = $11\stored_payload_q32[0][63:0], Q = \stored_payload_q32[0]).
Adding EN signal on $procdff$15530 ($dff) from module snapshot_epoch_ssc (D = $5\stored_source_chiplet_id[6][31:0], Q = \stored_source_chiplet_id[7]).
Adding EN signal on $procdff$15527 ($dff) from module snapshot_epoch_ssc (D = $7\stored_source_chiplet_id[6][31:0], Q = \stored_source_chiplet_id[6]).
Adding EN signal on $procdff$15524 ($dff) from module snapshot_epoch_ssc (D = $9\stored_source_chiplet_id[5][31:0], Q = \stored_source_chiplet_id[5]).
Adding EN signal on $procdff$15521 ($dff) from module snapshot_epoch_ssc (D = $11\stored_source_chiplet_id[4][31:0], Q = \stored_source_chiplet_id[4]).
Adding EN signal on $procdff$15518 ($dff) from module snapshot_epoch_ssc (D = $13\stored_source_chiplet_id[3][31:0], Q = \stored_source_chiplet_id[3]).
Adding EN signal on $procdff$15515 ($dff) from module snapshot_epoch_ssc (D = $15\stored_source_chiplet_id[2][31:0], Q = \stored_source_chiplet_id[2]).
Adding EN signal on $procdff$15512 ($dff) from module snapshot_epoch_ssc (D = $17\stored_source_chiplet_id[1][31:0], Q = \stored_source_chiplet_id[1]).
Adding EN signal on $procdff$15509 ($dff) from module snapshot_epoch_ssc (D = $11\stored_source_chiplet_id[0][31:0], Q = \stored_source_chiplet_id[0]).
Adding EN signal on $procdff$15506 ($dff) from module snapshot_epoch_ssc (D = $5\stored_sequence_id[6][31:0], Q = \stored_sequence_id[7]).
Adding EN signal on $procdff$15503 ($dff) from module snapshot_epoch_ssc (D = $7\stored_sequence_id[6][31:0], Q = \stored_sequence_id[6]).
Adding EN signal on $procdff$15500 ($dff) from module snapshot_epoch_ssc (D = $9\stored_sequence_id[5][31:0], Q = \stored_sequence_id[5]).
Adding EN signal on $procdff$15497 ($dff) from module snapshot_epoch_ssc (D = $11\stored_sequence_id[4][31:0], Q = \stored_sequence_id[4]).
Adding EN signal on $procdff$15494 ($dff) from module snapshot_epoch_ssc (D = $13\stored_sequence_id[3][31:0], Q = \stored_sequence_id[3]).
Adding EN signal on $procdff$15491 ($dff) from module snapshot_epoch_ssc (D = $15\stored_sequence_id[2][31:0], Q = \stored_sequence_id[2]).
Adding EN signal on $procdff$15488 ($dff) from module snapshot_epoch_ssc (D = $17\stored_sequence_id[1][31:0], Q = \stored_sequence_id[1]).
Adding EN signal on $procdff$15485 ($dff) from module snapshot_epoch_ssc (D = $11\stored_sequence_id[0][31:0], Q = \stored_sequence_id[0]).
Adding EN signal on $procdff$15482 ($dff) from module snapshot_epoch_ssc (D = $5\stored_enterprise_type[6][31:0], Q = \stored_enterprise_type[7]).
Adding EN signal on $procdff$15479 ($dff) from module snapshot_epoch_ssc (D = $7\stored_enterprise_type[6][31:0], Q = \stored_enterprise_type[6]).
Adding EN signal on $procdff$15476 ($dff) from module snapshot_epoch_ssc (D = $9\stored_enterprise_type[5][31:0], Q = \stored_enterprise_type[5]).
Adding EN signal on $procdff$15473 ($dff) from module snapshot_epoch_ssc (D = $11\stored_enterprise_type[4][31:0], Q = \stored_enterprise_type[4]).
Adding EN signal on $procdff$15470 ($dff) from module snapshot_epoch_ssc (D = $13\stored_enterprise_type[3][31:0], Q = \stored_enterprise_type[3]).
Adding EN signal on $procdff$15467 ($dff) from module snapshot_epoch_ssc (D = $15\stored_enterprise_type[2][31:0], Q = \stored_enterprise_type[2]).
Adding EN signal on $procdff$15464 ($dff) from module snapshot_epoch_ssc (D = $17\stored_enterprise_type[1][31:0], Q = \stored_enterprise_type[1]).
Adding EN signal on $procdff$15461 ($dff) from module snapshot_epoch_ssc (D = $11\stored_enterprise_type[0][31:0], Q = \stored_enterprise_type[0]).
Adding EN signal on $procdff$15458 ($dff) from module snapshot_epoch_ssc (D = $5\stored_structural_dim[6][31:0], Q = \stored_structural_dim[7]).
Adding EN signal on $procdff$15455 ($dff) from module snapshot_epoch_ssc (D = $7\stored_structural_dim[6][31:0], Q = \stored_structural_dim[6]).
Adding EN signal on $procdff$15452 ($dff) from module snapshot_epoch_ssc (D = $9\stored_structural_dim[5][31:0], Q = \stored_structural_dim[5]).
Adding EN signal on $procdff$15449 ($dff) from module snapshot_epoch_ssc (D = $11\stored_structural_dim[4][31:0], Q = \stored_structural_dim[4]).
Adding EN signal on $procdff$15446 ($dff) from module snapshot_epoch_ssc (D = $13\stored_structural_dim[3][31:0], Q = \stored_structural_dim[3]).
Adding EN signal on $procdff$15443 ($dff) from module snapshot_epoch_ssc (D = $15\stored_structural_dim[2][31:0], Q = \stored_structural_dim[2]).
Adding EN signal on $procdff$15440 ($dff) from module snapshot_epoch_ssc (D = $17\stored_structural_dim[1][31:0], Q = \stored_structural_dim[1]).
Adding EN signal on $procdff$15437 ($dff) from module snapshot_epoch_ssc (D = $11\stored_structural_dim[0][31:0], Q = \stored_structural_dim[0]).
Adding EN signal on $procdff$15154 ($adff) from module snapshot_epoch_ssc (D = $0\output_index[31:0], Q = \output_index).
Adding EN signal on $procdff$15153 ($adff) from module snapshot_epoch_ssc (D = $0\packet_count[31:0], Q = \packet_count).
Adding EN signal on $procdff$15152 ($adff) from module snapshot_epoch_ssc (D = $0\snapshot_rejected[0:0], Q = \snapshot_rejected).
Adding EN signal on $procdff$15151 ($adff) from module snapshot_epoch_ssc (D = $0\snapshot_active[0:0], Q = \snapshot_active).

2.8.7. Executing OPT_CLEAN pass (remove unused cells and wires).
Finding unused cells or wires in module \snapshot_epoch_ssc..
Removed 198 unused cells and 198 unused wires.
<suppressed ~199 debug messages>

2.8.8. Executing OPT_EXPR pass (perform const folding).
Optimizing module snapshot_epoch_ssc.
<suppressed ~4 debug messages>

2.8.9. Rerunning OPT passes. (Maybe there is more to do..)

2.8.10. Executing OPT_MUXTREE pass (detect dead branches in mux trees).
Running muxtree optimizer on module \snapshot_epoch_ssc..
  Creating internal representation of mux trees.
  Evaluating internal representation of mux trees.
  Analyzing evaluation results.
Removed 0 multiplexer ports.
<suppressed ~415 debug messages>

2.8.11. Executing OPT_REDUCE pass (consolidate $*mux and $reduce_* inputs).
  Optimizing cells in module \snapshot_epoch_ssc.
Performed a total of 0 changes.

2.8.12. Executing OPT_MERGE pass (detect identical cells).
Finding identical cells in module `\snapshot_epoch_ssc'.
<suppressed ~423 debug messages>
Removed a total of 141 cells.

2.8.13. Executing OPT_DFF pass (perform DFF optimizations).

2.8.14. Executing OPT_CLEAN pass (remove unused cells and wires).
Finding unused cells or wires in module \snapshot_epoch_ssc..
Removed 0 unused cells and 141 unused wires.
<suppressed ~1 debug messages>

2.8.15. Executing OPT_EXPR pass (perform const folding).
Optimizing module snapshot_epoch_ssc.

2.8.16. Rerunning OPT passes. (Maybe there is more to do..)

2.8.17. Executing OPT_MUXTREE pass (detect dead branches in mux trees).
Running muxtree optimizer on module \snapshot_epoch_ssc..
  Creating internal representation of mux trees.
  Evaluating internal representation of mux trees.
  Analyzing evaluation results.
Removed 0 multiplexer ports.
<suppressed ~415 debug messages>

2.8.18. Executing OPT_REDUCE pass (consolidate $*mux and $reduce_* inputs).
  Optimizing cells in module \snapshot_epoch_ssc.
Performed a total of 0 changes.

2.8.19. Executing OPT_MERGE pass (detect identical cells).
Finding identical cells in module `\snapshot_epoch_ssc'.
Removed a total of 0 cells.

2.8.20. Executing OPT_DFF pass (perform DFF optimizations).

2.8.21. Executing OPT_CLEAN pass (remove unused cells and wires).
Finding unused cells or wires in module \snapshot_epoch_ssc..

2.8.22. Executing OPT_EXPR pass (perform const folding).
Optimizing module snapshot_epoch_ssc.

2.8.23. Finished OPT passes. (There is nothing left to do.)

2.9. Executing WREDUCE pass (reducing word size of cells).
Removed top 31 bits (of 32) from port A of cell snapshot_epoch_ssc.$lt$rtl/ssc/snapshot_epoch_ssc.sv:109$884 ($lt).
Removed top 30 bits (of 32) from port A of cell snapshot_epoch_ssc.$lt$rtl/ssc/snapshot_epoch_ssc.sv:109$893 ($lt).
Removed top 29 bits (of 32) from port A of cell snapshot_epoch_ssc.$lt$rtl/ssc/snapshot_epoch_ssc.sv:109$902 ($lt).
Removed top 29 bits (of 32) from port A of cell snapshot_epoch_ssc.$lt$rtl/ssc/snapshot_epoch_ssc.sv:109$911 ($lt).
Removed top 28 bits (of 32) from port A of cell snapshot_epoch_ssc.$lt$rtl/ssc/snapshot_epoch_ssc.sv:109$920 ($lt).
Removed top 28 bits (of 32) from port A of cell snapshot_epoch_ssc.$lt$rtl/ssc/snapshot_epoch_ssc.sv:109$929 ($lt).
Removed top 28 bits (of 32) from port A of cell snapshot_epoch_ssc.$lt$rtl/ssc/snapshot_epoch_ssc.sv:109$938 ($lt).
Removed top 28 bits (of 32) from port A of cell snapshot_epoch_ssc.$lt$rtl/ssc/snapshot_epoch_ssc.sv:109$947 ($lt).
Removed top 27 bits (of 32) from port B of cell snapshot_epoch_ssc.$ge$rtl/ssc/snapshot_epoch_ssc.sv:117$956 ($ge).
Removed top 30 bits (of 32) from port B of cell snapshot_epoch_ssc.$add$rtl/ssc/snapshot_epoch_ssc.sv:126$970 ($add).
Removed top 30 bits (of 32) from port B of cell snapshot_epoch_ssc.$add$rtl/ssc/snapshot_epoch_ssc.sv:172$1815 ($add).
Removed top 1 bits (of 4) from port B of cell snapshot_epoch_ssc.$auto$opt_dff.cc:195:make_patterns_logic$15929 ($ne).
Removed top 1 bits (of 3) from port B of cell snapshot_epoch_ssc.$auto$opt_dff.cc:195:make_patterns_logic$15945 ($ne).
Removed top 1 bits (of 3) from port B of cell snapshot_epoch_ssc.$procmux$15031_CMP0 ($eq).
Removed top 1 bits (of 3) from port B of cell snapshot_epoch_ssc.$procmux$15032_CMP0 ($eq).
Removed top 2 bits (of 3) from port B of cell snapshot_epoch_ssc.$procmux$15033_CMP0 ($eq).

2.10. Executing PEEPOPT pass (run peephole optimizers).

2.11. Executing OPT_CLEAN pass (remove unused cells and wires).
Finding unused cells or wires in module \snapshot_epoch_ssc..

2.12. Executing ALUMACC pass (create $alu and $macc cells).
Extracting $alu and $macc cells in module snapshot_epoch_ssc:
  creating $macc model for $add$rtl/ssc/snapshot_epoch_ssc.sv:126$970 ($add).
  creating $macc model for $add$rtl/ssc/snapshot_epoch_ssc.sv:172$1815 ($add).
  creating $alu model for $macc $add$rtl/ssc/snapshot_epoch_ssc.sv:172$1815.
  creating $alu model for $macc $add$rtl/ssc/snapshot_epoch_ssc.sv:126$970.
  creating $alu model for $ge$rtl/ssc/snapshot_epoch_ssc.sv:117$956 ($ge): new $alu
  creating $alu model for $ge$rtl/ssc/snapshot_epoch_ssc.sv:172$1816 ($ge): new $alu
  creating $alu model for $lt$rtl/ssc/snapshot_epoch_ssc.sv:109$884 ($lt): new $alu
  creating $alu model for $lt$rtl/ssc/snapshot_epoch_ssc.sv:109$893 ($lt): new $alu
  creating $alu model for $lt$rtl/ssc/snapshot_epoch_ssc.sv:109$902 ($lt): new $alu
  creating $alu model for $lt$rtl/ssc/snapshot_epoch_ssc.sv:109$911 ($lt): new $alu
  creating $alu model for $lt$rtl/ssc/snapshot_epoch_ssc.sv:109$920 ($lt): new $alu
  creating $alu model for $lt$rtl/ssc/snapshot_epoch_ssc.sv:109$929 ($lt): new $alu
  creating $alu model for $lt$rtl/ssc/snapshot_epoch_ssc.sv:109$938 ($lt): new $alu
  creating $alu model for $lt$rtl/ssc/snapshot_epoch_ssc.sv:109$947 ($lt): new $alu
  creating $alu model for $lt$rtl/ssc/snapshot_epoch_ssc.sv:64$1479 ($lt): new $alu
  creating $alu model for $lt$rtl/ssc/snapshot_epoch_ssc.sv:64$1491 ($lt): new $alu
  creating $alu model for $lt$rtl/ssc/snapshot_epoch_ssc.sv:64$1503 ($lt): new $alu
  creating $alu model for $lt$rtl/ssc/snapshot_epoch_ssc.sv:64$1515 ($lt): new $alu
  creating $alu model for $lt$rtl/ssc/snapshot_epoch_ssc.sv:64$1527 ($lt): new $alu
  creating $alu model for $lt$rtl/ssc/snapshot_epoch_ssc.sv:64$1539 ($lt): new $alu
  creating $alu model for $lt$rtl/ssc/snapshot_epoch_ssc.sv:64$1551 ($lt): new $alu
  creating $alu model for $lt$rtl/ssc/snapshot_epoch_ssc.sv:64$1563 ($lt): new $alu
  creating $alu model for $lt$rtl/ssc/snapshot_epoch_ssc.sv:64$1575 ($lt): new $alu
  creating $alu model for $lt$rtl/ssc/snapshot_epoch_ssc.sv:64$1587 ($lt): new $alu
  creating $alu model for $lt$rtl/ssc/snapshot_epoch_ssc.sv:64$1599 ($lt): new $alu
  creating $alu model for $lt$rtl/ssc/snapshot_epoch_ssc.sv:64$1611 ($lt): new $alu
  creating $alu model for $lt$rtl/ssc/snapshot_epoch_ssc.sv:64$1623 ($lt): new $alu
  creating $alu model for $lt$rtl/ssc/snapshot_epoch_ssc.sv:64$1635 ($lt): new $alu
  creating $alu model for $lt$rtl/ssc/snapshot_epoch_ssc.sv:64$1647 ($lt): new $alu
  creating $alu model for $lt$rtl/ssc/snapshot_epoch_ssc.sv:64$1659 ($lt): new $alu
  creating $alu model for $lt$rtl/ssc/snapshot_epoch_ssc.sv:64$1671 ($lt): new $alu
  creating $alu model for $lt$rtl/ssc/snapshot_epoch_ssc.sv:64$1683 ($lt): new $alu
  creating $alu model for $lt$rtl/ssc/snapshot_epoch_ssc.sv:64$1695 ($lt): new $alu
  creating $alu model for $lt$rtl/ssc/snapshot_epoch_ssc.sv:64$1707 ($lt): new $alu
  creating $alu model for $lt$rtl/ssc/snapshot_epoch_ssc.sv:64$1719 ($lt): new $alu
  creating $alu model for $lt$rtl/ssc/snapshot_epoch_ssc.sv:64$1731 ($lt): new $alu
  creating $alu model for $lt$rtl/ssc/snapshot_epoch_ssc.sv:64$1743 ($lt): new $alu
  creating $alu model for $lt$rtl/ssc/snapshot_epoch_ssc.sv:64$1755 ($lt): new $alu
  creating $alu model for $lt$rtl/ssc/snapshot_epoch_ssc.sv:64$1767 ($lt): new $alu
  creating $alu model for $lt$rtl/ssc/snapshot_epoch_ssc.sv:64$1779 ($lt): new $alu
  creating $alu model for $lt$rtl/ssc/snapshot_epoch_ssc.sv:64$1791 ($lt): new $alu
  creating $alu model for $lt$rtl/ssc/snapshot_epoch_ssc.sv:64$1803 ($lt): new $alu
  creating $alu model for $lt$rtl/ssc/snapshot_epoch_ssc.sv:66$1482 ($lt): new $alu
  creating $alu model for $lt$rtl/ssc/snapshot_epoch_ssc.sv:66$1494 ($lt): new $alu
  creating $alu model for $lt$rtl/ssc/snapshot_epoch_ssc.sv:66$1506 ($lt): new $alu
  creating $alu model for $lt$rtl/ssc/snapshot_epoch_ssc.sv:66$1518 ($lt): new $alu
  creating $alu model for $lt$rtl/ssc/snapshot_epoch_ssc.sv:66$1530 ($lt): new $alu
  creating $alu model for $lt$rtl/ssc/snapshot_epoch_ssc.sv:66$1542 ($lt): new $alu
  creating $alu model for $lt$rtl/ssc/snapshot_epoch_ssc.sv:66$1554 ($lt): new $alu
  creating $alu model for $lt$rtl/ssc/snapshot_epoch_ssc.sv:66$1566 ($lt): new $alu
  creating $alu model for $lt$rtl/ssc/snapshot_epoch_ssc.sv:66$1578 ($lt): new $alu
  creating $alu model for $lt$rtl/ssc/snapshot_epoch_ssc.sv:66$1590 ($lt): new $alu
  creating $alu model for $lt$rtl/ssc/snapshot_epoch_ssc.sv:66$1602 ($lt): new $alu
  creating $alu model for $lt$rtl/ssc/snapshot_epoch_ssc.sv:66$1614 ($lt): new $alu
  creating $alu model for $lt$rtl/ssc/snapshot_epoch_ssc.sv:66$1626 ($lt): new $alu
  creating $alu model for $lt$rtl/ssc/snapshot_epoch_ssc.sv:66$1638 ($lt): new $alu
  creating $alu model for $lt$rtl/ssc/snapshot_epoch_ssc.sv:66$1650 ($lt): new $alu
  creating $alu model for $lt$rtl/ssc/snapshot_epoch_ssc.sv:66$1662 ($lt): new $alu
  creating $alu model for $lt$rtl/ssc/snapshot_epoch_ssc.sv:66$1674 ($lt): new $alu
  creating $alu model for $lt$rtl/ssc/snapshot_epoch_ssc.sv:66$1686 ($lt): new $alu
  creating $alu model for $lt$rtl/ssc/snapshot_epoch_ssc.sv:66$1698 ($lt): new $alu
  creating $alu model for $lt$rtl/ssc/snapshot_epoch_ssc.sv:66$1710 ($lt): new $alu
  creating $alu model for $lt$rtl/ssc/snapshot_epoch_ssc.sv:66$1722 ($lt): new $alu
  creating $alu model for $lt$rtl/ssc/snapshot_epoch_ssc.sv:66$1734 ($lt): new $alu
  creating $alu model for $lt$rtl/ssc/snapshot_epoch_ssc.sv:66$1746 ($lt): new $alu
  creating $alu model for $lt$rtl/ssc/snapshot_epoch_ssc.sv:66$1758 ($lt): new $alu
  creating $alu model for $lt$rtl/ssc/snapshot_epoch_ssc.sv:66$1770 ($lt): new $alu
  creating $alu model for $lt$rtl/ssc/snapshot_epoch_ssc.sv:66$1782 ($lt): new $alu
  creating $alu model for $lt$rtl/ssc/snapshot_epoch_ssc.sv:66$1794 ($lt): new $alu
  creating $alu model for $lt$rtl/ssc/snapshot_epoch_ssc.sv:66$1806 ($lt): new $alu
  creating $alu model for $lt$rtl/ssc/snapshot_epoch_ssc.sv:68$1485 ($lt): new $alu
  creating $alu model for $lt$rtl/ssc/snapshot_epoch_ssc.sv:68$1497 ($lt): new $alu
  creating $alu model for $lt$rtl/ssc/snapshot_epoch_ssc.sv:68$1509 ($lt): new $alu
  creating $alu model for $lt$rtl/ssc/snapshot_epoch_ssc.sv:68$1521 ($lt): new $alu
  creating $alu model for $lt$rtl/ssc/snapshot_epoch_ssc.sv:68$1533 ($lt): new $alu
  creating $alu model for $lt$rtl/ssc/snapshot_epoch_ssc.sv:68$1545 ($lt): new $alu
  creating $alu model for $lt$rtl/ssc/snapshot_epoch_ssc.sv:68$1557 ($lt): new $alu
  creating $alu model for $lt$rtl/ssc/snapshot_epoch_ssc.sv:68$1569 ($lt): new $alu
  creating $alu model for $lt$rtl/ssc/snapshot_epoch_ssc.sv:68$1581 ($lt): new $alu
  creating $alu model for $lt$rtl/ssc/snapshot_epoch_ssc.sv:68$1593 ($lt): new $alu
  creating $alu model for $lt$rtl/ssc/snapshot_epoch_ssc.sv:68$1605 ($lt): new $alu
  creating $alu model for $lt$rtl/ssc/snapshot_epoch_ssc.sv:68$1617 ($lt): new $alu
  creating $alu model for $lt$rtl/ssc/snapshot_epoch_ssc.sv:68$1629 ($lt): new $alu
  creating $alu model for $lt$rtl/ssc/snapshot_epoch_ssc.sv:68$1641 ($lt): new $alu
  creating $alu model for $lt$rtl/ssc/snapshot_epoch_ssc.sv:68$1653 ($lt): new $alu
  creating $alu model for $lt$rtl/ssc/snapshot_epoch_ssc.sv:68$1665 ($lt): new $alu
  creating $alu model for $lt$rtl/ssc/snapshot_epoch_ssc.sv:68$1677 ($lt): new $alu
  creating $alu model for $lt$rtl/ssc/snapshot_epoch_ssc.sv:68$1689 ($lt): new $alu
  creating $alu model for $lt$rtl/ssc/snapshot_epoch_ssc.sv:68$1701 ($lt): new $alu
  creating $alu model for $lt$rtl/ssc/snapshot_epoch_ssc.sv:68$1713 ($lt): new $alu
  creating $alu model for $lt$rtl/ssc/snapshot_epoch_ssc.sv:68$1725 ($lt): new $alu
  creating $alu model for $lt$rtl/ssc/snapshot_epoch_ssc.sv:68$1737 ($lt): new $alu
  creating $alu model for $lt$rtl/ssc/snapshot_epoch_ssc.sv:68$1749 ($lt): new $alu
  creating $alu model for $lt$rtl/ssc/snapshot_epoch_ssc.sv:68$1761 ($lt): new $alu
  creating $alu model for $lt$rtl/ssc/snapshot_epoch_ssc.sv:68$1773 ($lt): new $alu
  creating $alu model for $lt$rtl/ssc/snapshot_epoch_ssc.sv:68$1785 ($lt): new $alu
  creating $alu model for $lt$rtl/ssc/snapshot_epoch_ssc.sv:68$1797 ($lt): new $alu
  creating $alu model for $lt$rtl/ssc/snapshot_epoch_ssc.sv:68$1809 ($lt): new $alu
  creating $alu model for $lt$rtl/ssc/snapshot_epoch_ssc.sv:70$1486 ($lt): new $alu
  creating $alu model for $lt$rtl/ssc/snapshot_epoch_ssc.sv:70$1498 ($lt): new $alu
  creating $alu model for $lt$rtl/ssc/snapshot_epoch_ssc.sv:70$1510 ($lt): new $alu
  creating $alu model for $lt$rtl/ssc/snapshot_epoch_ssc.sv:70$1522 ($lt): new $alu
  creating $alu model for $lt$rtl/ssc/snapshot_epoch_ssc.sv:70$1534 ($lt): new $alu
  creating $alu model for $lt$rtl/ssc/snapshot_epoch_ssc.sv:70$1546 ($lt): new $alu
  creating $alu model for $lt$rtl/ssc/snapshot_epoch_ssc.sv:70$1558 ($lt): new $alu
  creating $alu model for $lt$rtl/ssc/snapshot_epoch_ssc.sv:70$1570 ($lt): new $alu
  creating $alu model for $lt$rtl/ssc/snapshot_epoch_ssc.sv:70$1582 ($lt): new $alu
  creating $alu model for $lt$rtl/ssc/snapshot_epoch_ssc.sv:70$1594 ($lt): new $alu
  creating $alu model for $lt$rtl/ssc/snapshot_epoch_ssc.sv:70$1606 ($lt): new $alu
  creating $alu model for $lt$rtl/ssc/snapshot_epoch_ssc.sv:70$1618 ($lt): new $alu
  creating $alu model for $lt$rtl/ssc/snapshot_epoch_ssc.sv:70$1630 ($lt): new $alu
  creating $alu model for $lt$rtl/ssc/snapshot_epoch_ssc.sv:70$1642 ($lt): new $alu
  creating $alu model for $lt$rtl/ssc/snapshot_epoch_ssc.sv:70$1654 ($lt): new $alu
  creating $alu model for $lt$rtl/ssc/snapshot_epoch_ssc.sv:70$1666 ($lt): new $alu
  creating $alu model for $lt$rtl/ssc/snapshot_epoch_ssc.sv:70$1678 ($lt): new $alu
  creating $alu model for $lt$rtl/ssc/snapshot_epoch_ssc.sv:70$1690 ($lt): new $alu
  creating $alu model for $lt$rtl/ssc/snapshot_epoch_ssc.sv:70$1702 ($lt): new $alu
  creating $alu model for $lt$rtl/ssc/snapshot_epoch_ssc.sv:70$1714 ($lt): new $alu
  creating $alu model for $lt$rtl/ssc/snapshot_epoch_ssc.sv:70$1726 ($lt): new $alu
  creating $alu model for $lt$rtl/ssc/snapshot_epoch_ssc.sv:70$1738 ($lt): new $alu
  creating $alu model for $lt$rtl/ssc/snapshot_epoch_ssc.sv:70$1750 ($lt): new $alu
  creating $alu model for $lt$rtl/ssc/snapshot_epoch_ssc.sv:70$1762 ($lt): new $alu
  creating $alu model for $lt$rtl/ssc/snapshot_epoch_ssc.sv:70$1774 ($lt): new $alu
  creating $alu model for $lt$rtl/ssc/snapshot_epoch_ssc.sv:70$1786 ($lt): new $alu
  creating $alu model for $lt$rtl/ssc/snapshot_epoch_ssc.sv:70$1798 ($lt): new $alu
  creating $alu model for $lt$rtl/ssc/snapshot_epoch_ssc.sv:70$1810 ($lt): new $alu
  creating $alu model for $ne$rtl/ssc/snapshot_epoch_ssc.sv:63$1477 ($ne): merged with $lt$rtl/ssc/snapshot_epoch_ssc.sv:64$1479.
  creating $alu model for $ne$rtl/ssc/snapshot_epoch_ssc.sv:63$1489 ($ne): merged with $lt$rtl/ssc/snapshot_epoch_ssc.sv:64$1491.
  creating $alu model for $ne$rtl/ssc/snapshot_epoch_ssc.sv:63$1501 ($ne): merged with $lt$rtl/ssc/snapshot_epoch_ssc.sv:64$1503.
  creating $alu model for $ne$rtl/ssc/snapshot_epoch_ssc.sv:63$1513 ($ne): merged with $lt$rtl/ssc/snapshot_epoch_ssc.sv:64$1515.
  creating $alu model for $ne$rtl/ssc/snapshot_epoch_ssc.sv:63$1525 ($ne): merged with $lt$rtl/ssc/snapshot_epoch_ssc.sv:64$1527.
  creating $alu model for $ne$rtl/ssc/snapshot_epoch_ssc.sv:63$1537 ($ne): merged with $lt$rtl/ssc/snapshot_epoch_ssc.sv:64$1539.
  creating $alu model for $ne$rtl/ssc/snapshot_epoch_ssc.sv:63$1549 ($ne): merged with $lt$rtl/ssc/snapshot_epoch_ssc.sv:64$1551.
  creating $alu model for $ne$rtl/ssc/snapshot_epoch_ssc.sv:63$1561 ($ne): merged with $lt$rtl/ssc/snapshot_epoch_ssc.sv:64$1563.
  creating $alu model for $ne$rtl/ssc/snapshot_epoch_ssc.sv:63$1573 ($ne): merged with $lt$rtl/ssc/snapshot_epoch_ssc.sv:64$1575.
  creating $alu model for $ne$rtl/ssc/snapshot_epoch_ssc.sv:63$1585 ($ne): merged with $lt$rtl/ssc/snapshot_epoch_ssc.sv:64$1587.
  creating $alu model for $ne$rtl/ssc/snapshot_epoch_ssc.sv:63$1597 ($ne): merged with $lt$rtl/ssc/snapshot_epoch_ssc.sv:64$1599.
  creating $alu model for $ne$rtl/ssc/snapshot_epoch_ssc.sv:63$1609 ($ne): merged with $lt$rtl/ssc/snapshot_epoch_ssc.sv:64$1611.
  creating $alu model for $ne$rtl/ssc/snapshot_epoch_ssc.sv:63$1621 ($ne): merged with $lt$rtl/ssc/snapshot_epoch_ssc.sv:64$1623.
  creating $alu model for $ne$rtl/ssc/snapshot_epoch_ssc.sv:63$1633 ($ne): merged with $lt$rtl/ssc/snapshot_epoch_ssc.sv:64$1635.
  creating $alu model for $ne$rtl/ssc/snapshot_epoch_ssc.sv:63$1645 ($ne): merged with $lt$rtl/ssc/snapshot_epoch_ssc.sv:64$1647.
  creating $alu model for $ne$rtl/ssc/snapshot_epoch_ssc.sv:63$1657 ($ne): merged with $lt$rtl/ssc/snapshot_epoch_ssc.sv:64$1659.
  creating $alu model for $ne$rtl/ssc/snapshot_epoch_ssc.sv:63$1669 ($ne): merged with $lt$rtl/ssc/snapshot_epoch_ssc.sv:64$1671.
  creating $alu model for $ne$rtl/ssc/snapshot_epoch_ssc.sv:63$1681 ($ne): merged with $lt$rtl/ssc/snapshot_epoch_ssc.sv:64$1683.
  creating $alu model for $ne$rtl/ssc/snapshot_epoch_ssc.sv:63$1693 ($ne): merged with $lt$rtl/ssc/snapshot_epoch_ssc.sv:64$1695.
  creating $alu model for $ne$rtl/ssc/snapshot_epoch_ssc.sv:63$1705 ($ne): merged with $lt$rtl/ssc/snapshot_epoch_ssc.sv:64$1707.
  creating $alu model for $ne$rtl/ssc/snapshot_epoch_ssc.sv:63$1717 ($ne): merged with $lt$rtl/ssc/snapshot_epoch_ssc.sv:64$1719.
  creating $alu model for $ne$rtl/ssc/snapshot_epoch_ssc.sv:63$1729 ($ne): merged with $lt$rtl/ssc/snapshot_epoch_ssc.sv:64$1731.
  creating $alu model for $ne$rtl/ssc/snapshot_epoch_ssc.sv:63$1741 ($ne): merged with $lt$rtl/ssc/snapshot_epoch_ssc.sv:64$1743.
  creating $alu model for $ne$rtl/ssc/snapshot_epoch_ssc.sv:63$1753 ($ne): merged with $lt$rtl/ssc/snapshot_epoch_ssc.sv:64$1755.
  creating $alu model for $ne$rtl/ssc/snapshot_epoch_ssc.sv:63$1765 ($ne): merged with $lt$rtl/ssc/snapshot_epoch_ssc.sv:64$1767.
  creating $alu model for $ne$rtl/ssc/snapshot_epoch_ssc.sv:63$1777 ($ne): merged with $lt$rtl/ssc/snapshot_epoch_ssc.sv:64$1779.
  creating $alu model for $ne$rtl/ssc/snapshot_epoch_ssc.sv:63$1789 ($ne): merged with $lt$rtl/ssc/snapshot_epoch_ssc.sv:64$1791.
  creating $alu model for $ne$rtl/ssc/snapshot_epoch_ssc.sv:63$1801 ($ne): merged with $lt$rtl/ssc/snapshot_epoch_ssc.sv:64$1803.
  creating $alu model for $ne$rtl/ssc/snapshot_epoch_ssc.sv:65$1480 ($ne): merged with $lt$rtl/ssc/snapshot_epoch_ssc.sv:66$1482.
  creating $alu model for $ne$rtl/ssc/snapshot_epoch_ssc.sv:65$1492 ($ne): merged with $lt$rtl/ssc/snapshot_epoch_ssc.sv:66$1494.
  creating $alu model for $ne$rtl/ssc/snapshot_epoch_ssc.sv:65$1504 ($ne): merged with $lt$rtl/ssc/snapshot_epoch_ssc.sv:66$1506.
  creating $alu model for $ne$rtl/ssc/snapshot_epoch_ssc.sv:65$1516 ($ne): merged with $lt$rtl/ssc/snapshot_epoch_ssc.sv:66$1518.
  creating $alu model for $ne$rtl/ssc/snapshot_epoch_ssc.sv:65$1528 ($ne): merged with $lt$rtl/ssc/snapshot_epoch_ssc.sv:66$1530.
  creating $alu model for $ne$rtl/ssc/snapshot_epoch_ssc.sv:65$1540 ($ne): merged with $lt$rtl/ssc/snapshot_epoch_ssc.sv:66$1542.
  creating $alu model for $ne$rtl/ssc/snapshot_epoch_ssc.sv:65$1552 ($ne): merged with $lt$rtl/ssc/snapshot_epoch_ssc.sv:66$1554.
  creating $alu model for $ne$rtl/ssc/snapshot_epoch_ssc.sv:65$1564 ($ne): merged with $lt$rtl/ssc/snapshot_epoch_ssc.sv:66$1566.
  creating $alu model for $ne$rtl/ssc/snapshot_epoch_ssc.sv:65$1576 ($ne): merged with $lt$rtl/ssc/snapshot_epoch_ssc.sv:66$1578.
  creating $alu model for $ne$rtl/ssc/snapshot_epoch_ssc.sv:65$1588 ($ne): merged with $lt$rtl/ssc/snapshot_epoch_ssc.sv:66$1590.
  creating $alu model for $ne$rtl/ssc/snapshot_epoch_ssc.sv:65$1600 ($ne): merged with $lt$rtl/ssc/snapshot_epoch_ssc.sv:66$1602.
  creating $alu model for $ne$rtl/ssc/snapshot_epoch_ssc.sv:65$1612 ($ne): merged with $lt$rtl/ssc/snapshot_epoch_ssc.sv:66$1614.
  creating $alu model for $ne$rtl/ssc/snapshot_epoch_ssc.sv:65$1624 ($ne): merged with $lt$rtl/ssc/snapshot_epoch_ssc.sv:66$1626.
  creating $alu model for $ne$rtl/ssc/snapshot_epoch_ssc.sv:65$1636 ($ne): merged with $lt$rtl/ssc/snapshot_epoch_ssc.sv:66$1638.
  creating $alu model for $ne$rtl/ssc/snapshot_epoch_ssc.sv:65$1648 ($ne): merged with $lt$rtl/ssc/snapshot_epoch_ssc.sv:66$1650.
  creating $alu model for $ne$rtl/ssc/snapshot_epoch_ssc.sv:65$1660 ($ne): merged with $lt$rtl/ssc/snapshot_epoch_ssc.sv:66$1662.
  creating $alu model for $ne$rtl/ssc/snapshot_epoch_ssc.sv:65$1672 ($ne): merged with $lt$rtl/ssc/snapshot_epoch_ssc.sv:66$1674.
  creating $alu model for $ne$rtl/ssc/snapshot_epoch_ssc.sv:65$1684 ($ne): merged with $lt$rtl/ssc/snapshot_epoch_ssc.sv:66$1686.
  creating $alu model for $ne$rtl/ssc/snapshot_epoch_ssc.sv:65$1696 ($ne): merged with $lt$rtl/ssc/snapshot_epoch_ssc.sv:66$1698.
  creating $alu model for $ne$rtl/ssc/snapshot_epoch_ssc.sv:65$1708 ($ne): merged with $lt$rtl/ssc/snapshot_epoch_ssc.sv:66$1710.
  creating $alu model for $ne$rtl/ssc/snapshot_epoch_ssc.sv:65$1720 ($ne): merged with $lt$rtl/ssc/snapshot_epoch_ssc.sv:66$1722.
  creating $alu model for $ne$rtl/ssc/snapshot_epoch_ssc.sv:65$1732 ($ne): merged with $lt$rtl/ssc/snapshot_epoch_ssc.sv:66$1734.
  creating $alu model for $ne$rtl/ssc/snapshot_epoch_ssc.sv:65$1744 ($ne): merged with $lt$rtl/ssc/snapshot_epoch_ssc.sv:66$1746.
  creating $alu model for $ne$rtl/ssc/snapshot_epoch_ssc.sv:65$1756 ($ne): merged with $lt$rtl/ssc/snapshot_epoch_ssc.sv:66$1758.
  creating $alu model for $ne$rtl/ssc/snapshot_epoch_ssc.sv:65$1768 ($ne): merged with $lt$rtl/ssc/snapshot_epoch_ssc.sv:66$1770.
  creating $alu model for $ne$rtl/ssc/snapshot_epoch_ssc.sv:65$1780 ($ne): merged with $lt$rtl/ssc/snapshot_epoch_ssc.sv:66$1782.
  creating $alu model for $ne$rtl/ssc/snapshot_epoch_ssc.sv:65$1792 ($ne): merged with $lt$rtl/ssc/snapshot_epoch_ssc.sv:66$1794.
  creating $alu model for $ne$rtl/ssc/snapshot_epoch_ssc.sv:65$1804 ($ne): merged with $lt$rtl/ssc/snapshot_epoch_ssc.sv:66$1806.
  creating $alu model for $ne$rtl/ssc/snapshot_epoch_ssc.sv:67$1483 ($ne): merged with $lt$rtl/ssc/snapshot_epoch_ssc.sv:68$1485.
  creating $alu model for $ne$rtl/ssc/snapshot_epoch_ssc.sv:67$1495 ($ne): merged with $lt$rtl/ssc/snapshot_epoch_ssc.sv:68$1497.
  creating $alu model for $ne$rtl/ssc/snapshot_epoch_ssc.sv:67$1507 ($ne): merged with $lt$rtl/ssc/snapshot_epoch_ssc.sv:68$1509.
  creating $alu model for $ne$rtl/ssc/snapshot_epoch_ssc.sv:67$1519 ($ne): merged with $lt$rtl/ssc/snapshot_epoch_ssc.sv:68$1521.
  creating $alu model for $ne$rtl/ssc/snapshot_epoch_ssc.sv:67$1531 ($ne): merged with $lt$rtl/ssc/snapshot_epoch_ssc.sv:68$1533.
  creating $alu model for $ne$rtl/ssc/snapshot_epoch_ssc.sv:67$1543 ($ne): merged with $lt$rtl/ssc/snapshot_epoch_ssc.sv:68$1545.
  creating $alu model for $ne$rtl/ssc/snapshot_epoch_ssc.sv:67$1555 ($ne): merged with $lt$rtl/ssc/snapshot_epoch_ssc.sv:68$1557.
  creating $alu model for $ne$rtl/ssc/snapshot_epoch_ssc.sv:67$1567 ($ne): merged with $lt$rtl/ssc/snapshot_epoch_ssc.sv:68$1569.
  creating $alu model for $ne$rtl/ssc/snapshot_epoch_ssc.sv:67$1579 ($ne): merged with $lt$rtl/ssc/snapshot_epoch_ssc.sv:68$1581.
  creating $alu model for $ne$rtl/ssc/snapshot_epoch_ssc.sv:67$1591 ($ne): merged with $lt$rtl/ssc/snapshot_epoch_ssc.sv:68$1593.
  creating $alu model for $ne$rtl/ssc/snapshot_epoch_ssc.sv:67$1603 ($ne): merged with $lt$rtl/ssc/snapshot_epoch_ssc.sv:68$1605.
  creating $alu model for $ne$rtl/ssc/snapshot_epoch_ssc.sv:67$1615 ($ne): merged with $lt$rtl/ssc/snapshot_epoch_ssc.sv:68$1617.
  creating $alu model for $ne$rtl/ssc/snapshot_epoch_ssc.sv:67$1627 ($ne): merged with $lt$rtl/ssc/snapshot_epoch_ssc.sv:68$1629.
  creating $alu model for $ne$rtl/ssc/snapshot_epoch_ssc.sv:67$1639 ($ne): merged with $lt$rtl/ssc/snapshot_epoch_ssc.sv:68$1641.
  creating $alu model for $ne$rtl/ssc/snapshot_epoch_ssc.sv:67$1651 ($ne): merged with $lt$rtl/ssc/snapshot_epoch_ssc.sv:68$1653.
  creating $alu model for $ne$rtl/ssc/snapshot_epoch_ssc.sv:67$1663 ($ne): merged with $lt$rtl/ssc/snapshot_epoch_ssc.sv:68$1665.
  creating $alu model for $ne$rtl/ssc/snapshot_epoch_ssc.sv:67$1675 ($ne): merged with $lt$rtl/ssc/snapshot_epoch_ssc.sv:68$1677.
  creating $alu model for $ne$rtl/ssc/snapshot_epoch_ssc.sv:67$1687 ($ne): merged with $lt$rtl/ssc/snapshot_epoch_ssc.sv:68$1689.
  creating $alu model for $ne$rtl/ssc/snapshot_epoch_ssc.sv:67$1699 ($ne): merged with $lt$rtl/ssc/snapshot_epoch_ssc.sv:68$1701.
  creating $alu model for $ne$rtl/ssc/snapshot_epoch_ssc.sv:67$1711 ($ne): merged with $lt$rtl/ssc/snapshot_epoch_ssc.sv:68$1713.
  creating $alu model for $ne$rtl/ssc/snapshot_epoch_ssc.sv:67$1723 ($ne): merged with $lt$rtl/ssc/snapshot_epoch_ssc.sv:68$1725.
  creating $alu model for $ne$rtl/ssc/snapshot_epoch_ssc.sv:67$1735 ($ne): merged with $lt$rtl/ssc/snapshot_epoch_ssc.sv:68$1737.
  creating $alu model for $ne$rtl/ssc/snapshot_epoch_ssc.sv:67$1747 ($ne): merged with $lt$rtl/ssc/snapshot_epoch_ssc.sv:68$1749.
  creating $alu model for $ne$rtl/ssc/snapshot_epoch_ssc.sv:67$1759 ($ne): merged with $lt$rtl/ssc/snapshot_epoch_ssc.sv:68$1761.
  creating $alu model for $ne$rtl/ssc/snapshot_epoch_ssc.sv:67$1771 ($ne): merged with $lt$rtl/ssc/snapshot_epoch_ssc.sv:68$1773.
  creating $alu model for $ne$rtl/ssc/snapshot_epoch_ssc.sv:67$1783 ($ne): merged with $lt$rtl/ssc/snapshot_epoch_ssc.sv:68$1785.
  creating $alu model for $ne$rtl/ssc/snapshot_epoch_ssc.sv:67$1795 ($ne): merged with $lt$rtl/ssc/snapshot_epoch_ssc.sv:68$1797.
  creating $alu model for $ne$rtl/ssc/snapshot_epoch_ssc.sv:67$1807 ($ne): merged with $lt$rtl/ssc/snapshot_epoch_ssc.sv:68$1809.
  creating $alu cell for $lt$rtl/ssc/snapshot_epoch_ssc.sv:70$1810: $auto$alumacc.cc:485:replace_alu$16073
  creating $alu cell for $lt$rtl/ssc/snapshot_epoch_ssc.sv:70$1798: $auto$alumacc.cc:485:replace_alu$16078
  creating $alu cell for $lt$rtl/ssc/snapshot_epoch_ssc.sv:70$1786: $auto$alumacc.cc:485:replace_alu$16089
  creating $alu cell for $lt$rtl/ssc/snapshot_epoch_ssc.sv:70$1774: $auto$alumacc.cc:485:replace_alu$16094
  creating $alu cell for $lt$rtl/ssc/snapshot_epoch_ssc.sv:70$1762: $auto$alumacc.cc:485:replace_alu$16099
  creating $alu cell for $lt$rtl/ssc/snapshot_epoch_ssc.sv:70$1750: $auto$alumacc.cc:485:replace_alu$16104
  creating $alu cell for $lt$rtl/ssc/snapshot_epoch_ssc.sv:70$1738: $auto$alumacc.cc:485:replace_alu$16109
  creating $alu cell for $lt$rtl/ssc/snapshot_epoch_ssc.sv:70$1726: $auto$alumacc.cc:485:replace_alu$16120
  creating $alu cell for $lt$rtl/ssc/snapshot_epoch_ssc.sv:70$1714: $auto$alumacc.cc:485:replace_alu$16131
  creating $alu cell for $lt$rtl/ssc/snapshot_epoch_ssc.sv:70$1702: $auto$alumacc.cc:485:replace_alu$16142
  creating $alu cell for $lt$rtl/ssc/snapshot_epoch_ssc.sv:70$1690: $auto$alumacc.cc:485:replace_alu$16153
  creating $alu cell for $lt$rtl/ssc/snapshot_epoch_ssc.sv:70$1678: $auto$alumacc.cc:485:replace_alu$16164
  creating $alu cell for $lt$rtl/ssc/snapshot_epoch_ssc.sv:70$1666: $auto$alumacc.cc:485:replace_alu$16175
  creating $alu cell for $lt$rtl/ssc/snapshot_epoch_ssc.sv:70$1654: $auto$alumacc.cc:485:replace_alu$16186
  creating $alu cell for $lt$rtl/ssc/snapshot_epoch_ssc.sv:70$1642: $auto$alumacc.cc:485:replace_alu$16197
  creating $alu cell for $lt$rtl/ssc/snapshot_epoch_ssc.sv:70$1630: $auto$alumacc.cc:485:replace_alu$16208
  creating $alu cell for $lt$rtl/ssc/snapshot_epoch_ssc.sv:70$1618: $auto$alumacc.cc:485:replace_alu$16219
  creating $alu cell for $lt$rtl/ssc/snapshot_epoch_ssc.sv:70$1606: $auto$alumacc.cc:485:replace_alu$16230
  creating $alu cell for $lt$rtl/ssc/snapshot_epoch_ssc.sv:70$1594: $auto$alumacc.cc:485:replace_alu$16241
  creating $alu cell for $lt$rtl/ssc/snapshot_epoch_ssc.sv:70$1582: $auto$alumacc.cc:485:replace_alu$16252
  creating $alu cell for $lt$rtl/ssc/snapshot_epoch_ssc.sv:70$1570: $auto$alumacc.cc:485:replace_alu$16263
  creating $alu cell for $lt$rtl/ssc/snapshot_epoch_ssc.sv:70$1558: $auto$alumacc.cc:485:replace_alu$16274
  creating $alu cell for $lt$rtl/ssc/snapshot_epoch_ssc.sv:70$1546: $auto$alumacc.cc:485:replace_alu$16279
  creating $alu cell for $lt$rtl/ssc/snapshot_epoch_ssc.sv:70$1534: $auto$alumacc.cc:485:replace_alu$16284
  creating $alu cell for $lt$rtl/ssc/snapshot_epoch_ssc.sv:70$1522: $auto$alumacc.cc:485:replace_alu$16289
  creating $alu cell for $lt$rtl/ssc/snapshot_epoch_ssc.sv:70$1510: $auto$alumacc.cc:485:replace_alu$16294
  creating $alu cell for $lt$rtl/ssc/snapshot_epoch_ssc.sv:70$1498: $auto$alumacc.cc:485:replace_alu$16299
  creating $alu cell for $lt$rtl/ssc/snapshot_epoch_ssc.sv:70$1486: $auto$alumacc.cc:485:replace_alu$16304
  creating $alu cell for $lt$rtl/ssc/snapshot_epoch_ssc.sv:68$1809, $ne$rtl/ssc/snapshot_epoch_ssc.sv:67$1807: $auto$alumacc.cc:485:replace_alu$16309
  creating $alu cell for $lt$rtl/ssc/snapshot_epoch_ssc.sv:68$1797, $ne$rtl/ssc/snapshot_epoch_ssc.sv:67$1795: $auto$alumacc.cc:485:replace_alu$16318
  creating $alu cell for $lt$rtl/ssc/snapshot_epoch_ssc.sv:68$1785, $ne$rtl/ssc/snapshot_epoch_ssc.sv:67$1783: $auto$alumacc.cc:485:replace_alu$16331
  creating $alu cell for $lt$rtl/ssc/snapshot_epoch_ssc.sv:68$1773, $ne$rtl/ssc/snapshot_epoch_ssc.sv:67$1771: $auto$alumacc.cc:485:replace_alu$16340
  creating $alu cell for $lt$rtl/ssc/snapshot_epoch_ssc.sv:68$1761, $ne$rtl/ssc/snapshot_epoch_ssc.sv:67$1759: $auto$alumacc.cc:485:replace_alu$16349
  creating $alu cell for $lt$rtl/ssc/snapshot_epoch_ssc.sv:68$1749, $ne$rtl/ssc/snapshot_epoch_ssc.sv:67$1747: $auto$alumacc.cc:485:replace_alu$16358
  creating $alu cell for $lt$rtl/ssc/snapshot_epoch_ssc.sv:68$1737, $ne$rtl/ssc/snapshot_epoch_ssc.sv:67$1735: $auto$alumacc.cc:485:replace_alu$16367
  creating $alu cell for $lt$rtl/ssc/snapshot_epoch_ssc.sv:68$1725, $ne$rtl/ssc/snapshot_epoch_ssc.sv:67$1723: $auto$alumacc.cc:485:replace_alu$16380
  creating $alu cell for $lt$rtl/ssc/snapshot_epoch_ssc.sv:68$1713, $ne$rtl/ssc/snapshot_epoch_ssc.sv:67$1711: $auto$alumacc.cc:485:replace_alu$16393
  creating $alu cell for $lt$rtl/ssc/snapshot_epoch_ssc.sv:68$1701, $ne$rtl/ssc/snapshot_epoch_ssc.sv:67$1699: $auto$alumacc.cc:485:replace_alu$16406
  creating $alu cell for $lt$rtl/ssc/snapshot_epoch_ssc.sv:68$1689, $ne$rtl/ssc/snapshot_epoch_ssc.sv:67$1687: $auto$alumacc.cc:485:replace_alu$16419
  creating $alu cell for $lt$rtl/ssc/snapshot_epoch_ssc.sv:68$1677, $ne$rtl/ssc/snapshot_epoch_ssc.sv:67$1675: $auto$alumacc.cc:485:replace_alu$16432
  creating $alu cell for $lt$rtl/ssc/snapshot_epoch_ssc.sv:68$1665, $ne$rtl/ssc/snapshot_epoch_ssc.sv:67$1663: $auto$alumacc.cc:485:replace_alu$16445
  creating $alu cell for $lt$rtl/ssc/snapshot_epoch_ssc.sv:68$1653, $ne$rtl/ssc/snapshot_epoch_ssc.sv:67$1651: $auto$alumacc.cc:485:replace_alu$16458
  creating $alu cell for $lt$rtl/ssc/snapshot_epoch_ssc.sv:68$1641, $ne$rtl/ssc/snapshot_epoch_ssc.sv:67$1639: $auto$alumacc.cc:485:replace_alu$16471
  creating $alu cell for $lt$rtl/ssc/snapshot_epoch_ssc.sv:68$1629, $ne$rtl/ssc/snapshot_epoch_ssc.sv:67$1627: $auto$alumacc.cc:485:replace_alu$16484
  creating $alu cell for $lt$rtl/ssc/snapshot_epoch_ssc.sv:68$1617, $ne$rtl/ssc/snapshot_epoch_ssc.sv:67$1615: $auto$alumacc.cc:485:replace_alu$16497
  creating $alu cell for $lt$rtl/ssc/snapshot_epoch_ssc.sv:68$1605, $ne$rtl/ssc/snapshot_epoch_ssc.sv:67$1603: $auto$alumacc.cc:485:replace_alu$16510
  creating $alu cell for $lt$rtl/ssc/snapshot_epoch_ssc.sv:68$1593, $ne$rtl/ssc/snapshot_epoch_ssc.sv:67$1591: $auto$alumacc.cc:485:replace_alu$16523
  creating $alu cell for $lt$rtl/ssc/snapshot_epoch_ssc.sv:68$1581, $ne$rtl/ssc/snapshot_epoch_ssc.sv:67$1579: $auto$alumacc.cc:485:replace_alu$16536
  creating $alu cell for $lt$rtl/ssc/snapshot_epoch_ssc.sv:68$1569, $ne$rtl/ssc/snapshot_epoch_ssc.sv:67$1567: $auto$alumacc.cc:485:replace_alu$16549
  creating $alu cell for $lt$rtl/ssc/snapshot_epoch_ssc.sv:68$1557, $ne$rtl/ssc/snapshot_epoch_ssc.sv:67$1555: $auto$alumacc.cc:485:replace_alu$16562
  creating $alu cell for $lt$rtl/ssc/snapshot_epoch_ssc.sv:68$1545, $ne$rtl/ssc/snapshot_epoch_ssc.sv:67$1543: $auto$alumacc.cc:485:replace_alu$16571
  creating $alu cell for $lt$rtl/ssc/snapshot_epoch_ssc.sv:68$1533, $ne$rtl/ssc/snapshot_epoch_ssc.sv:67$1531: $auto$alumacc.cc:485:replace_alu$16580
  creating $alu cell for $lt$rtl/ssc/snapshot_epoch_ssc.sv:68$1521, $ne$rtl/ssc/snapshot_epoch_ssc.sv:67$1519: $auto$alumacc.cc:485:replace_alu$16589
  creating $alu cell for $lt$rtl/ssc/snapshot_epoch_ssc.sv:68$1509, $ne$rtl/ssc/snapshot_epoch_ssc.sv:67$1507: $auto$alumacc.cc:485:replace_alu$16598
  creating $alu cell for $lt$rtl/ssc/snapshot_epoch_ssc.sv:68$1497, $ne$rtl/ssc/snapshot_epoch_ssc.sv:67$1495: $auto$alumacc.cc:485:replace_alu$16607
  creating $alu cell for $lt$rtl/ssc/snapshot_epoch_ssc.sv:68$1485, $ne$rtl/ssc/snapshot_epoch_ssc.sv:67$1483: $auto$alumacc.cc:485:replace_alu$16616
  creating $alu cell for $lt$rtl/ssc/snapshot_epoch_ssc.sv:66$1806, $ne$rtl/ssc/snapshot_epoch_ssc.sv:65$1804: $auto$alumacc.cc:485:replace_alu$16625
  creating $alu cell for $lt$rtl/ssc/snapshot_epoch_ssc.sv:66$1794, $ne$rtl/ssc/snapshot_epoch_ssc.sv:65$1792: $auto$alumacc.cc:485:replace_alu$16634
  creating $alu cell for $lt$rtl/ssc/snapshot_epoch_ssc.sv:66$1782, $ne$rtl/ssc/snapshot_epoch_ssc.sv:65$1780: $auto$alumacc.cc:485:replace_alu$16647
  creating $alu cell for $lt$rtl/ssc/snapshot_epoch_ssc.sv:66$1770, $ne$rtl/ssc/snapshot_epoch_ssc.sv:65$1768: $auto$alumacc.cc:485:replace_alu$16656
  creating $alu cell for $lt$rtl/ssc/snapshot_epoch_ssc.sv:66$1758, $ne$rtl/ssc/snapshot_epoch_ssc.sv:65$1756: $auto$alumacc.cc:485:replace_alu$16665
  creating $alu cell for $lt$rtl/ssc/snapshot_epoch_ssc.sv:66$1746, $ne$rtl/ssc/snapshot_epoch_ssc.sv:65$1744: $auto$alumacc.cc:485:replace_alu$16674
  creating $alu cell for $lt$rtl/ssc/snapshot_epoch_ssc.sv:66$1734, $ne$rtl/ssc/snapshot_epoch_ssc.sv:65$1732: $auto$alumacc.cc:485:replace_alu$16683
  creating $alu cell for $lt$rtl/ssc/snapshot_epoch_ssc.sv:66$1722, $ne$rtl/ssc/snapshot_epoch_ssc.sv:65$1720: $auto$alumacc.cc:485:replace_alu$16696
  creating $alu cell for $lt$rtl/ssc/snapshot_epoch_ssc.sv:66$1710, $ne$rtl/ssc/snapshot_epoch_ssc.sv:65$1708: $auto$alumacc.cc:485:replace_alu$16709
  creating $alu cell for $lt$rtl/ssc/snapshot_epoch_ssc.sv:66$1698, $ne$rtl/ssc/snapshot_epoch_ssc.sv:65$1696: $auto$alumacc.cc:485:replace_alu$16722
  creating $alu cell for $lt$rtl/ssc/snapshot_epoch_ssc.sv:66$1686, $ne$rtl/ssc/snapshot_epoch_ssc.sv:65$1684: $auto$alumacc.cc:485:replace_alu$16735
  creating $alu cell for $lt$rtl/ssc/snapshot_epoch_ssc.sv:66$1674, $ne$rtl/ssc/snapshot_epoch_ssc.sv:65$1672: $auto$alumacc.cc:485:replace_alu$16748
  creating $alu cell for $lt$rtl/ssc/snapshot_epoch_ssc.sv:66$1662, $ne$rtl/ssc/snapshot_epoch_ssc.sv:65$1660: $auto$alumacc.cc:485:replace_alu$16761
  creating $alu cell for $lt$rtl/ssc/snapshot_epoch_ssc.sv:66$1650, $ne$rtl/ssc/snapshot_epoch_ssc.sv:65$1648: $auto$alumacc.cc:485:replace_alu$16774
  creating $alu cell for $lt$rtl/ssc/snapshot_epoch_ssc.sv:66$1638, $ne$rtl/ssc/snapshot_epoch_ssc.sv:65$1636: $auto$alumacc.cc:485:replace_alu$16787
  creating $alu cell for $lt$rtl/ssc/snapshot_epoch_ssc.sv:66$1626, $ne$rtl/ssc/snapshot_epoch_ssc.sv:65$1624: $auto$alumacc.cc:485:replace_alu$16800
  creating $alu cell for $lt$rtl/ssc/snapshot_epoch_ssc.sv:66$1614, $ne$rtl/ssc/snapshot_epoch_ssc.sv:65$1612: $auto$alumacc.cc:485:replace_alu$16813
  creating $alu cell for $lt$rtl/ssc/snapshot_epoch_ssc.sv:66$1602, $ne$rtl/ssc/snapshot_epoch_ssc.sv:65$1600: $auto$alumacc.cc:485:replace_alu$16826
  creating $alu cell for $lt$rtl/ssc/snapshot_epoch_ssc.sv:66$1590, $ne$rtl/ssc/snapshot_epoch_ssc.sv:65$1588: $auto$alumacc.cc:485:replace_alu$16839
  creating $alu cell for $lt$rtl/ssc/snapshot_epoch_ssc.sv:66$1578, $ne$rtl/ssc/snapshot_epoch_ssc.sv:65$1576: $auto$alumacc.cc:485:replace_alu$16852
  creating $alu cell for $lt$rtl/ssc/snapshot_epoch_ssc.sv:66$1566, $ne$rtl/ssc/snapshot_epoch_ssc.sv:65$1564: $auto$alumacc.cc:485:replace_alu$16865
  creating $alu cell for $lt$rtl/ssc/snapshot_epoch_ssc.sv:66$1554, $ne$rtl/ssc/snapshot_epoch_ssc.sv:65$1552: $auto$alumacc.cc:485:replace_alu$16878
  creating $alu cell for $lt$rtl/ssc/snapshot_epoch_ssc.sv:66$1542, $ne$rtl/ssc/snapshot_epoch_ssc.sv:65$1540: $auto$alumacc.cc:485:replace_alu$16887
  creating $alu cell for $lt$rtl/ssc/snapshot_epoch_ssc.sv:66$1530, $ne$rtl/ssc/snapshot_epoch_ssc.sv:65$1528: $auto$alumacc.cc:485:replace_alu$16896
  creating $alu cell for $lt$rtl/ssc/snapshot_epoch_ssc.sv:66$1518, $ne$rtl/ssc/snapshot_epoch_ssc.sv:65$1516: $auto$alumacc.cc:485:replace_alu$16905
  creating $alu cell for $lt$rtl/ssc/snapshot_epoch_ssc.sv:66$1506, $ne$rtl/ssc/snapshot_epoch_ssc.sv:65$1504: $auto$alumacc.cc:485:replace_alu$16914
  creating $alu cell for $lt$rtl/ssc/snapshot_epoch_ssc.sv:66$1494, $ne$rtl/ssc/snapshot_epoch_ssc.sv:65$1492: $auto$alumacc.cc:485:replace_alu$16923
  creating $alu cell for $lt$rtl/ssc/snapshot_epoch_ssc.sv:66$1482, $ne$rtl/ssc/snapshot_epoch_ssc.sv:65$1480: $auto$alumacc.cc:485:replace_alu$16932
  creating $alu cell for $lt$rtl/ssc/snapshot_epoch_ssc.sv:64$1803, $ne$rtl/ssc/snapshot_epoch_ssc.sv:63$1801: $auto$alumacc.cc:485:replace_alu$16941
  creating $alu cell for $lt$rtl/ssc/snapshot_epoch_ssc.sv:64$1791, $ne$rtl/ssc/snapshot_epoch_ssc.sv:63$1789: $auto$alumacc.cc:485:replace_alu$16950
  creating $alu cell for $lt$rtl/ssc/snapshot_epoch_ssc.sv:64$1779, $ne$rtl/ssc/snapshot_epoch_ssc.sv:63$1777: $auto$alumacc.cc:485:replace_alu$16963
  creating $alu cell for $lt$rtl/ssc/snapshot_epoch_ssc.sv:64$1767, $ne$rtl/ssc/snapshot_epoch_ssc.sv:63$1765: $auto$alumacc.cc:485:replace_alu$16976
  creating $alu cell for $lt$rtl/ssc/snapshot_epoch_ssc.sv:64$1755, $ne$rtl/ssc/snapshot_epoch_ssc.sv:63$1753: $auto$alumacc.cc:485:replace_alu$16985
  creating $alu cell for $lt$rtl/ssc/snapshot_epoch_ssc.sv:64$1743, $ne$rtl/ssc/snapshot_epoch_ssc.sv:63$1741: $auto$alumacc.cc:485:replace_alu$16994
  creating $alu cell for $lt$rtl/ssc/snapshot_epoch_ssc.sv:64$1731, $ne$rtl/ssc/snapshot_epoch_ssc.sv:63$1729: $auto$alumacc.cc:485:replace_alu$17003
  creating $alu cell for $lt$rtl/ssc/snapshot_epoch_ssc.sv:64$1719, $ne$rtl/ssc/snapshot_epoch_ssc.sv:63$1717: $auto$alumacc.cc:485:replace_alu$17016
  creating $alu cell for $lt$rtl/ssc/snapshot_epoch_ssc.sv:64$1707, $ne$rtl/ssc/snapshot_epoch_ssc.sv:63$1705: $auto$alumacc.cc:485:replace_alu$17029
  creating $alu cell for $lt$rtl/ssc/snapshot_epoch_ssc.sv:64$1695, $ne$rtl/ssc/snapshot_epoch_ssc.sv:63$1693: $auto$alumacc.cc:485:replace_alu$17042
  creating $alu cell for $lt$rtl/ssc/snapshot_epoch_ssc.sv:64$1683, $ne$rtl/ssc/snapshot_epoch_ssc.sv:63$1681: $auto$alumacc.cc:485:replace_alu$17055
  creating $alu cell for $lt$rtl/ssc/snapshot_epoch_ssc.sv:64$1671, $ne$rtl/ssc/snapshot_epoch_ssc.sv:63$1669: $auto$alumacc.cc:485:replace_alu$17068
  creating $alu cell for $lt$rtl/ssc/snapshot_epoch_ssc.sv:64$1659, $ne$rtl/ssc/snapshot_epoch_ssc.sv:63$1657: $auto$alumacc.cc:485:replace_alu$17081
  creating $alu cell for $lt$rtl/ssc/snapshot_epoch_ssc.sv:64$1647, $ne$rtl/ssc/snapshot_epoch_ssc.sv:63$1645: $auto$alumacc.cc:485:replace_alu$17094
  creating $alu cell for $lt$rtl/ssc/snapshot_epoch_ssc.sv:64$1635, $ne$rtl/ssc/snapshot_epoch_ssc.sv:63$1633: $auto$alumacc.cc:485:replace_alu$17107
  creating $alu cell for $lt$rtl/ssc/snapshot_epoch_ssc.sv:64$1623, $ne$rtl/ssc/snapshot_epoch_ssc.sv:63$1621: $auto$alumacc.cc:485:replace_alu$17120
  creating $alu cell for $lt$rtl/ssc/snapshot_epoch_ssc.sv:64$1611, $ne$rtl/ssc/snapshot_epoch_ssc.sv:63$1609: $auto$alumacc.cc:485:replace_alu$17133
  creating $alu cell for $lt$rtl/ssc/snapshot_epoch_ssc.sv:64$1599, $ne$rtl/ssc/snapshot_epoch_ssc.sv:63$1597: $auto$alumacc.cc:485:replace_alu$17146
  creating $alu cell for $lt$rtl/ssc/snapshot_epoch_ssc.sv:64$1587, $ne$rtl/ssc/snapshot_epoch_ssc.sv:63$1585: $auto$alumacc.cc:485:replace_alu$17159
  creating $alu cell for $lt$rtl/ssc/snapshot_epoch_ssc.sv:64$1575, $ne$rtl/ssc/snapshot_epoch_ssc.sv:63$1573: $auto$alumacc.cc:485:replace_alu$17172
  creating $alu cell for $lt$rtl/ssc/snapshot_epoch_ssc.sv:64$1563, $ne$rtl/ssc/snapshot_epoch_ssc.sv:63$1561: $auto$alumacc.cc:485:replace_alu$17185
  creating $alu cell for $lt$rtl/ssc/snapshot_epoch_ssc.sv:64$1551, $ne$rtl/ssc/snapshot_epoch_ssc.sv:63$1549: $auto$alumacc.cc:485:replace_alu$17198
  creating $alu cell for $lt$rtl/ssc/snapshot_epoch_ssc.sv:64$1539, $ne$rtl/ssc/snapshot_epoch_ssc.sv:63$1537: $auto$alumacc.cc:485:replace_alu$17207
  creating $alu cell for $lt$rtl/ssc/snapshot_epoch_ssc.sv:64$1527, $ne$rtl/ssc/snapshot_epoch_ssc.sv:63$1525: $auto$alumacc.cc:485:replace_alu$17216
  creating $alu cell for $lt$rtl/ssc/snapshot_epoch_ssc.sv:64$1515, $ne$rtl/ssc/snapshot_epoch_ssc.sv:63$1513: $auto$alumacc.cc:485:replace_alu$17225
  creating $alu cell for $lt$rtl/ssc/snapshot_epoch_ssc.sv:64$1503, $ne$rtl/ssc/snapshot_epoch_ssc.sv:63$1501: $auto$alumacc.cc:485:replace_alu$17234
  creating $alu cell for $lt$rtl/ssc/snapshot_epoch_ssc.sv:64$1491, $ne$rtl/ssc/snapshot_epoch_ssc.sv:63$1489: $auto$alumacc.cc:485:replace_alu$17243
  creating $alu cell for $lt$rtl/ssc/snapshot_epoch_ssc.sv:64$1479, $ne$rtl/ssc/snapshot_epoch_ssc.sv:63$1477: $auto$alumacc.cc:485:replace_alu$17252
  creating $alu cell for $lt$rtl/ssc/snapshot_epoch_ssc.sv:109$947: $auto$alumacc.cc:485:replace_alu$17261
  creating $alu cell for $lt$rtl/ssc/snapshot_epoch_ssc.sv:109$938: $auto$alumacc.cc:485:replace_alu$17268
  creating $alu cell for $lt$rtl/ssc/snapshot_epoch_ssc.sv:109$929: $auto$alumacc.cc:485:replace_alu$17275
  creating $alu cell for $lt$rtl/ssc/snapshot_epoch_ssc.sv:109$920: $auto$alumacc.cc:485:replace_alu$17282
  creating $alu cell for $lt$rtl/ssc/snapshot_epoch_ssc.sv:109$911: $auto$alumacc.cc:485:replace_alu$17289
  creating $alu cell for $lt$rtl/ssc/snapshot_epoch_ssc.sv:109$902: $auto$alumacc.cc:485:replace_alu$17296
  creating $alu cell for $lt$rtl/ssc/snapshot_epoch_ssc.sv:109$884: $auto$alumacc.cc:485:replace_alu$17303
  creating $alu cell for $ge$rtl/ssc/snapshot_epoch_ssc.sv:172$1816: $auto$alumacc.cc:485:replace_alu$17310
  creating $alu cell for $ge$rtl/ssc/snapshot_epoch_ssc.sv:117$956: $auto$alumacc.cc:485:replace_alu$17321
  creating $alu cell for $lt$rtl/ssc/snapshot_epoch_ssc.sv:109$893: $auto$alumacc.cc:485:replace_alu$17332
  creating $alu cell for $add$rtl/ssc/snapshot_epoch_ssc.sv:126$970: $auto$alumacc.cc:485:replace_alu$17339
  creating $alu cell for $add$rtl/ssc/snapshot_epoch_ssc.sv:172$1815: $auto$alumacc.cc:485:replace_alu$17342
  created 124 $alu and 0 $macc cells.

2.13. Executing SHARE pass (SAT-based resource sharing).

2.14. Executing OPT pass (performing simple optimizations).

2.14.1. Executing OPT_EXPR pass (perform const folding).
Optimizing module snapshot_epoch_ssc.
<suppressed ~84 debug messages>

2.14.2. Executing OPT_MERGE pass (detect identical cells).
Finding identical cells in module `\snapshot_epoch_ssc'.
Removed a total of 0 cells.

2.14.3. Executing OPT_MUXTREE pass (detect dead branches in mux trees).
Running muxtree optimizer on module \snapshot_epoch_ssc..
  Creating internal representation of mux trees.
  Evaluating internal representation of mux trees.
  Analyzing evaluation results.
Removed 0 multiplexer ports.
<suppressed ~415 debug messages>

2.14.4. Executing OPT_REDUCE pass (consolidate $*mux and $reduce_* inputs).
  Optimizing cells in module \snapshot_epoch_ssc.
Performed a total of 0 changes.

2.14.5. Executing OPT_MERGE pass (detect identical cells).
Finding identical cells in module `\snapshot_epoch_ssc'.
Removed a total of 0 cells.

2.14.6. Executing OPT_DFF pass (perform DFF optimizations).

2.14.7. Executing OPT_CLEAN pass (remove unused cells and wires).
Finding unused cells or wires in module \snapshot_epoch_ssc..
Removed 84 unused cells and 290 unused wires.
<suppressed ~85 debug messages>

2.14.8. Executing OPT_EXPR pass (perform const folding).
Optimizing module snapshot_epoch_ssc.

2.14.9. Rerunning OPT passes. (Maybe there is more to do..)

2.14.10. Executing OPT_MUXTREE pass (detect dead branches in mux trees).
Running muxtree optimizer on module \snapshot_epoch_ssc..
  Creating internal representation of mux trees.
  Evaluating internal representation of mux trees.
  Analyzing evaluation results.
Removed 0 multiplexer ports.
<suppressed ~415 debug messages>

2.14.11. Executing OPT_REDUCE pass (consolidate $*mux and $reduce_* inputs).
  Optimizing cells in module \snapshot_epoch_ssc.
Performed a total of 0 changes.

2.14.12. Executing OPT_MERGE pass (detect identical cells).
Finding identical cells in module `\snapshot_epoch_ssc'.
Removed a total of 0 cells.

2.14.13. Executing OPT_DFF pass (perform DFF optimizations).

2.14.14. Executing OPT_CLEAN pass (remove unused cells and wires).
Finding unused cells or wires in module \snapshot_epoch_ssc..

2.14.15. Executing OPT_EXPR pass (perform const folding).
Optimizing module snapshot_epoch_ssc.

2.14.16. Finished OPT passes. (There is nothing left to do.)

2.15. Executing MEMORY pass.

2.15.1. Executing OPT_MEM pass (optimize memories).
Performed a total of 0 transformations.

2.15.2. Executing OPT_MEM_PRIORITY pass (removing unnecessary memory write priority relations).
Performed a total of 0 transformations.

2.15.3. Executing OPT_MEM_FEEDBACK pass (finding memory read-to-write feedback paths).

2.15.4. Executing MEMORY_BMUX2ROM pass (converting muxes to ROMs).

2.15.5. Executing MEMORY_DFF pass (merging $dff cells to $memrd).

2.15.6. Executing OPT_CLEAN pass (remove unused cells and wires).
Finding unused cells or wires in module \snapshot_epoch_ssc..

2.15.7. Executing MEMORY_SHARE pass (consolidating $memrd/$memwr cells).

2.15.8. Executing OPT_MEM_WIDEN pass (optimize memories where all ports are wide).
Performed a total of 0 transformations.

2.15.9. Executing OPT_CLEAN pass (remove unused cells and wires).
Finding unused cells or wires in module \snapshot_epoch_ssc..

2.15.10. Executing MEMORY_COLLECT pass (generating $mem cells).

2.16. Executing OPT_CLEAN pass (remove unused cells and wires).
Finding unused cells or wires in module \snapshot_epoch_ssc..

2.17. Executing OPT pass (performing simple optimizations).

2.17.1. Executing OPT_EXPR pass (perform const folding).
Optimizing module snapshot_epoch_ssc.
<suppressed ~773 debug messages>

2.17.2. Executing OPT_MERGE pass (detect identical cells).
Finding identical cells in module `\snapshot_epoch_ssc'.
<suppressed ~12 debug messages>
Removed a total of 4 cells.

2.17.3. Executing OPT_DFF pass (perform DFF optimizations).

2.17.4. Executing OPT_CLEAN pass (remove unused cells and wires).
Finding unused cells or wires in module \snapshot_epoch_ssc..
Removed 4 unused cells and 763 unused wires.
<suppressed ~5 debug messages>

2.17.5. Finished fast OPT passes.

2.18. Executing MEMORY_MAP pass (converting memories to logic and flip-flops).

2.19. Executing OPT pass (performing simple optimizations).

2.19.1. Executing OPT_EXPR pass (perform const folding).
Optimizing module snapshot_epoch_ssc.
<suppressed ~1 debug messages>

2.19.2. Executing OPT_MERGE pass (detect identical cells).
Finding identical cells in module `\snapshot_epoch_ssc'.
<suppressed ~3 debug messages>
Removed a total of 1 cells.

2.19.3. Executing OPT_MUXTREE pass (detect dead branches in mux trees).
Running muxtree optimizer on module \snapshot_epoch_ssc..
  Creating internal representation of mux trees.
  Evaluating internal representation of mux trees.
  Analyzing evaluation results.
Removed 0 multiplexer ports.
<suppressed ~412 debug messages>

2.19.4. Executing OPT_REDUCE pass (consolidate $*mux and $reduce_* inputs).
  Optimizing cells in module \snapshot_epoch_ssc.
Performed a total of 0 changes.

2.19.5. Executing OPT_MERGE pass (detect identical cells).
Finding identical cells in module `\snapshot_epoch_ssc'.
Removed a total of 0 cells.

2.19.6. Executing OPT_SHARE pass.

2.19.7. Executing OPT_DFF pass (perform DFF optimizations).

2.19.8. Executing OPT_CLEAN pass (remove unused cells and wires).
Finding unused cells or wires in module \snapshot_epoch_ssc..
Removed 0 unused cells and 1 unused wires.
<suppressed ~1 debug messages>

2.19.9. Executing OPT_EXPR pass (perform const folding).
Optimizing module snapshot_epoch_ssc.

2.19.10. Rerunning OPT passes. (Maybe there is more to do..)

2.19.11. Executing OPT_MUXTREE pass (detect dead branches in mux trees).
Running muxtree optimizer on module \snapshot_epoch_ssc..
  Creating internal representation of mux trees.
  Evaluating internal representation of mux trees.
  Analyzing evaluation results.
Removed 0 multiplexer ports.
<suppressed ~412 debug messages>

2.19.12. Executing OPT_REDUCE pass (consolidate $*mux and $reduce_* inputs).
  Optimizing cells in module \snapshot_epoch_ssc.
Performed a total of 0 changes.

2.19.13. Executing OPT_MERGE pass (detect identical cells).
Finding identical cells in module `\snapshot_epoch_ssc'.
Removed a total of 0 cells.

2.19.14. Executing OPT_SHARE pass.

2.19.15. Executing OPT_DFF pass (perform DFF optimizations).

2.19.16. Executing OPT_CLEAN pass (remove unused cells and wires).
Finding unused cells or wires in module \snapshot_epoch_ssc..

2.19.17. Executing OPT_EXPR pass (perform const folding).
Optimizing module snapshot_epoch_ssc.

2.19.18. Finished OPT passes. (There is nothing left to do.)

2.20. Executing TECHMAP pass (map to technology primitives).

2.20.1. Executing Verilog-2005 frontend: /usr/bin/../share/yosys/techmap.v
Parsing Verilog input from `/usr/bin/../share/yosys/techmap.v' to AST representation.
Generating RTLIL representation for module `\_90_simplemap_bool_ops'.
Generating RTLIL representation for module `\_90_simplemap_reduce_ops'.
Generating RTLIL representation for module `\_90_simplemap_logic_ops'.
Generating RTLIL representation for module `\_90_simplemap_compare_ops'.
Generating RTLIL representation for module `\_90_simplemap_various'.
Generating RTLIL representation for module `\_90_simplemap_registers'.
Generating RTLIL representation for module `\_90_shift_ops_shr_shl_sshl_sshr'.
Generating RTLIL representation for module `\_90_shift_shiftx'.
Generating RTLIL representation for module `\_90_fa'.
Generating RTLIL representation for module `\_90_lcu'.
Generating RTLIL representation for module `\_90_alu'.
Generating RTLIL representation for module `\_90_macc'.
Generating RTLIL representation for module `\_90_alumacc'.
Generating RTLIL representation for module `\$__div_mod_u'.
Generating RTLIL representation for module `\$__div_mod_trunc'.
Generating RTLIL representation for module `\_90_div'.
Generating RTLIL representation for module `\_90_mod'.
Generating RTLIL representation for module `\$__div_mod_floor'.
Generating RTLIL representation for module `\_90_divfloor'.
Generating RTLIL representation for module `\_90_modfloor'.
Generating RTLIL representation for module `\_90_pow'.
Generating RTLIL representation for module `\_90_pmux'.
Generating RTLIL representation for module `\_90_demux'.
Generating RTLIL representation for module `\_90_lut'.
Successfully finished Verilog frontend.

2.20.2. Continuing TECHMAP pass.
Using extmapper simplemap for cells of type $not.
Using extmapper simplemap for cells of type $reduce_and.
Using extmapper simplemap for cells of type $or.
Using extmapper simplemap for cells of type $logic_and.
Using extmapper simplemap for cells of type $logic_not.
Using template $paramod$6412f7f13655de512a17af2c71a87b50b4a57324\_90_alu for cells of type $alu.
Using template $paramod$2653f68ddb8eab7b1907b4a20767b72a824a7a36\_90_alu for cells of type $alu.
Using extmapper simplemap for cells of type $eq.
Using template $paramod$7b00947614a4c48e09c066dca449366ddfa907a5\_90_alu for cells of type $alu.
Using template $paramod$19e2580c9084a01134cf124dfa77fb4500b707f9\_90_alu for cells of type $alu.
Using template $paramod$ea1a2c42d25695392cd8ecab35daf131163c81ce\_90_alu for cells of type $alu.
Using template $paramod$75524899e703057cb201098abf923efd7541afd1\_90_alu for cells of type $alu.
Using template $paramod$a6d3536e638f739207e3b49a2e88fb3fe44416ec\_90_alu for cells of type $alu.
Using template $paramod$06a9a25e193457b564e50ab7b7ad40e176246e9c\_90_alu for cells of type $alu.
Using extmapper simplemap for cells of type $logic_or.
Using template $paramod$33f00cc5b4b973d21261e3b4c4c09490b8e44e83\_90_alu for cells of type $alu.
Using template $paramod$fbc7873bff55778c0b3173955b7e4bce1d9d6834\_90_alu for cells of type $alu.
Using extmapper simplemap for cells of type $reduce_bool.
Using template $paramod$8da92c8bd2ee0fd8438498259b09c89daae7cb8e\_90_alu for cells of type $alu.
Using extmapper simplemap for cells of type $dffe.
Using extmapper simplemap for cells of type $mux.
Using extmapper simplemap for cells of type $ne.
Using extmapper simplemap for cells of type $xor.
Using extmapper simplemap for cells of type $reduce_or.
Using template $paramod$49f1dc3dcd6d2c748486fe94c6744a34a19bbafe\_90_pmux for cells of type $pmux.
Using template $paramod$fd83f0dc90bc6cfa066a0ab3a52828ecd0c3243c\_90_pmux for cells of type $pmux.
Using extmapper simplemap for cells of type $adffe.
Using extmapper simplemap for cells of type $adff.
Using template $paramod\_90_lcu\WIDTH=32'00000000000000000000000000011110 for cells of type $lcu.
Using extmapper simplemap for cells of type $and.
Using extmapper simplemap for cells of type $pos.
Using template $paramod\_90_lcu\WIDTH=32'00000000000000000000000000100000 for cells of type $lcu.
Using template $paramod\_90_lcu\WIDTH=32'00000000000000000000000000011111 for cells of type $lcu.
Using template $paramod\_90_lcu\WIDTH=32'00000000000000000000000000011101 for cells of type $lcu.
No more expansions possible.
<suppressed ~20767 debug messages>

2.21. Executing OPT pass (performing simple optimizations).

2.21.1. Executing OPT_EXPR pass (perform const folding).
Optimizing module snapshot_epoch_ssc.
<suppressed ~5943 debug messages>

2.21.2. Executing OPT_MERGE pass (detect identical cells).
Finding identical cells in module `\snapshot_epoch_ssc'.
<suppressed ~9462 debug messages>
Removed a total of 3154 cells.

2.21.3. Executing OPT_DFF pass (perform DFF optimizations).

2.21.4. Executing OPT_CLEAN pass (remove unused cells and wires).
Finding unused cells or wires in module \snapshot_epoch_ssc..
Removed 9978 unused cells and 10820 unused wires.
<suppressed ~9979 debug messages>

2.21.5. Finished fast OPT passes.

2.22. Executing ABC pass (technology mapping using ABC).

2.22.1. Extracting gate netlist of module `\snapshot_epoch_ssc' to `<abc-temp-dir>/input.blif'..
Extracted 40130 gates and 42123 wires to a netlist network with 1992 inputs and 2088 outputs.

2.22.1.1. Executing ABC.
Running ABC command: "<yosys-exe-dir>/yosys-abc" -s -f <abc-temp-dir>/abc.script 2>&1
ABC: ABC command line: "source <abc-temp-dir>/abc.script".
ABC: 
ABC: + read_blif <abc-temp-dir>/input.blif 
ABC: + read_library <abc-temp-dir>/stdcells.genlib 
ABC: Entered genlib library with 13 gates from file "<abc-temp-dir>/stdcells.genlib".
ABC: + strash 
ABC: + dretime 
ABC: + map 
ABC: + write_blif <abc-temp-dir>/output.blif 

2.22.1.2. Re-integrating ABC results.
ABC RESULTS:              XNOR cells:      447
ABC RESULTS:               XOR cells:     4249
ABC RESULTS:               NOR cells:       90
ABC RESULTS:               NOT cells:     3993
ABC RESULTS:               AND cells:     1071
ABC RESULTS:             ORNOT cells:     1309
ABC RESULTS:              NAND cells:     1952
ABC RESULTS:                OR cells:     3476
ABC RESULTS:               MUX cells:    12666
ABC RESULTS:            ANDNOT cells:    10784
ABC RESULTS:        internal signals:    38043
ABC RESULTS:           input signals:     1992
ABC RESULTS:          output signals:     2088
Removing temp directory.

2.23. Executing OPT pass (performing simple optimizations).

2.23.1. Executing OPT_EXPR pass (perform const folding).
Optimizing module snapshot_epoch_ssc.
<suppressed ~2 debug messages>

2.23.2. Executing OPT_MERGE pass (detect identical cells).
Finding identical cells in module `\snapshot_epoch_ssc'.
<suppressed ~3 debug messages>
Removed a total of 1 cells.

2.23.3. Executing OPT_DFF pass (perform DFF optimizations).

2.23.4. Executing OPT_CLEAN pass (remove unused cells and wires).
Finding unused cells or wires in module \snapshot_epoch_ssc..
Removed 1 unused cells and 13344 unused wires.
<suppressed ~2 debug messages>

2.23.5. Finished fast OPT passes.

2.24. Executing HIERARCHY pass (managing design hierarchy).

2.24.1. Analyzing design hierarchy..
Top module:  \snapshot_epoch_ssc

2.24.2. Analyzing design hierarchy..
Top module:  \snapshot_epoch_ssc
Removed 0 unused modules.

2.25. Printing statistics.

=== snapshot_epoch_ssc ===

   Number of wires:              38077
   Number of wire bits:          42125
   Number of public wires:          72
   Number of public wire bits:    2314
   Number of memories:               0
   Number of memory bits:            0
   Number of processes:              0
   Number of cells:              41894
     $_ANDNOT_                   10784
     $_AND_                       1070
     $_DFFE_PN0N_                    1
     $_DFFE_PN0P_                   65
     $_DFFE_PP_                   1792
     $_DFF_PN0_                      1
     $_MUX_                      12666
     $_NAND_                      1952
     $_NOR_                         90
     $_NOT_                       3992
     $_ORNOT_                     1309
     $_OR_                        3476
     $_XNOR_                       447
     $_XOR_                       4249

2.26. Executing CHECK pass (checking for obvious problems).
Checking module snapshot_epoch_ssc...
Found and reported 0 problems.

3. Printing statistics.

=== snapshot_epoch_ssc ===

   Number of wires:              38077
   Number of wire bits:          42125
   Number of public wires:          72
   Number of public wire bits:    2314
   Number of memories:               0
   Number of memory bits:            0
   Number of processes:              0
   Number of cells:              41894
     $_ANDNOT_                   10784
     $_AND_                       1070
     $_DFFE_PN0N_                    1
     $_DFFE_PN0P_                   65
     $_DFFE_PP_                   1792
     $_DFF_PN0_                      1
     $_MUX_                      12666
     $_NAND_                      1952
     $_NOR_                         90
     $_NOT_                       3992
     $_ORNOT_                     1309
     $_OR_                        3476
     $_XNOR_                       447
     $_XOR_                       4249

Warnings: 6 unique messages, 6 total
End of script. Logfile hash: 57cce74161, CPU: user 25.36s system 0.18s, MEM: 252.77 MB peak
Yosys 0.33 (git sha1 2584903a060)
Time spent: 21% 5x proc_mux (6 sec), 21% 26x opt_expr (6 sec), ...
